ride_id,ride_date,pickup_latitude,pickup_longitude,dropoff_latitude,dropoff_longitude,pickup_time,dropoff_time,weather_condition
1,2024-11-23,14.821188,120.27866,14.817808,120.284536,17:14:08,17:19:58,Partly Cloudy
2,2024-10-28,14.836718,120.278045,14.887787,120.237107,17:44:27,18:18:58,Cloudy
3,2024-10-09,14.839244,120.284392,14.819254,120.284125,18:36:12,18:50:11,Partly Cloudy
4,2024-12-15,14.822963,120.287479,14.835754,120.281792,20:40:10,20:48:25,Clear
5,2024-01-17,14.833106,120.281956,14.851268,120.262787,14:17:04,14:29:47,Clear
6,2024-10-14,14.80592,120.32281,14.818245,120.281613,18:57:37,19:28:36,Thunderstorm with Hail
7,2024-09-27,14.820576,120.284222,14.819094,120.283982,17:43:46,17:47:32,Fog
8,2024-02-24,14.829612,120.298775,14.87773,120.232727,12:53:40,13:27:15,Clear
9,2024-07-04,14.835776,120.282372,14.849188,120.253847,12:15:03,12:33:04,Rain Showers
10,2024-03-25,14.826877,120.272743,14.84102,120.286626,18:13:59,18:28:29,Clear
11,2024-04-22,14.841448,120.286716,14.840186,120.285667,17:14:04,17:18:12,Clear
12,2024-02-19,14.824716,120.281099,14.848306,120.254794,13:27:26,13:39:28,Clear
13,2024-08-17,14.840319,120.283762,14.821846,120.273108,07:15:55,07:29:14,Partly Cloudy
14,2024-07-24,14.873619,120.234936,14.824358,120.277693,10:24:00,10:52:55,Mostly Clear
15,2024-05-31,14.85171,120.256212,14.842539,120.287585,08:34:03,08:49:34,Clear
16,2024-10-18,14.824122,120.279545,14.824743,120.283153,19:05:26,19:10:02,Clear
17,2024-11-14,14.833523,120.281834,14.825161,120.277077,09:04:34,09:09:48,Drizzle
18,2024-11-30,14.765074,120.293474,14.851581,120.25685,19:19:59,20:23:00,Cloudy
19,2024-01-27,14.828691,120.287378,14.82912,120.287167,07:02:00,07:04:44,Mostly Clear
20,2024-10-09,14.848718,120.2904,14.824724,120.277693,07:23:57,07:37:45,Partly Cloudy
21,2024-03-24,14.824572,120.280915,14.820798,120.27464,10:56:26,11:02:27,Clear
22,2024-01-20,14.868308,120.291625,14.842563,120.288174,11:12:52,11:25:27,Cloudy
23,2024-06-28,14.823675,120.287989,14.851728,120.263838,14:43:53,15:03:41,Light Rain
24,2024-06-09,14.85712,120.289776,14.836186,120.282621,17:24:57,17:42:56,Partly Cloudy
25,2024-06-09,14.805648,120.322981,14.836436,120.290303,09:46:57,10:02:24,Heavy Rain
26,2024-11-11,14.830437,120.289229,14.834742,120.282017,06:19:18,06:24:48,Drizzle
27,2024-11-13,14.805287,120.322904,14.84,120.28522,17:43:19,18:17:24,Partly Cloudy
28,2024-12-01,14.827578,120.281476,14.820071,120.283719,09:49:27,09:55:01,Mostly Clear
29,2024-10-13,14.830122,120.29828,14.821303,120.273875,18:39:52,18:52:38,Drizzle
30,2024-05-20,14.839461,120.282904,14.840002,120.2852,17:17:21,17:21:08,Light Drizzle
31,2024-10-26,14.819346,120.283991,14.842806,120.286468,05:54:56,06:07:57,Light Drizzle
32,2024-11-04,14.838176,120.283958,14.824805,120.280285,15:14:17,15:23:30,Clear
33,2024-07-20,14.820082,120.284507,14.821506,120.273506,17:41:27,17:48:02,Clear
34,2024-10-03,14.823654,120.300597,14.848832,120.315184,17:41:04,18:00:25,Light Rain
35,2024-03-26,14.820533,120.284476,14.829569,120.286985,22:45:07,22:52:15,Clear
36,2024-10-30,14.849003,120.264207,14.836579,120.289719,21:15:06,21:26:53,Clear
37,2024-11-27,14.821813,120.272697,14.824168,120.289351,18:06:27,18:17:23,Light Rain
38,2024-05-17,14.851243,120.263447,14.824072,120.280169,06:17:56,06:41:04,Light Drizzle
39,2024-10-11,14.824154,120.279404,14.764684,120.25306,17:15:46,17:55:50,Light Drizzle
40,2024-06-25,14.887323,120.238141,14.824451,120.289218,18:22:44,19:02:27,Light Rain
41,2024-11-01,14.824016,120.289416,14.818915,120.284782,06:18:14,06:22:58,Partly Cloudy
42,2024-09-02,14.832863,120.285499,14.839337,120.284693,06:16:55,06:22:22,Light Drizzle
43,2024-11-12,14.825686,120.282179,14.822745,120.272834,18:58:28,19:07:06,Light Drizzle
44,2024-03-21,14.830694,120.289286,14.841633,120.283498,19:30:18,19:37:46,Clear
45,2024-03-17,14.829192,120.286703,14.83644,120.290302,10:04:03,10:09:48,Mostly Clear
46,2024-09-09,14.82796,120.281464,14.828861,120.285524,18:47:20,18:50:41,Fog
47,2024-08-14,14.822509,120.272608,14.877345,120.235586,10:37:27,11:10:22,Partly Cloudy
48,2024-07-24,14.818152,120.284553,14.824241,120.278564,16:02:29,16:06:45,Clear
49,2024-09-22,14.85703,120.2897,14.819539,120.28408,19:28:48,19:50:04,Cloudy
50,2024-04-25,14.823841,120.300475,14.840395,120.286367,09:29:07,09:39:26,Clear
51,2024-04-07,14.841452,120.285709,14.821704,120.299017,16:47:56,17:03:07,Cloudy
52,2024-10-23,14.839364,120.28407,14.775652,120.308469,15:55:09,16:18:16,Cloudy
53,2024-07-29,14.806292,120.323481,14.824137,120.301185,19:58:51,20:17:21,Heavy Rain
54,2024-01-08,14.82819,120.28611,14.822511,120.30134,14:55:41,15:04:17,Mostly Clear
55,2024-06-11,14.824453,120.279608,14.822546,120.29842,15:55:34,16:07:13,Rain
56,2024-08-15,14.805491,120.322691,14.822748,120.301441,06:02:20,06:13:57,Heavy Rain
57,2024-03-14,14.819267,120.284306,14.820968,120.279075,18:16:42,18:22:45,Clear
58,2024-07-15,14.849116,120.254623,14.821492,120.283471,09:15:24,09:31:39,Light Rain
59,2024-01-26,14.815641,120.316164,14.876786,120.232356,22:31:53,23:10:28,Partly Cloudy
60,2024-03-11,14.835999,120.289887,14.839815,120.283626,21:41:02,21:45:58,Mostly Clear
61,2024-07-06,14.776089,120.307983,14.828288,120.294818,17:16:58,17:43:38,Heavy Rain Showers
62,2024-10-12,14.826722,120.280339,14.824632,120.27773,17:16:34,17:19:37,Drizzle
63,2024-11-27,14.824898,120.277305,14.836536,120.290118,19:19:41,19:30:02,Cloudy
64,2024-03-20,14.877608,120.235066,14.819807,120.284512,21:06:53,21:33:55,Partly Cloudy
65,2024-10-05,14.816164,120.284012,14.843003,120.286269,21:22:03,21:33:11,Light Rain
66,2024-05-04,14.815224,120.283124,14.821546,120.274517,20:13:04,20:18:39,Heavy Rain
67,2024-03-07,14.832888,120.282287,14.835817,120.282277,17:42:55,17:46:54,Mostly Clear
68,2024-02-25,14.819715,120.278737,14.830255,120.289244,08:02:46,08:11:04,Clear
69,2024-11-07,14.82356,120.289555,14.823562,120.287783,08:40:37,08:44:26,Partly Cloudy
70,2024-08-19,14.824485,120.279998,14.839501,120.283816,14:21:52,14:27:22,Rain
71,2024-02-17,14.825227,120.282083,14.822878,120.286854,18:51:08,18:55:34,Mostly Clear
72,2024-10-22,14.826475,120.287072,14.830089,120.297965,07:14:54,07:21:34,Rain Showers
73,2024-12-21,14.842455,120.287551,14.822676,120.300731,08:48:19,09:02:00,Clear
74,2024-06-08,14.823153,120.287379,14.840756,120.286909,20:38:05,20:46:11,Partly Cloudy
75,2024-09-19,14.82113,120.275426,14.819285,120.284778,07:43:43,07:49:45,Fog
76,2024-08-08,14.868023,120.291935,14.877007,120.231925,08:14:32,08:49:25,Partly Cloudy
77,2024-07-26,14.820209,120.276702,14.82256,120.298794,08:29:53,08:44:24,Drizzle
78,2024-09-28,14.824226,120.27994,14.83941,120.284841,18:22:46,18:30:26,Light Drizzle
79,2024-10-23,14.830228,120.289349,14.856385,120.289475,19:41:40,20:02:00,Clear
80,2024-07-07,14.842748,120.281677,14.817136,120.283694,09:41:55,09:59:30,Light Drizzle
81,2024-04-06,14.819951,120.284083,14.823982,120.289787,17:03:28,17:09:14,Clear
82,2024-07-28,14.829035,120.280453,14.82356,120.300355,21:38:03,21:48:13,Rain
83,2024-06-19,14.842694,120.287528,14.849069,120.290243,18:19:41,18:24:57,Rime Fog
84,2024-11-26,14.837732,120.279572,14.829003,120.287173,16:23:01,16:31:18,Mostly Clear
85,2024-10-03,14.887721,120.237785,14.819407,120.284603,16:02:42,16:31:59,Cloudy
86,2024-07-29,14.829525,120.280272,14.839847,120.284962,18:39:18,18:47:56,Light Rain
87,2024-09-14,14.856704,120.28996,14.851774,120.262458,17:51:38,18:07:14,Mostly Clear
88,2024-08-11,14.819982,120.284275,14.821524,120.274116,18:56:22,19:02:11,Clear
89,2024-08-29,14.836146,120.286569,14.792101,120.294522,10:48:45,11:08:14,Light Rain
90,2024-05-01,14.828752,120.287079,14.829233,120.298387,07:40:50,07:51:37,Clear
91,2024-12-08,14.805441,120.322892,14.821622,120.271716,17:33:34,17:58:19,Partly Cloudy
92,2024-10-24,14.84211,120.287031,14.887255,120.236751,13:08:02,13:41:22,Light Rain
93,2024-08-22,14.823952,120.289407,14.828065,120.294646,06:56:02,07:02:34,Light Rain
94,2024-08-11,14.833083,120.286095,14.887151,120.238061,22:28:57,23:06:36,Cloudy
95,2024-04-02,14.848934,120.264992,14.8291,120.28641,06:20:42,06:38:52,Clear
96,2024-12-09,14.828788,120.294992,14.829057,120.286857,13:32:51,13:38:31,Mostly Clear
97,2024-10-17,14.829116,120.287429,14.836678,120.277992,07:23:23,07:29:44,Light Rain
98,2024-12-26,14.877334,120.233516,14.825486,120.280191,18:44:58,19:16:23,Partly Cloudy
99,2024-05-28,14.835317,120.287408,14.824336,120.279909,10:45:45,10:50:46,Partly Cloudy
100,2024-07-07,14.88699,120.237433,14.824927,120.280145,17:39:56,18:23:01,Cloudy
101,2024-10-09,14.838512,120.283483,14.837414,120.283391,10:49:08,10:51:53,Rain Showers
102,2024-05-25,14.832577,120.285151,14.837044,120.27831,12:12:40,12:17:00,Partly Cloudy
103,2024-11-05,14.827368,120.281312,14.823833,120.280068,17:52:55,17:57:48,Cloudy
104,2024-12-16,14.83944,120.284684,14.823588,120.299826,19:03:10,19:22:37,Mostly Clear
105,2024-08-26,14.821283,120.278543,14.841171,120.286902,06:06:03,06:17:30,Fog
106,2024-06-06,14.827054,120.281886,14.824711,120.279862,07:32:29,07:36:38,Light Rain
107,2024-07-25,14.823084,120.300356,14.856459,120.289614,08:35:12,09:02:26,Light Drizzle
108,2024-07-06,14.816224,120.283646,14.839221,120.283863,11:38:32,11:46:24,Rain Showers
109,2024-06-12,14.839322,120.283939,14.76471,120.253062,19:53:19,20:40:43,Rain
110,2024-11-18,14.835949,120.2901,14.764515,120.252701,19:50:49,20:46:28,Mostly Clear
111,2024-08-13,14.847998,120.253974,14.818692,120.283922,08:13:26,08:42:01,Cloudy
112,2024-09-29,14.824929,120.277559,14.765422,120.29286,08:43:41,09:14:20,Cloudy
113,2024-10-13,14.824238,120.28363,14.821493,120.277884,22:17:18,22:21:49,Light Rain
114,2024-06-26,14.775481,120.3077,14.877061,120.232847,21:16:47,22:05:04,Dense Drizzle
115,2024-09-28,14.839096,120.284805,14.835727,120.283716,06:26:21,06:31:34,Partly Cloudy
116,2024-11-26,14.826697,120.273452,14.837644,120.283995,19:36:14,19:48:32,Heavy Rain Showers
117,2024-05-28,14.837233,120.26819,14.83498,120.287481,05:19:36,05:31:51,Clear
118,2024-02-27,14.826415,120.272606,14.849304,120.254015,19:16:45,19:38:14,Clear
119,2024-03-12,14.828188,120.294837,14.836178,120.289695,17:16:24,17:24:41,Mostly Clear
120,2024-12-26,14.86792,120.292191,14.805965,120.322888,22:07:40,22:35:40,Partly Cloudy
121,2024-08-29,14.817429,120.28087,14.820832,120.278574,21:52:13,21:54:38,Rain
122,2024-09-15,14.824157,120.279352,14.824349,120.279415,17:20:54,17:24:49,Rain
123,2024-01-12,14.829356,120.282055,14.820678,120.275768,19:13:37,19:23:40,Partly Cloudy
124,2024-08-03,14.842337,120.287078,14.821133,120.278776,18:55:58,19:08:30,Clear
125,2024-01-12,14.820418,120.275609,14.823039,120.287623,15:43:46,15:49:23,Cloudy
126,2024-08-02,14.821551,120.298626,14.764595,120.252877,05:15:13,05:43:35,Light Rain
127,2024-01-29,14.856681,120.29023,14.821502,120.279103,17:52:58,18:20:51,Light Drizzle
128,2024-03-30,14.838927,120.284031,14.887042,120.237448,14:35:31,15:05:34,Mostly Clear
129,2024-05-03,14.841643,120.286582,14.824714,120.282101,12:54:45,13:04:14,Clear
130,2024-08-18,14.815413,120.283865,14.851693,120.256339,09:34:46,09:54:38,Partly Cloudy
131,2024-04-16,14.826501,120.28312,14.84203,120.282804,13:19:58,13:26:42,Drizzle
132,2024-10-09,14.824806,120.280288,14.841889,120.287743,07:34:41,07:48:52,Partly Cloudy
133,2024-03-15,14.83684,120.277618,14.821209,120.273341,19:37:46,19:45:54,Mostly Clear
134,2024-03-27,14.825241,120.279965,14.877559,120.235035,13:10:08,13:32:28,Partly Cloudy
135,2024-01-04,14.805455,120.322162,14.825308,120.279901,17:04:45,17:27:49,Partly Cloudy
136,2024-10-01,14.849356,120.264798,14.838757,120.283219,05:32:52,05:41:25,Cloudy
137,2024-07-22,14.83778,120.285096,14.835222,120.287757,18:36:15,18:39:25,Mostly Clear
138,2024-09-12,14.849218,120.254897,14.806038,120.322837,21:50:21,22:18:31,Clear
139,2024-02-08,14.821645,120.271623,14.825313,120.280079,12:57:34,13:02:34,Clear
140,2024-03-24,14.827038,120.279893,14.828966,120.280116,18:43:57,18:48:30,Partly Cloudy
141,2024-10-31,14.824136,120.279902,14.822064,120.27227,17:40:17,17:46:52,Partly Cloudy
142,2024-07-13,14.829328,120.282215,14.837065,120.278987,21:09:47,21:15:40,Light Drizzle
143,2024-09-19,14.83041,120.289369,14.826356,120.282658,07:35:05,07:42:48,Mostly Clear
144,2024-05-17,14.888024,120.237324,14.837136,120.278773,17:10:27,18:06:05,Fog
145,2024-07-13,14.838179,120.283021,14.81559,120.283998,13:28:21,13:38:55,Cloudy
146,2024-06-12,14.827365,120.280283,14.828429,120.281501,18:36:50,18:40:08,Light Rain
147,2024-08-12,14.78973,120.281928,14.820016,120.284297,22:04:52,22:18:05,Cloudy
148,2024-11-02,14.839463,120.283418,14.78923,120.281589,08:59:58,09:29:06,Drizzle
149,2024-10-15,14.828174,120.28625,14.830672,120.28931,21:41:25,21:45:18,Partly Cloudy
150,2024-07-10,14.805945,120.322752,14.81935,120.28342,19:44:32,20:07:40,Cloudy
151,2024-02-19,14.818341,120.281709,14.823634,120.287145,18:04:19,18:10:16,Mostly Clear
152,2024-07-26,14.838321,120.283332,14.824669,120.280016,10:40:42,10:50:10,Rain
153,2024-02-02,14.815272,120.283397,14.851066,120.262767,19:11:23,19:35:39,Cloudy
154,2024-12-27,14.82048,120.276666,14.856703,120.290079,20:37:05,20:52:55,Mostly Clear
155,2024-09-06,14.835322,120.288059,14.829399,120.28784,22:58:41,23:03:29,Cloudy
156,2024-04-09,14.877064,120.235449,14.828256,120.285442,16:32:41,16:54:49,Clear
157,2024-10-02,14.82158,120.273124,14.851245,120.25686,19:47:49,20:04:47,Mostly Clear
158,2024-11-30,14.82436,120.279434,14.843041,120.287576,12:55:02,13:03:23,Cloudy
159,2024-12-29,14.841376,120.286503,14.832824,120.282349,14:10:39,14:17:12,Clear
160,2024-05-16,14.820075,120.283725,14.841551,120.286542,16:57:43,17:06:38,Clear
161,2024-06-13,14.841177,120.286215,14.822808,120.272761,21:25:31,21:37:49,Dense Drizzle
162,2024-07-07,14.847938,120.254319,14.825399,120.282049,19:00:55,19:22:55,Rain
163,2024-06-21,14.817902,120.28125,14.839741,120.28404,07:50:21,08:02:25,Heavy Rain
164,2024-11-28,14.835739,120.282242,14.820392,120.275906,18:05:41,18:20:47,Clear
165,2024-10-30,14.823685,120.279137,14.849727,120.265234,17:00:44,17:19:21,Rain
166,2024-03-09,14.822966,120.28711,14.83621,120.282718,21:09:04,21:16:43,Fog
167,2024-02-14,14.819292,120.278558,14.84292,120.287407,10:48:07,10:58:54,Partly Cloudy
168,2024-12-19,14.877181,120.231225,14.820493,120.276902,18:13:33,18:55:27,Clear
169,2024-07-03,14.764643,120.293127,14.838939,120.284257,10:24:55,10:50:55,Partly Cloudy
170,2024-01-31,14.821863,120.272755,14.83003,120.298908,14:32:18,14:46:11,Mostly Clear
171,2024-04-14,14.829006,120.281247,14.822759,120.27269,10:34:20,10:38:53,Clear
172,2024-08-10,14.820562,120.275222,14.849596,120.264722,17:19:42,17:38:09,Light Rain
173,2024-05-17,14.824897,120.280259,14.820592,120.283511,09:49:57,09:53:36,Mostly Clear
174,2024-10-17,14.829172,120.287148,14.836539,120.283353,06:57:36,07:03:51,Light Rain
175,2024-12-31,14.823595,120.279767,14.837269,120.283226,14:14:20,14:23:41,Mostly Clear
176,2024-01-24,14.8415,120.286952,14.820433,120.284091,09:56:29,10:05:37,Clear
177,2024-07-07,14.819479,120.284051,14.827824,120.285879,17:46:57,17:52:54,Light Rain
178,2024-06-06,14.849077,120.290989,14.819261,120.28368,17:26:31,17:45:25,Fog
179,2024-11-22,14.822151,120.298619,14.824373,120.288745,09:37:36,09:42:18,Cloudy
180,2024-04-29,14.848887,120.265383,14.821689,120.298552,08:06:09,08:37:15,Partly Cloudy
181,2024-11-04,14.827974,120.287027,14.826735,120.283888,18:09:05,18:12:03,Mostly Clear
182,2024-03-12,14.826897,120.279844,14.838434,120.283428,06:08:12,06:14:12,Light Drizzle
183,2024-06-18,14.820638,120.283865,14.826449,120.283305,17:10:59,17:16:03,Partly Cloudy
184,2024-05-31,14.82452,120.277211,14.831075,120.288354,18:03:05,18:11:46,Mostly Clear
185,2024-10-16,14.8406,120.286331,14.876798,120.232309,06:01:20,06:47:40,Light Drizzle
186,2024-01-29,14.843634,120.281521,14.828837,120.281949,11:36:54,11:43:24,Partly Cloudy
187,2024-12-26,14.822074,120.271685,14.843239,120.286118,20:36:09,20:50:53,Clear
188,2024-09-26,14.835211,120.287856,14.789212,120.281618,08:12:51,08:34:49,Cloudy
189,2024-12-05,14.847842,120.254611,14.83832,120.282969,07:20:08,07:38:52,Cloudy
190,2024-07-12,14.817949,120.280767,14.84178,120.28306,17:11:46,17:25:04,Fog
191,2024-06-18,14.829628,120.287534,14.822742,120.286825,11:22:20,11:26:56,Clear
192,2024-05-11,14.829383,120.281614,14.847798,120.254603,22:00:03,22:18:45,Rime Fog
193,2024-11-29,14.822652,120.301854,14.789828,120.282016,11:10:28,11:27:49,Light Drizzle
194,2024-02-17,14.877811,120.235171,14.821314,120.283493,18:45:01,19:18:00,Mostly Clear
195,2024-02-19,14.828642,120.281661,14.821328,120.278672,18:09:03,18:15:34,Mostly Clear
196,2024-09-07,14.820539,120.27559,14.843282,120.286182,12:05:41,12:18:50,Clear
197,2024-12-22,14.820696,120.283804,14.820285,120.284355,09:42:22,09:45:39,Dense Drizzle
198,2024-10-20,14.82916,120.281873,14.805482,120.322735,15:19:05,15:47:17,Cloudy
199,2024-03-26,14.838978,120.284447,14.881617,120.235873,11:08:02,11:29:19,Clear
200,2024-07-17,14.826435,120.283047,14.819313,120.279024,18:33:29,18:38:37,Light Rain
201,2024-05-26,14.824662,120.277119,14.823785,120.300893,13:56:26,14:06:24,Mostly Clear
202,2024-06-18,14.868623,120.292409,14.797741,120.272149,05:47:30,06:13:56,Rain
203,2024-03-09,14.776372,120.307314,14.817774,120.283338,18:17:46,18:49:41,Mostly Clear
204,2024-03-10,14.825203,120.279564,14.877095,120.233363,16:56:36,17:23:35,Cloudy
205,2024-09-15,14.824829,120.281707,14.85176,120.263749,19:01:15,19:20:21,Mostly Clear
206,2024-10-19,14.823614,120.300938,14.821764,120.278734,11:54:14,12:09:53,Drizzle
207,2024-11-03,14.821142,120.283888,14.836221,120.290349,11:16:38,11:25:50,Dense Drizzle
208,2024-11-15,14.821302,120.271355,14.827586,120.282069,08:42:53,08:52:41,Drizzle
209,2024-04-06,14.764388,120.252465,14.828502,120.285433,17:51:54,18:42:30,Partly Cloudy
210,2024-04-07,14.815851,120.316062,14.837493,120.267734,19:34:40,20:13:21,Cloudy
211,2024-04-03,14.827129,120.282235,14.81938,120.279121,13:41:05,13:46:25,Partly Cloudy
212,2024-10-24,14.876933,120.232538,14.824216,120.283436,09:30:56,09:52:18,Thunderstorm
213,2024-08-22,14.77633,120.307904,14.820483,120.276415,17:49:05,18:18:07,Drizzle
214,2024-11-20,14.876831,120.23362,14.836466,120.283817,07:24:00,08:04:18,Mostly Clear
215,2024-07-15,14.823314,120.301245,14.76472,120.253023,06:52:02,07:48:13,Heavy Rain
216,2024-07-25,14.824049,120.289083,14.835782,120.286054,06:13:46,06:22:22,Rain
217,2024-01-25,14.819049,120.283807,14.823845,120.279101,14:28:24,14:33:49,Partly Cloudy
218,2024-12-24,14.830108,120.288764,14.830037,120.297927,17:32:46,17:40:22,Drizzle
219,2024-12-18,14.826737,120.283467,14.817054,120.284131,13:15:00,13:22:54,Light Drizzle
220,2024-11-25,14.820378,120.284462,14.805816,120.322834,18:16:29,18:39:43,Drizzle
221,2024-06-17,14.826793,120.280193,14.822263,120.29791,08:17:56,08:28:00,Mostly Clear
222,2024-01-31,14.83706,120.28311,14.775704,120.307456,10:06:26,10:30:18,Partly Cloudy
223,2024-03-07,14.877057,120.234973,14.851401,120.262881,18:28:02,18:47:50,Partly Cloudy
224,2024-08-09,14.824332,120.289987,14.824575,120.279449,11:30:22,11:35:09,Cloudy
225,2024-09-10,14.85671,120.290429,14.830283,120.289093,09:48:31,10:05:20,Light Drizzle
226,2024-02-15,14.843267,120.281906,14.828574,120.294955,15:20:07,15:29:46,Partly Cloudy
227,2024-09-17,14.820122,120.283562,14.830488,120.288884,18:21:23,18:30:11,Cloudy
228,2024-11-20,14.827342,120.279695,14.839965,120.284471,12:35:33,12:42:59,Mostly Clear
229,2024-07-20,14.828286,120.281404,14.764311,120.293348,17:45:21,18:36:59,Clear
230,2024-08-09,14.820644,120.283861,14.837376,120.283188,15:59:32,16:07:26,Rain
231,2024-08-02,14.83698,120.277925,14.827193,120.287661,22:48:15,22:54:34,Dense Drizzle
232,2024-06-09,14.877031,120.233255,14.771907,120.257455,16:40:13,17:15:26,Dense Drizzle
233,2024-06-14,14.820903,120.282976,14.851729,120.262784,13:35:30,13:52:32,Mostly Clear
234,2024-07-14,14.874071,120.235589,14.822119,120.298887,17:17:48,18:01:23,Light Drizzle
235,2024-04-24,14.81773,120.280687,14.820338,120.284185,16:24:15,16:27:59,Light Rain
236,2024-01-28,14.839569,120.283174,14.837976,120.283103,08:55:49,08:59:19,Heavy Rain
237,2024-02-08,14.823651,120.300576,14.817077,120.284273,08:07:24,08:16:12,Partly Cloudy
238,2024-12-04,14.857105,120.290175,14.822382,120.301823,19:22:04,19:47:49,Mostly Clear
239,2024-04-21,14.829201,120.287203,14.815569,120.283152,20:33:30,20:41:17,Light Rain
240,2024-12-15,14.830694,120.288954,14.82926,120.281381,14:58:50,15:03:04,Clear
241,2024-11-29,14.833036,120.281397,14.82114,120.27869,17:10:49,17:18:20,Drizzle
242,2024-02-06,14.821206,120.275501,14.839096,120.284356,10:01:29,10:09:46,Mostly Clear
243,2024-07-26,14.835804,120.28805,14.877359,120.23542,08:07:34,08:38:02,Rain Showers
244,2024-07-14,14.828062,120.295383,14.805701,120.323533,18:10:34,18:29:21,Clear
245,2024-10-11,14.873752,120.235155,14.877189,120.235372,08:38:25,08:43:41,Mostly Clear
246,2024-04-02,14.806223,120.322773,14.835019,120.28776,20:54:03,21:17:34,Mostly Clear
247,2024-06-18,14.819911,120.283907,14.820671,120.2833,17:06:18,17:09:13,Partly Cloudy
248,2024-04-23,14.78971,120.281268,14.841114,120.286526,21:27:17,21:47:12,Partly Cloudy
249,2024-05-23,14.876727,120.232504,14.848546,120.25412,10:57:34,11:11:20,Cloudy
250,2024-04-18,14.797746,120.271808,14.819838,120.276294,16:16:34,16:25:03,Mostly Clear
251,2024-02-16,14.843051,120.281974,14.824531,120.280001,19:15:54,19:31:35,Clear
252,2024-09-06,14.842946,120.281877,14.830774,120.289162,06:02:42,06:12:17,Partly Cloudy
253,2024-10-05,14.8332,120.285283,14.836284,120.278607,07:23:37,07:29:20,Mostly Clear
254,2024-03-25,14.837652,120.279467,14.824688,120.282622,18:13:09,18:25:39,Clear
255,2024-01-23,14.824525,120.28055,14.824423,120.282748,17:40:32,17:43:28,Clear
256,2024-08-17,14.828705,120.286742,14.764818,120.293026,15:55:30,16:28:09,Partly Cloudy
257,2024-08-20,14.877,120.233025,14.829976,120.298912,07:24:08,08:22:01,Mostly Clear
258,2024-09-03,14.836153,120.28292,14.841132,120.283173,20:34:52,20:39:50,Cloudy
259,2024-07-14,14.857146,120.290255,14.837167,120.28321,19:36:06,19:48:41,Rime Fog
260,2024-07-11,14.819649,120.284459,14.839705,120.28553,22:51:20,23:01:39,Cloudy
261,2024-04-14,14.820069,120.283882,14.821425,120.284131,18:11:23,18:16:06,Clear
262,2024-09-17,14.829394,120.286521,14.838003,120.28354,08:39:44,08:47:25,Light Rain
263,2024-07-24,14.827013,120.287238,14.851634,120.256323,16:18:45,16:33:22,Mostly Clear
264,2024-11-02,14.837023,120.290182,14.821836,120.298708,19:10:43,19:20:26,Clear
265,2024-05-25,14.842411,120.288128,14.827223,120.28816,16:58:37,17:07:28,Clear
266,2024-02-07,14.822578,120.282175,14.820512,120.283289,06:51:32,06:54:45,Partly Cloudy
267,2024-01-15,14.821564,120.278522,14.83591,120.282111,07:40:50,07:53:00,Clear
268,2024-04-01,14.82848,120.286052,14.829798,120.298544,08:17:11,08:25:27,Clear
269,2024-02-10,14.836877,120.283067,14.805734,120.322989,21:31:39,21:50:29,Clear
270,2024-04-03,14.828231,120.282096,14.820637,120.283616,16:17:25,16:23:00,Clear
271,2024-03-02,14.836235,120.283323,14.820807,120.279227,15:20:44,15:29:04,Light Rain
272,2024-06-24,14.826424,120.279583,14.820794,120.282892,17:26:44,17:32:24,Partly Cloudy
273,2024-03-17,14.805939,120.32253,14.775755,120.307707,07:31:08,07:52:06,Mostly Clear
274,2024-11-18,14.816177,120.284021,14.836427,120.283222,18:23:23,18:37:14,Cloudy
275,2024-12-10,14.83083,120.289815,14.821771,120.298905,18:56:05,19:03:57,Clear
276,2024-06-11,14.823647,120.280045,14.836384,120.278389,22:17:38,22:24:45,Clear
277,2024-04-30,14.822753,120.301619,14.829481,120.286871,22:44:47,22:53:12,Clear
278,2024-05-14,14.823155,120.287673,14.836396,120.290114,09:41:59,09:52:17,Fog
279,2024-06-15,14.842136,120.283431,14.821074,120.273712,15:55:34,16:05:56,Cloudy
280,2024-11-23,14.77632,120.308042,14.838036,120.285789,12:58:22,13:23:16,Mostly Clear
281,2024-05-26,14.851541,120.262613,14.764712,120.253751,07:48:30,08:41:44,Cloudy
282,2024-04-22,14.79185,120.294017,14.827673,120.282025,06:33:48,07:03:15,Mostly Clear
283,2024-12-24,14.841171,120.286837,14.828134,120.286447,11:20:01,11:28:28,Clear
284,2024-04-21,14.840595,120.286904,14.877281,120.235374,07:23:29,07:52:10,Clear
285,2024-12-31,14.877018,120.232803,14.817206,120.284643,18:15:47,19:12:07,Partly Cloudy
286,2024-03-03,14.877576,120.23508,14.835428,120.281571,17:23:56,17:59:14,Partly Cloudy
287,2024-12-18,14.830415,120.273829,14.789709,120.282143,06:15:10,06:46:43,Partly Cloudy
288,2024-11-26,14.82639,120.282926,14.843286,120.287372,15:46:12,15:54:49,Light Drizzle
289,2024-10-05,14.819515,120.284312,14.791762,120.29429,18:55:53,19:13:55,Drizzle
290,2024-07-05,14.822065,120.298279,14.827927,120.285724,11:20:46,11:28:12,Partly Cloudy
291,2024-02-19,14.82899,120.28689,14.825971,120.283179,06:11:55,06:18:19,Clear
292,2024-04-16,14.824205,120.279004,14.83783,120.27813,09:29:51,09:36:22,Partly Cloudy
293,2024-06-04,14.823155,120.287973,14.827292,120.280552,08:06:06,08:13:21,Cloudy
294,2024-12-06,14.821191,120.275038,14.819344,120.283956,06:35:25,06:43:10,Mostly Clear
295,2024-05-03,14.881931,120.235544,14.876754,120.23165,08:59:47,09:05:51,Fog
296,2024-01-12,14.867667,120.292102,14.818171,120.281488,22:52:17,23:16:26,Clear
297,2024-05-11,14.849111,120.254768,14.82734,120.281908,09:36:25,09:51:41,Clear
298,2024-11-24,14.829798,120.27421,14.831294,120.289482,19:24:05,19:32:16,Drizzle
299,2024-01-28,14.831111,120.273868,14.824238,120.279281,08:36:09,08:41:27,Mostly Clear
300,2024-08-31,14.828173,120.285458,14.829368,120.298981,07:16:05,07:22:54,Partly Cloudy
301,2024-08-08,14.83727,120.278198,14.823274,120.287692,17:07:42,17:17:14,Rain Showers
302,2024-04-29,14.829596,120.286674,14.83091,120.273935,08:54:05,09:03:01,Mostly Clear
303,2024-04-14,14.840951,120.286162,14.836406,120.283302,19:30:39,19:33:57,Partly Cloudy
304,2024-01-05,14.819977,120.283923,14.850912,120.263661,19:54:58,20:15:04,Clear
305,2024-09-13,14.826183,120.28309,14.823759,120.279195,16:59:45,17:03:51,Partly Cloudy
306,2024-09-13,14.820054,120.284218,14.843171,120.286871,07:56:24,08:09:13,Drizzle
307,2024-04-26,14.815295,120.283201,14.820503,120.276679,18:19:58,18:24:59,Light Drizzle
308,2024-03-15,14.856855,120.289957,14.82118,120.272448,20:58:10,21:14:36,Mostly Clear
309,2024-07-29,14.81793,120.280725,14.822673,120.302081,19:59:47,20:13:36,Dense Drizzle
310,2024-09-01,14.820083,120.284114,14.822009,120.298418,18:45:41,18:55:35,Light Rain
311,2024-02-03,14.842458,120.287623,14.824727,120.282705,18:55:39,19:05:57,Mostly Clear
312,2024-12-26,14.825171,120.281717,14.822129,120.282769,16:06:28,16:10:17,Light Rain
313,2024-04-07,14.843221,120.285366,14.819622,120.284216,07:49:52,08:05:00,Light Drizzle
314,2024-10-06,14.849114,120.291087,14.822512,120.28247,07:01:11,07:17:37,Drizzle
315,2024-02-13,14.820772,120.278416,14.837713,120.283891,08:39:10,08:48:47,Cloudy
316,2024-08-16,14.824227,120.279786,14.820816,120.283863,06:12:00,06:16:07,Light Drizzle
317,2024-05-05,14.821543,120.271782,14.81571,120.283467,12:39:40,12:47:06,Mostly Clear
318,2024-02-14,14.867396,120.291994,14.828757,120.281447,06:10:43,06:31:02,Cloudy
319,2024-08-06,14.841307,120.286911,14.848741,120.264762,09:18:30,09:32:55,Drizzle
320,2024-02-14,14.88748,120.237633,14.828849,120.287029,19:18:27,20:07:29,Partly Cloudy
321,2024-04-09,14.833186,120.282237,14.805944,120.322613,08:50:07,09:16:43,Mostly Clear
322,2024-10-08,14.82511,120.280892,14.765067,120.292973,08:21:21,09:15:30,Cloudy
323,2024-10-01,14.820136,120.284001,14.820561,120.275086,15:50:52,15:57:22,Light Rain
324,2024-06-30,14.82648,120.286963,14.877066,120.231287,06:21:24,07:19:11,Partly Cloudy
325,2024-08-19,14.836584,120.289528,14.825025,120.282836,12:13:33,12:20:13,Mostly Clear
326,2024-09-04,14.831119,120.289697,14.818382,120.283892,16:19:49,16:28:46,Rain
327,2024-02-29,14.830596,120.288544,14.840273,120.285153,19:54:38,20:03:53,Mostly Clear
328,2024-08-13,14.836395,120.277682,14.826487,120.283441,12:09:10,12:17:04,Partly Cloudy
329,2024-05-05,14.840432,120.286769,14.851247,120.256712,07:34:28,07:51:51,Mostly Clear
330,2024-06-19,14.821176,120.28369,14.822655,120.301551,22:48:42,22:56:12,Partly Cloudy
331,2024-11-25,14.831038,120.288878,14.841279,120.286575,15:30:14,15:37:53,Partly Cloudy
332,2024-09-06,14.876769,120.23189,14.824214,120.279695,18:30:29,19:28:18,Light Drizzle
333,2024-05-02,14.842959,120.28674,14.887604,120.237168,16:10:30,16:38:04,Partly Cloudy
334,2024-02-09,14.775744,120.30801,14.764528,120.252893,22:36:53,23:09:55,Cloudy
335,2024-07-13,14.823258,120.287423,14.822525,120.272819,17:05:13,17:15:25,Partly Cloudy
336,2024-10-18,14.851673,120.263042,14.838433,120.28345,21:19:58,21:32:00,Partly Cloudy
337,2024-07-08,14.821598,120.271901,14.843283,120.28194,05:00:45,05:11:50,Cloudy
338,2024-08-10,14.828823,120.281166,14.84891,120.254642,18:08:12,18:31:00,Thunderstorm
339,2024-03-10,14.848943,120.264961,14.772356,120.257912,18:55:29,19:46:28,Partly Cloudy
340,2024-12-30,14.839872,120.286309,14.837121,120.278308,08:36:23,08:41:14,Mostly Clear
341,2024-09-24,14.822058,120.271917,14.823573,120.289278,09:15:30,09:22:52,Clear
342,2024-08-20,14.789631,120.281541,14.822528,120.302236,19:21:26,19:41:08,Drizzle
343,2024-05-29,14.776633,120.308217,14.819087,120.284522,20:01:18,20:24:51,Partly Cloudy
344,2024-10-29,14.820583,120.283598,14.825157,120.276579,21:28:23,21:33:50,Rain Showers
345,2024-03-19,14.835213,120.281925,14.839612,120.283185,14:49:24,14:52:11,Clear
346,2024-07-23,14.826868,120.280058,14.792159,120.294072,19:14:24,19:31:48,Light Drizzle
347,2024-06-30,14.823575,120.30128,14.836646,120.278512,14:39:58,14:50:17,Dense Drizzle
348,2024-04-09,14.832457,120.282055,14.848593,120.255148,17:20:35,17:42:54,Partly Cloudy
349,2024-04-21,14.832676,120.285331,14.817778,120.283532,21:07:45,21:16:41,Clear
350,2024-05-30,14.819116,120.283755,14.821245,120.278409,19:29:59,19:33:59,Cloudy
351,2024-04-01,14.839729,120.284655,14.825342,120.279874,17:39:25,17:50:51,Mostly Clear
352,2024-09-11,14.817222,120.281182,14.82071,120.283573,17:42:24,17:46:19,Clear
353,2024-12-18,14.823043,120.287654,14.882711,120.236697,15:07:36,15:44:03,Mostly Clear
354,2024-08-23,14.829063,120.287268,14.838882,120.28355,12:41:12,12:46:56,Drizzle
355,2024-04-07,14.828608,120.287049,14.834631,120.28234,08:37:15,08:42:57,Clear
356,2024-11-30,14.819087,120.27836,14.840577,120.286747,15:43:55,15:56:05,Clear
357,2024-12-25,14.851731,120.255937,14.836665,120.290653,05:11:40,05:33:56,Cloudy
358,2024-04-22,14.821119,120.278592,14.790072,120.281438,07:51:53,08:10:40,Clear
359,2024-07-31,14.838671,120.28385,14.819442,120.284022,06:28:15,06:44:03,Heavy Rain
360,2024-08-01,14.83265,120.282098,14.824638,120.279583,15:44:08,15:49:49,Heavy Rain Showers
361,2024-11-17,14.83657,120.283576,14.838346,120.285897,12:22:26,12:25:02,Light Rain
362,2024-12-03,14.882021,120.236366,14.839606,120.284861,06:50:09,07:26:21,Clear
363,2024-01-27,14.825056,120.280292,14.817503,120.281435,10:10:50,10:16:08,Clear
364,2024-02-26,14.849213,120.291062,14.815818,120.284018,08:26:55,08:47:03,Mostly Clear
365,2024-05-18,14.829176,120.286963,14.83643,120.290328,08:36:03,08:41:16,Partly Cloudy
366,2024-04-27,14.828958,120.280204,14.823783,120.289853,18:55:13,19:03:58,Clear
367,2024-01-23,14.819861,120.28429,14.815717,120.28349,19:02:27,19:06:08,Partly Cloudy
368,2024-02-16,14.828275,120.294085,14.818601,120.27901,17:45:29,17:57:05,Clear
369,2024-12-19,14.847892,120.254088,14.824408,120.283742,07:48:17,08:05:52,Mostly Clear
370,2024-08-26,14.823132,120.300326,14.824134,120.289627,13:23:11,13:29:21,Light Rain
371,2024-12-25,14.829467,120.298959,14.825822,120.283137,17:20:22,17:30:30,Mostly Clear
372,2024-07-07,14.821952,120.298449,14.797973,120.271764,22:51:56,23:13:22,Dense Drizzle
373,2024-09-11,14.867573,120.29263,14.83627,120.2866,08:01:18,08:14:50,Partly Cloudy
374,2024-10-23,14.837838,120.283122,14.818874,120.279272,18:31:37,18:45:44,Mostly Clear
375,2024-05-25,14.881981,120.236282,14.849238,120.264892,06:45:34,07:18:27,Partly Cloudy
376,2024-01-18,14.824145,120.279765,14.849579,120.291062,13:09:23,13:21:01,Clear
377,2024-10-06,14.806424,120.322662,14.798287,120.271894,13:41:45,14:02:25,Partly Cloudy
378,2024-02-27,14.820994,120.274268,14.836399,120.290223,05:08:43,05:17:54,Clear
379,2024-05-22,14.848623,120.290662,14.887988,120.237744,07:43:42,08:15:51,Clear
380,2024-06-25,14.839497,120.284175,14.820989,120.283935,19:05:13,19:19:52,Partly Cloudy
381,2024-08-31,14.841682,120.282809,14.818945,120.278437,16:21:04,16:31:45,Heavy Rain
382,2024-04-12,14.836452,120.289999,14.842511,120.287471,08:31:02,08:35:12,Partly Cloudy
383,2024-05-27,14.817684,120.281077,14.873237,120.235374,19:41:15,20:11:31,Mostly Clear
384,2024-10-21,14.828109,120.286704,14.817955,120.283936,08:03:09,08:09:45,Light Rain
385,2024-04-03,14.820568,120.27527,14.819516,120.279321,20:48:10,20:52:31,Cloudy
386,2024-01-07,14.829476,120.286594,14.84202,120.287383,07:26:21,07:34:20,Cloudy
387,2024-08-01,14.824309,120.289066,14.82821,120.294547,06:59:01,07:05:11,Rain
388,2024-03-13,14.818888,120.283337,14.823209,120.301905,12:08:13,12:20:04,Cloudy
389,2024-09-19,14.832605,120.281841,14.851791,120.256884,18:02:04,18:21:19,Light Drizzle
390,2024-06-29,14.837624,120.285603,14.819214,120.283946,19:39:15,19:56:12,Heavy Rain
391,2024-12-28,14.843497,120.2863,14.822025,120.274403,17:28:43,17:49:30,Partly Cloudy
392,2024-10-12,14.824571,120.282876,14.877377,120.23185,09:20:31,09:55:52,Mostly Clear
393,2024-02-05,14.82909,120.287161,14.828756,120.287424,15:43:23,15:46:44,Partly Cloudy
394,2024-02-22,14.848327,120.290444,14.88797,120.238056,10:04:23,10:37:09,Partly Cloudy
395,2024-05-19,14.835847,120.286819,14.8373,120.268511,21:25:22,21:34:52,Partly Cloudy
396,2024-03-09,14.876915,120.232427,14.841395,120.285872,17:31:43,18:07:28,Mostly Clear
397,2024-09-15,14.824734,120.280388,14.820453,120.284288,08:34:01,08:37:59,Light Rain
398,2024-09-08,14.867731,120.292134,14.825266,120.281514,07:31:48,07:53:42,Cloudy
399,2024-05-25,14.848586,120.314856,14.829051,120.299055,06:08:53,06:30:15,Mostly Clear
400,2024-02-13,14.824726,120.28303,14.828999,120.286845,09:55:19,09:58:39,Mostly Clear
401,2024-01-12,14.856278,120.290034,14.83983,120.285479,14:36:24,14:44:04,Mostly Clear
402,2024-08-11,14.830409,120.289312,14.829192,120.287123,17:53:54,17:57:24,Light Rain
403,2024-08-31,14.848869,120.31543,14.826828,120.279675,06:41:52,07:19:02,Rain
404,2024-10-22,14.822779,120.287625,14.82464,120.279874,19:29:17,19:37:32,Partly Cloudy
405,2024-08-10,14.824902,120.277109,14.822016,120.298563,17:40:13,17:51:15,Thunderstorm
406,2024-08-04,14.836709,120.277761,14.824462,120.280025,05:12:10,05:18:32,Clear
407,2024-02-12,14.820799,120.275936,14.815761,120.283995,06:57:26,07:05:47,Cloudy
408,2024-09-25,14.856958,120.289375,14.820741,120.275284,17:38:07,18:05:06,Rain
409,2024-01-29,14.86828,120.292195,14.82269,120.282267,06:20:34,06:39:53,Partly Cloudy
410,2024-01-28,14.821739,120.273757,14.836496,120.290097,21:15:16,21:24:22,Light Drizzle
411,2024-07-20,14.841503,120.283528,14.818065,120.281588,12:19:05,12:28:40,Light Rain
412,2024-05-20,14.819898,120.283473,14.790031,120.28138,15:30:47,15:44:29,Partly Cloudy
413,2024-10-07,14.818025,120.281619,14.82423,120.279785,15:44:01,15:48:50,Mostly Clear
414,2024-05-07,14.827791,120.285525,14.856741,120.290594,19:48:08,20:05:37,Clear
415,2024-07-12,14.830619,120.288576,14.830997,120.273408,20:14:01,20:20:04,Cloudy
416,2024-08-07,14.829543,120.287197,14.849002,120.253827,10:05:23,10:22:27,Partly Cloudy
417,2024-05-16,14.805939,120.322935,14.848075,120.254565,17:27:54,18:25:40,Partly Cloudy
418,2024-11-27,14.815344,120.283738,14.877421,120.232125,06:55:20,07:27:34,Light Drizzle
419,2024-12-09,14.820415,120.283994,14.836766,120.283179,20:45:47,20:51:32,Clear
420,2024-03-27,14.838517,120.283477,14.852058,120.255793,18:08:05,18:25:07,Partly Cloudy
421,2024-05-15,14.819194,120.284023,14.826412,120.272791,06:20:47,06:29:44,Drizzle
422,2024-01-21,14.829493,120.280844,14.819144,120.284114,19:31:29,19:39:37,Partly Cloudy
423,2024-01-03,14.839487,120.284944,14.823346,120.287651,18:58:04,19:12:39,Mostly Clear
424,2024-12-28,14.764937,120.252923,14.836511,120.283175,15:40:17,16:10:27,Partly Cloudy
425,2024-04-18,14.81966,120.283932,14.820751,120.275483,21:18:20,21:22:42,Clear
426,2024-04-16,14.840419,120.28591,14.820954,120.275058,18:41:48,18:59:23,Mostly Clear
427,2024-07-17,14.827367,120.280206,14.824458,120.289303,18:05:48,18:11:45,Drizzle
428,2024-02-12,14.827947,120.285656,14.840738,120.286199,07:19:09,07:28:05,Partly Cloudy
429,2024-05-09,14.825332,120.28197,14.789713,120.281771,19:01:07,19:21:06,Mostly Clear
430,2024-04-05,14.828786,120.285485,14.876778,120.231996,08:16:55,08:49:42,Cloudy
431,2024-11-11,14.817939,120.283539,14.822723,120.301607,19:43:25,19:59:46,Rain
432,2024-10-02,14.828837,120.2873,14.820918,120.275409,07:09:30,07:18:34,Partly Cloudy
433,2024-02-22,14.789448,120.28176,14.820508,120.275775,22:27:26,22:41:10,Partly Cloudy
434,2024-09-06,14.828844,120.287277,14.83987,120.283986,06:27:36,06:38:54,Cloudy
435,2024-04-28,14.828835,120.281023,14.852223,120.25614,19:21:58,19:39:11,Fog
436,2024-11-14,14.805273,120.323229,14.839047,120.284468,17:42:30,18:15:24,Mostly Clear
437,2024-09-14,14.825023,120.279542,14.805942,120.322302,07:07:39,07:28:51,Mostly Clear
438,2024-01-26,14.82755,120.287282,14.817419,120.280782,15:51:29,15:57:34,Clear
439,2024-03-01,14.805364,120.322764,14.840014,120.28382,13:10:46,13:38:21,Mostly Clear
440,2024-07-31,14.820628,120.284002,14.887159,120.238019,05:15:53,05:44:22,Light Rain
441,2024-08-03,14.820369,120.283669,14.82503,120.281887,10:51:27,10:56:39,Rain Showers
442,2024-02-13,14.841049,120.28663,14.790275,120.281434,06:27:03,06:49:52,Partly Cloudy
443,2024-06-09,14.815685,120.316956,14.791683,120.293779,05:52:17,06:06:17,Cloudy
444,2024-11-28,14.820821,120.278587,14.8229,120.283412,07:05:02,07:08:52,Heavy Rain
445,2024-10-03,14.824574,120.282815,14.837108,120.278167,07:46:27,07:55:18,Thunderstorm
446,2024-10-24,14.838295,120.285255,14.82138,120.278904,19:42:34,19:57:21,Light Rain
447,2024-08-20,14.820431,120.284343,14.820705,120.283311,18:05:05,18:08:52,Cloudy
448,2024-09-07,14.841342,120.286343,14.818918,120.283251,14:52:10,15:03:59,Light Rain
449,2024-10-13,14.827221,120.280138,14.791929,120.294577,19:54:26,20:17:51,Rain Showers
450,2024-06-05,14.820551,120.275343,14.836621,120.283379,11:11:52,11:20:23,Cloudy
451,2024-11-06,14.849383,120.2643,14.830401,120.289307,08:29:48,08:46:05,Light Rain
452,2024-11-26,14.823849,120.28934,14.821703,120.298087,06:36:40,06:43:08,Heavy Rain
453,2024-03-02,14.83695,120.27735,14.832891,120.282114,16:11:01,16:15:53,Mostly Clear
454,2024-01-12,14.824282,120.279897,14.85164,120.256402,06:55:33,07:19:38,Mostly Clear
455,2024-01-14,14.856652,120.290285,14.820067,120.284134,12:24:06,12:37:51,Mostly Clear
456,2024-09-15,14.829206,120.287196,14.83803,120.283274,06:20:29,06:25:33,Light Drizzle
457,2024-08-16,14.805309,120.323158,14.820338,120.275804,17:50:09,18:15:49,Clear
458,2024-09-03,14.833147,120.282549,14.877119,120.231942,08:24:22,08:55:21,Rain
459,2024-04-17,14.831396,120.288937,14.82223,120.273019,13:56:43,14:07:49,Mostly Clear
460,2024-12-20,14.820315,120.275921,14.848229,120.314929,19:30:00,20:14:52,Partly Cloudy
461,2024-12-10,14.877394,120.23193,14.849531,120.264703,18:52:38,19:28:36,Mostly Clear
462,2024-02-16,14.824642,120.280215,14.838006,120.286498,21:19:51,21:28:31,Cloudy
463,2024-07-21,14.820554,120.275337,14.824263,120.279828,08:31:10,08:36:16,Light Rain
464,2024-04-08,14.822848,120.287276,14.824275,120.278894,05:44:43,05:52:28,Mostly Clear
465,2024-07-27,14.828023,120.281631,14.838983,120.284609,18:31:23,18:38:36,Partly Cloudy
466,2024-12-19,14.829179,120.287213,14.826616,120.282357,06:12:10,06:18:45,Cloudy
467,2024-06-19,14.851465,120.263102,14.815946,120.283551,06:49:38,07:29:26,Cloudy
468,2024-06-03,14.821131,120.27897,14.821887,120.272118,14:04:06,14:08:42,Clear
469,2024-07-15,14.873484,120.235476,14.824573,120.280102,08:39:06,09:11:08,Drizzle
470,2024-05-11,14.818457,120.284311,14.841371,120.286179,19:28:11,19:42:37,Mostly Clear
471,2024-07-07,14.820606,120.278615,14.851834,120.256035,16:37:42,16:57:36,Light Rain
472,2024-06-23,14.820002,120.284362,14.823651,120.287895,19:29:38,19:34:26,Dense Drizzle
473,2024-08-26,14.819188,120.28367,14.819593,120.284513,11:30:47,11:34:14,Light Drizzle
474,2024-03-13,14.829232,120.28743,14.827968,120.282524,08:58:48,09:03:47,Clear
475,2024-12-12,14.815905,120.283902,14.821623,120.273316,17:21:59,17:31:00,Clear
476,2024-04-07,14.820072,120.274968,14.817867,120.281388,07:20:38,07:25:12,Mostly Clear
477,2024-10-26,14.829112,120.280717,14.792478,120.293948,11:46:05,12:01:53,Light Rain
478,2024-09-26,14.825338,120.277057,14.815879,120.283538,22:31:30,22:36:38,Partly Cloudy
479,2024-07-12,14.828193,120.294883,14.791837,120.29437,18:16:35,18:39:37,Partly Cloudy
480,2024-01-13,14.806067,120.322903,14.842805,120.287322,08:04:22,08:33:35,Clear
481,2024-12-15,14.829153,120.286403,14.828404,120.294861,11:45:38,11:50:18,Mostly Clear
482,2024-10-23,14.818065,120.281544,14.817974,120.281914,05:30:41,05:34:26,Light Rain
483,2024-08-24,14.839736,120.284123,14.819247,120.283788,06:27:49,06:40:24,Partly Cloudy
484,2024-08-05,14.827966,120.285177,14.805989,120.322813,14:48:49,15:04:40,Light Rain
485,2024-11-07,14.821654,120.278515,14.823806,120.279251,07:13:25,07:17:29,Clear
486,2024-04-11,14.838663,120.283466,14.820577,120.275619,18:13:14,18:31:16,Mostly Clear
487,2024-04-15,14.843611,120.286708,14.835172,120.282111,07:52:45,08:00:11,Clear
488,2024-06-17,14.820873,120.284304,14.820112,120.275527,15:29:29,15:35:39,Rain
489,2024-03-30,14.842444,120.282382,14.828799,120.282528,08:46:27,08:56:11,Partly Cloudy
490,2024-04-21,14.824764,120.282594,14.827113,120.279602,14:48:35,14:51:19,Clear
491,2024-11-23,14.887546,120.237573,14.815723,120.284118,22:29:24,22:58:40,Cloudy
492,2024-02-12,14.789948,120.282189,14.836013,120.283188,07:08:30,07:27:54,Mostly Clear
493,2024-04-20,14.839387,120.283142,14.838849,120.283799,21:34:13,21:37:10,Partly Cloudy
494,2024-01-25,14.827314,120.280159,14.835554,120.282046,11:59:15,12:03:27,Light Drizzle
495,2024-12-06,14.857035,120.289851,14.839488,120.28419,07:32:06,07:46:36,Clear
496,2024-04-18,14.828619,120.2867,14.838441,120.285999,07:41:39,07:49:53,Partly Cloudy
497,2024-11-19,14.848816,120.264271,14.830288,120.289879,21:59:49,22:15:21,Light Drizzle
498,2024-07-14,14.837939,120.286322,14.8488,120.314548,19:37:45,19:55:42,Partly Cloudy
499,2024-01-20,14.829844,120.289085,14.824779,120.279999,18:47:56,18:53:39,Mostly Clear
500,2024-12-06,14.827558,120.281839,14.81964,120.278708,21:44:46,21:48:24,Rain Showers
501,2024-04-14,14.835116,120.282654,14.776137,120.308052,08:53:50,09:34:15,Clear
502,2024-09-03,14.829141,120.282461,14.820478,120.283627,18:24:10,18:31:15,Light Drizzle
503,2024-10-10,14.836142,120.290035,14.876804,120.232453,12:24:29,12:45:13,Rain
504,2024-07-10,14.888073,120.236964,14.822484,120.299009,18:47:23,19:22:32,Light Rain
505,2024-06-27,14.826402,120.28007,14.824424,120.283514,19:23:44,19:27:51,Rain Showers
506,2024-03-16,14.817558,120.281571,14.827297,120.287125,19:53:10,19:59:55,Mostly Clear
507,2024-09-29,14.848627,120.254239,14.828508,120.295166,14:37:19,14:54:02,Partly Cloudy
508,2024-07-22,14.877631,120.234711,14.817557,120.284227,05:10:52,05:49:11,Mostly Clear
509,2024-09-06,14.806144,120.323596,14.820909,120.283724,18:36:52,19:08:29,Clear
510,2024-03-04,14.851887,120.262912,14.832951,120.282114,08:15:30,08:29:15,Light Rain
511,2024-05-16,14.837297,120.267571,14.887468,120.237735,15:48:21,16:13:49,Rain
512,2024-06-18,14.849312,120.264777,14.824401,120.279746,05:29:55,05:41:58,Cloudy
513,2024-11-12,14.823539,120.28877,14.836088,120.283763,15:32:26,15:39:12,Dense Drizzle
514,2024-04-29,14.820704,120.283778,14.842014,120.287689,14:47:39,15:01:08,Partly Cloudy
515,2024-12-30,14.825258,120.279441,14.839432,120.284261,19:50:54,19:59:41,Clear
516,2024-03-28,14.84039,120.285208,14.881908,120.236698,21:44:05,22:06:42,Light Rain
517,2024-12-09,14.848189,120.314719,14.81932,120.284099,08:40:46,09:02:18,Cloudy
518,2024-08-11,14.805662,120.323228,14.825009,120.283805,11:16:07,11:39:47,Cloudy
519,2024-01-01,14.856882,120.289552,14.828187,120.28532,17:54:24,18:10:39,Light Rain
520,2024-04-22,14.805737,120.323188,14.824829,120.27998,19:18:09,19:43:35,Clear
521,2024-07-11,14.826998,120.273007,14.824129,120.289789,17:52:45,18:01:40,Thunderstorm
522,2024-10-07,14.829642,120.286917,14.876994,120.231883,07:22:48,07:51:19,Rain Showers
523,2024-06-04,14.849074,120.291474,14.826009,120.273334,06:28:44,06:41:09,Thunderstorm
524,2024-12-13,14.849585,120.291213,14.828915,120.286733,05:06:22,05:16:28,Clear
525,2024-05-03,14.820971,120.284222,14.820588,120.276257,08:11:41,08:18:11,Clear
526,2024-11-24,14.818577,120.278699,14.873903,120.235619,16:14:01,16:36:14,Partly Cloudy
527,2024-03-05,14.826553,120.282746,14.826641,120.279896,08:11:25,08:15:31,Light Rain
528,2024-03-01,14.887501,120.237479,14.824208,120.280449,17:00:35,17:55:45,Clear
529,2024-12-02,14.820838,120.276171,14.887973,120.237531,08:57:50,09:33:39,Clear
530,2024-03-13,14.837744,120.27886,14.823499,120.28994,17:38:35,17:54:18,Partly Cloudy
531,2024-10-01,14.817778,120.281252,14.820573,120.276312,18:40:44,18:45:09,Partly Cloudy
532,2024-09-29,14.820134,120.283857,14.841941,120.286951,17:21:40,17:30:44,Rime Fog
533,2024-06-05,14.841621,120.28679,14.823914,120.300467,17:33:22,17:43:56,Light Drizzle
534,2024-07-25,14.823906,120.290205,14.828587,120.281514,06:43:32,06:50:27,Cloudy
535,2024-06-30,14.848649,120.314296,14.82647,120.273314,16:18:17,16:39:10,Rain
536,2024-11-20,14.828677,120.294246,14.837075,120.268052,17:10:36,17:28:38,Heavy Rain
537,2024-12-23,14.82111,120.276081,14.828754,120.294627,06:58:53,07:11:43,Light Rain
538,2024-12-11,14.829336,120.287387,14.827398,120.280094,16:57:14,17:00:56,Partly Cloudy
539,2024-10-03,14.776587,120.307905,14.824446,120.277804,09:18:19,09:38:35,Heavy Rain
540,2024-08-25,14.836265,120.283352,14.824739,120.282382,15:03:22,15:11:37,Partly Cloudy
541,2024-09-27,14.851242,120.263303,14.830843,120.288901,06:58:31,07:12:10,Mostly Clear
542,2024-08-10,14.827783,120.281779,14.8212,120.275831,19:12:07,19:20:03,Light Rain
543,2024-12-31,14.789789,120.282048,14.851843,120.256688,18:32:46,19:17:02,Rain
544,2024-01-05,14.848054,120.254688,14.843418,120.28672,07:05:48,07:26:38,Clear
545,2024-09-14,14.822509,120.272684,14.840457,120.286885,11:54:37,12:07:44,Rain
546,2024-07-13,14.849171,120.265079,14.83838,120.283749,08:14:14,08:30:05,Clear
547,2024-06-13,14.76477,120.293178,14.840777,120.286211,19:06:27,19:44:45,Rime Fog
548,2024-07-09,14.818531,120.283565,14.824674,120.2829,08:24:05,08:29:20,Cloudy
549,2024-08-30,14.840032,120.287026,14.819518,120.283559,11:34:46,11:44:45,Cloudy
550,2024-11-18,14.839622,120.2841,14.834811,120.287481,14:04:30,14:09:33,Light Rain
551,2024-12-21,14.827733,120.286795,14.820932,120.27557,18:43:34,18:55:00,Light Drizzle
552,2024-09-19,14.805954,120.323251,14.851522,120.256867,19:16:19,20:20:15,Clear
553,2024-05-07,14.836078,120.283063,14.842923,120.287912,11:34:07,11:38:46,Partly Cloudy
554,2024-06-15,14.815849,120.28346,14.82807,120.281777,21:52:00,21:59:00,Mostly Clear
555,2024-12-18,14.820182,120.283655,14.824754,120.282901,19:40:38,19:45:34,Clear
556,2024-04-02,14.826476,120.272894,14.835944,120.283592,17:12:36,17:25:42,Rain
557,2024-02-21,14.820678,120.284017,14.837654,120.26725,10:46:48,11:01:30,Clear
558,2024-03-14,14.828568,120.28674,14.832621,120.286062,20:00:50,20:04:28,Mostly Clear
559,2024-03-24,14.776304,120.308054,14.829811,120.273829,17:03:34,17:34:51,Clear
560,2024-12-01,14.815781,120.283551,14.822963,120.301499,19:24:43,19:39:24,Light Drizzle
561,2024-11-05,14.843564,120.285826,14.838655,120.286207,07:38:11,07:42:31,Clear
562,2024-01-02,14.840682,120.285896,14.824263,120.279696,10:49:41,10:56:47,Mostly Clear
563,2024-03-06,14.882475,120.237033,14.838671,120.283287,07:31:27,08:06:32,Clear
564,2024-02-12,14.827866,120.282578,14.836439,120.278315,08:49:44,08:56:55,Fog
565,2024-03-12,14.877465,120.233372,14.877915,120.23558,08:59:58,09:03:14,Partly Cloudy
566,2024-09-01,14.827422,120.28019,14.822758,120.301464,10:01:09,10:10:14,Dense Drizzle
567,2024-06-02,14.831072,120.289329,14.830883,120.289016,18:50:41,18:54:06,Rain
568,2024-10-19,14.8353,120.281714,14.843243,120.281985,18:59:10,19:03:40,Dense Drizzle
569,2024-09-01,14.824032,120.300829,14.839109,120.284274,18:10:03,18:25:05,Light Rain
570,2024-06-07,14.824869,120.280207,14.806076,120.322938,06:15:17,06:37:05,Partly Cloudy
571,2024-07-19,14.817733,120.284011,14.820064,120.284104,10:44:43,10:48:11,Rain
572,2024-05-28,14.826096,120.272202,14.821057,120.284723,17:56:40,18:05:20,Mostly Clear
573,2024-03-08,14.827775,120.284912,14.805237,120.322431,07:02:57,07:32:19,Rime Fog
574,2024-02-14,14.830781,120.28981,14.83908,120.28471,17:59:18,18:04:19,Clear
575,2024-10-18,14.868424,120.291625,14.836316,120.278426,07:25:26,07:47:04,Drizzle
576,2024-11-25,14.820033,120.284125,14.821754,120.298694,19:52:35,20:02:08,Cloudy
577,2024-02-13,14.823474,120.289455,14.805693,120.322824,07:49:27,08:14:46,Mostly Clear
578,2024-01-17,14.820841,120.283979,14.828977,120.28044,14:03:59,14:09:16,Clear
579,2024-03-13,14.828331,120.28548,14.820319,120.283856,07:55:45,08:04:45,Mostly Clear
580,2024-10-01,14.842478,120.287608,14.849325,120.264342,10:44:27,10:54:10,Partly Cloudy
581,2024-06-11,14.81897,120.283124,14.825331,120.282775,17:31:55,17:36:06,Light Rain
582,2024-04-06,14.806147,120.322697,14.828172,120.285638,17:38:24,18:00:57,Thunderstorm
583,2024-07-30,14.887259,120.23789,14.825208,120.282194,08:27:33,09:02:39,Dense Drizzle
584,2024-02-20,14.826848,120.283544,14.834939,120.287503,09:05:41,09:11:50,Partly Cloudy
585,2024-08-03,14.820281,120.284041,14.873766,120.234767,19:24:07,20:26:48,Partly Cloudy
586,2024-12-03,14.820227,120.283371,14.835758,120.283184,18:43:15,18:54:58,Partly Cloudy
587,2024-07-19,14.825268,120.278007,14.881723,120.236357,17:51:59,18:22:39,Light Rain
588,2024-11-17,14.832526,120.282362,14.81772,120.284086,16:10:20,16:16:13,Cloudy
589,2024-03-07,14.837751,120.278603,14.83514,120.282018,21:40:49,21:44:48,Partly Cloudy
590,2024-05-20,14.824871,120.283217,14.819117,120.284042,06:40:37,06:44:44,Cloudy
591,2024-07-30,14.820803,120.284227,14.819463,120.278291,17:13:43,17:18:26,Cloudy
592,2024-11-10,14.876985,120.232951,14.826474,120.283069,08:47:16,09:33:28,Rain Showers
593,2024-05-17,14.823362,120.300552,14.87763,120.235218,06:22:45,07:04:32,Partly Cloudy
594,2024-10-27,14.839325,120.283727,14.819706,120.284301,19:31:27,19:43:51,Clear
595,2024-09-18,14.882135,120.236656,14.826484,120.28284,08:52:56,09:28:29,Mostly Clear
596,2024-06-12,14.825369,120.281573,14.819749,120.284436,22:21:13,22:26:02,Drizzle
597,2024-12-09,14.820655,120.284006,14.826406,120.283248,18:43:48,18:48:03,Clear
598,2024-01-10,14.82507,120.28186,14.818722,120.283883,20:00:58,20:06:30,Cloudy
599,2024-07-31,14.842538,120.287173,14.822922,120.301662,12:20:48,12:33:23,Heavy Rain
600,2024-07-10,14.839281,120.284468,14.836168,120.282908,09:01:14,09:05:35,Cloudy
601,2024-10-02,14.825491,120.277836,14.829184,120.280552,22:55:03,22:58:05,Mostly Clear
602,2024-03-11,14.823069,120.287458,14.819616,120.28414,07:55:09,07:59:44,Clear
603,2024-05-15,14.821156,120.271198,14.819687,120.278815,22:05:22,22:10:49,Clear
604,2024-07-16,14.817774,120.280705,14.815769,120.283418,06:52:37,06:55:52,Drizzle
605,2024-04-13,14.840034,120.283948,14.828581,120.28568,11:04:17,11:10:47,Mostly Clear
606,2024-05-16,14.839389,120.283716,14.817577,120.284436,18:22:16,18:41:43,Clear
607,2024-04-06,14.823912,120.279174,14.825079,120.282728,19:38:31,19:43:13,Partly Cloudy
608,2024-07-26,14.823646,120.288931,14.824751,120.283041,08:52:56,08:57:36,Rain
609,2024-12-18,14.849223,120.264864,14.8211,120.276439,06:10:11,06:27:25,Mostly Clear
610,2024-01-01,14.867496,120.292305,14.819104,120.283893,06:02:52,06:35:46,Partly Cloudy
611,2024-12-05,14.82438,120.288845,14.839443,120.28351,06:52:22,07:03:06,Clear
612,2024-03-13,14.838021,120.278602,14.877711,120.232795,08:47:44,09:17:19,Mostly Clear
613,2024-05-15,14.828981,120.281754,14.84,120.284217,13:56:21,14:02:09,Mostly Clear
614,2024-06-26,14.829585,120.298623,14.819047,120.283985,18:59:43,19:12:39,Mostly Clear
615,2024-09-07,14.842771,120.286094,14.828336,120.280107,08:53:00,09:05:15,Heavy Rain
616,2024-05-28,14.827577,120.279453,14.832788,120.285446,18:15:51,18:20:07,Cloudy
617,2024-05-08,14.815846,120.282775,14.823028,120.301848,18:19:05,18:31:05,Mostly Clear
618,2024-08-26,14.851899,120.262693,14.822481,120.301426,06:58:35,07:18:02,Rain
619,2024-03-05,14.82916,120.287278,14.823562,120.30099,08:29:53,08:41:45,Partly Cloudy
620,2024-01-28,14.820677,120.275946,14.877716,120.234863,16:09:35,16:30:16,Mostly Clear
621,2024-12-18,14.829325,120.286817,14.887619,120.237579,06:38:56,07:08:42,Partly Cloudy
622,2024-11-09,14.838663,120.284107,14.822231,120.272316,21:39:07,21:48:57,Partly Cloudy
623,2024-12-07,14.817878,120.281273,14.848512,120.254767,18:42:17,19:05:57,Partly Cloudy
624,2024-01-22,14.822931,120.282981,14.824424,120.281864,13:08:29,13:11:29,Mostly Clear
625,2024-03-30,14.821505,120.271647,14.825147,120.281301,13:41:46,13:50:16,Mostly Clear
626,2024-08-29,14.835126,120.287821,14.82038,120.284755,10:36:45,10:43:48,Clear
627,2024-03-22,14.82817,120.29464,14.82079,120.283914,18:59:43,19:07:20,Partly Cloudy
628,2024-02-28,14.828887,120.280105,14.857186,120.289955,18:48:23,19:08:06,Clear
629,2024-03-23,14.789779,120.28204,14.826481,120.28265,17:05:37,17:30:36,Partly Cloudy
630,2024-09-27,14.837681,120.278393,14.805447,120.322243,19:52:30,20:31:20,Fog
631,2024-01-27,14.815858,120.283191,14.876667,120.232506,13:01:14,13:35:47,Clear
632,2024-09-22,14.792404,120.294071,14.820993,120.275469,16:19:25,16:40:30,Partly Cloudy
633,2024-01-31,14.837485,120.282806,14.836937,120.267378,19:21:59,19:34:50,Partly Cloudy
634,2024-02-11,14.824741,120.280207,14.839529,120.285399,15:08:17,15:14:53,Dense Drizzle
635,2024-01-14,14.841493,120.286396,14.828837,120.285654,11:34:38,11:41:49,Clear
636,2024-08-12,14.816022,120.283517,14.839106,120.283583,18:22:12,18:40:47,Partly Cloudy
637,2024-01-30,14.848266,120.254844,14.828936,120.286721,06:18:02,06:35:50,Cloudy
638,2024-04-22,14.82048,120.274941,14.833555,120.282414,07:49:35,07:59:20,Clear
639,2024-09-23,14.828461,120.280666,14.839747,120.285054,17:07:23,17:16:48,Heavy Rain Showers
640,2024-01-31,14.815519,120.283098,14.821475,120.273816,18:01:55,18:08:34,Mostly Clear
641,2024-05-14,14.824453,120.279676,14.825039,120.279403,20:13:48,20:16:54,Light Rain
642,2024-12-13,14.823837,120.280232,14.822093,120.298378,19:29:27,19:36:46,Clear
643,2024-10-04,14.877516,120.235006,14.820479,120.283886,17:39:17,18:29:06,Cloudy
644,2024-07-02,14.835616,120.281954,14.821459,120.27453,17:26:03,17:36:18,Rain
645,2024-12-01,14.82841,120.286266,14.843494,120.287176,06:11:43,06:19:06,Clear
646,2024-04-30,14.877072,120.232904,14.817714,120.281373,07:07:32,07:46:16,Light Drizzle
647,2024-07-10,14.830662,120.289312,14.824032,120.280368,19:01:10,19:08:51,Cloudy
648,2024-10-25,14.834899,120.282055,14.827402,120.281751,18:48:41,18:53:11,Cloudy
649,2024-09-25,14.824019,120.280093,14.829693,120.298572,06:53:36,07:02:36,Cloudy
650,2024-09-15,14.828588,120.285772,14.817945,120.280908,07:38:14,07:48:46,Partly Cloudy
651,2024-02-11,14.817983,120.281272,14.822783,120.283459,17:36:31,17:40:36,Mostly Clear
652,2024-12-19,14.815029,120.316454,14.806365,120.323325,08:55:33,09:04:15,Clear
653,2024-06-30,14.820621,120.274745,14.838374,120.282813,14:40:28,14:48:49,Mostly Clear
654,2024-01-04,14.843485,120.285903,14.877026,120.23191,08:29:24,09:04:52,Clear
655,2024-07-15,14.822705,120.283735,14.83833,120.283727,06:02:52,06:13:20,Mostly Clear
656,2024-05-12,14.820636,120.277274,14.841366,120.286429,09:59:14,10:08:36,Cloudy
657,2024-01-04,14.849008,120.254408,14.826802,120.273155,18:13:18,18:32:13,Rime Fog
658,2024-05-22,14.822683,120.3013,14.819876,120.284076,09:22:51,09:32:03,Partly Cloudy
659,2024-06-10,14.834969,120.288514,14.81974,120.283432,05:27:06,05:33:16,Mostly Clear
660,2024-07-11,14.825174,120.276707,14.840449,120.286889,11:43:12,11:51:47,Light Rain
661,2024-01-02,14.828361,120.281482,14.821016,120.273896,19:13:45,19:21:52,Mostly Clear
662,2024-11-18,14.881754,120.236589,14.819098,120.284354,07:18:06,07:48:13,Cloudy
663,2024-03-06,14.841515,120.286857,14.764456,120.25322,15:53:51,16:32:50,Mostly Clear
664,2024-12-11,14.829173,120.287174,14.818942,120.284043,07:27:25,07:34:06,Light Rain
665,2024-11-08,14.817779,120.283616,14.837136,120.282895,17:46:01,18:02:12,Rain
666,2024-04-27,14.842357,120.282909,14.825132,120.280413,07:21:26,07:35:37,Cloudy
667,2024-05-06,14.828654,120.295132,14.83912,120.28393,18:41:25,18:48:28,Partly Cloudy
668,2024-07-19,14.828754,120.295347,14.818831,120.278468,18:50:20,19:04:30,Partly Cloudy
669,2024-12-25,14.820588,120.27741,14.821874,120.298554,06:31:46,06:43:10,Cloudy
670,2024-02-12,14.821499,120.278082,14.82674,120.272917,07:37:15,07:41:16,Partly Cloudy
671,2024-11-02,14.824008,120.289806,14.764365,120.293223,08:13:48,08:41:04,Clear
672,2024-03-06,14.824808,120.282965,14.877362,120.232674,10:33:47,11:03:02,Light Drizzle
673,2024-08-02,14.820883,120.279061,14.839875,120.284458,07:18:46,07:29:22,Partly Cloudy
674,2024-08-24,14.829142,120.287348,14.835432,120.286739,08:46:54,08:51:04,Cloudy
675,2024-02-18,14.820761,120.284238,14.836549,120.283064,17:04:22,17:16:05,Partly Cloudy
676,2024-11-24,14.839909,120.285506,14.827952,120.282189,09:37:09,09:44:38,Rain
677,2024-11-05,14.837146,120.278382,14.882108,120.236514,19:42:58,20:18:34,Fog
678,2024-08-13,14.824009,120.279831,14.821109,120.273775,18:32:48,18:38:21,Rain
679,2024-12-30,14.828304,120.285455,14.836239,120.290502,07:31:44,07:38:50,Violent Rain Showers
680,2024-04-07,14.821311,120.275612,14.835296,120.282877,08:00:12,08:15:21,Clear
681,2024-12-22,14.828588,120.285721,14.81618,120.283484,12:40:03,12:47:44,Cloudy
682,2024-02-23,14.819695,120.278708,14.836433,120.290154,08:09:45,08:19:19,Partly Cloudy
683,2024-01-09,14.806368,120.32284,14.826643,120.280252,18:57:45,19:24:28,Clear
684,2024-03-29,14.820446,120.275817,14.851675,120.263352,06:44:32,07:08:20,Drizzle
685,2024-04-03,14.772242,120.258226,14.826204,120.282835,10:20:37,10:41:23,Partly Cloudy
686,2024-04-07,14.851686,120.256434,14.823913,120.289584,22:08:19,22:21:59,Clear
687,2024-12-23,14.82061,120.275332,14.838569,120.283154,07:37:23,07:51:06,Cloudy
688,2024-05-27,14.836697,120.278223,14.818065,120.283886,19:35:53,19:48:28,Partly Cloudy
689,2024-12-03,14.84858,120.291614,14.887636,120.237833,08:06:40,08:37:22,Partly Cloudy
690,2024-10-30,14.835195,120.28786,14.887689,120.237453,07:30:53,08:10:34,Partly Cloudy
691,2024-10-22,14.84846,120.254439,14.837886,120.279208,08:10:59,08:37:41,Mostly Clear
692,2024-06-26,14.843658,120.285806,14.839714,120.284925,06:42:09,06:45:42,Mostly Clear
693,2024-10-08,14.835965,120.286627,14.843035,120.287049,22:13:58,22:17:49,Partly Cloudy
694,2024-05-24,14.764197,120.253516,14.823171,120.287419,22:55:27,23:32:25,Mostly Clear
695,2024-09-13,14.81577,120.283931,14.822925,120.301658,20:38:48,20:47:16,Mostly Clear
696,2024-06-08,14.842879,120.286933,14.839046,120.28372,17:16:26,17:20:08,Fog
697,2024-12-17,14.836002,120.289768,14.820219,120.276664,19:25:27,19:39:02,Cloudy
698,2024-08-05,14.873108,120.235276,14.825185,120.277026,08:05:09,08:48:49,Clear
699,2024-11-02,14.821397,120.278683,14.819012,120.284334,12:27:21,12:31:02,Mostly Clear
700,2024-01-19,14.83511,120.288684,14.836396,120.289997,06:05:34,06:08:52,Mostly Clear
701,2024-02-09,14.839492,120.285536,14.77604,120.308231,08:46:40,09:16:01,Clear
702,2024-08-09,14.828641,120.287034,14.792066,120.294353,11:36:16,11:57:02,Partly Cloudy
703,2024-12-18,14.839183,120.284522,14.815874,120.2835,12:32:42,12:42:55,Mostly Clear
704,2024-11-21,14.847776,120.25468,14.837078,120.267578,06:45:20,06:55:52,Rain
705,2024-03-18,14.827008,120.279927,14.8205,120.278721,17:34:44,17:39:05,Cloudy
706,2024-08-19,14.818797,120.278476,14.772289,120.25756,05:09:39,05:28:50,Cloudy
707,2024-10-02,14.806194,120.323364,14.822688,120.301234,17:06:25,17:21:09,Partly Cloudy
708,2024-07-04,14.832731,120.285962,14.817414,120.281736,21:56:43,22:05:38,Cloudy
709,2024-03-31,14.83015,120.274063,14.815733,120.283518,07:48:29,07:57:39,Partly Cloudy
710,2024-07-28,14.82892,120.286437,14.772667,120.258293,13:39:15,14:08:51,Mostly Clear
711,2024-03-23,14.868156,120.292206,14.818922,120.284032,17:11:30,17:33:13,Mostly Clear
712,2024-02-26,14.837337,120.283211,14.835308,120.281466,13:55:58,13:59:05,Mostly Clear
713,2024-08-01,14.821604,120.275388,14.836848,120.26812,22:34:07,22:41:41,Light Rain
714,2024-01-21,14.819114,120.28347,14.835352,120.287225,19:40:41,19:51:07,Mostly Clear
715,2024-05-15,14.8281,120.294577,14.88736,120.237612,17:29:57,18:38:51,Clear
716,2024-07-08,14.887865,120.238127,14.821509,120.279034,18:45:10,19:45:43,Light Drizzle
717,2024-03-16,14.818353,120.281164,14.819767,120.283857,08:32:47,08:36:38,Light Drizzle
718,2024-09-03,14.887637,120.236858,14.818942,120.283726,17:42:04,18:14:57,Rain
719,2024-09-25,14.820667,120.276732,14.816088,120.283694,22:12:23,22:17:52,Violent Rain Showers
720,2024-01-29,14.828193,120.285064,14.840157,120.285193,17:16:51,17:29:17,Clear
721,2024-03-08,14.776673,120.308116,14.829282,120.280606,06:15:37,06:54:25,Partly Cloudy
722,2024-06-02,14.776158,120.307024,14.820471,120.276921,17:46:56,18:15:19,Partly Cloudy
723,2024-11-26,14.839643,120.28394,14.852285,120.256355,17:21:17,17:41:35,Dense Drizzle
724,2024-02-18,14.828342,120.285527,14.81575,120.283763,15:21:40,15:27:38,Partly Cloudy
725,2024-11-08,14.829353,120.281123,14.837867,120.267778,18:10:12,18:21:07,Cloudy
726,2024-06-04,14.823755,120.280121,14.876486,120.232391,08:22:53,08:51:28,Clear
727,2024-12-26,14.842349,120.287537,14.830621,120.289629,18:18:53,18:30:32,Mostly Clear
728,2024-10-30,14.790198,120.281994,14.823886,120.279127,17:49:42,18:08:40,Cloudy
729,2024-02-07,14.818853,120.27873,14.821844,120.272274,18:52:09,18:56:20,Cloudy
730,2024-12-24,14.815608,120.316566,14.839311,120.283567,13:54:23,14:10:07,Clear
731,2024-01-12,14.827677,120.28186,14.826973,120.287402,18:25:51,18:30:02,Partly Cloudy
732,2024-11-20,14.843159,120.28592,14.819012,120.283844,06:35:49,06:47:15,Heavy Rain
733,2024-03-18,14.821126,120.282913,14.824838,120.279538,09:11:41,09:16:05,Mostly Clear
734,2024-01-05,14.851609,120.263763,14.84021,120.283132,07:54:14,08:08:34,Mostly Clear
735,2024-02-21,14.764781,120.293353,14.841265,120.286806,17:49:08,18:24:38,Clear
736,2024-08-13,14.820478,120.275467,14.820594,120.28404,17:28:55,17:35:50,Mostly Clear
737,2024-04-17,14.819682,120.28421,14.838418,120.284248,19:22:47,19:35:43,Clear
738,2024-07-03,14.823508,120.300034,14.838364,120.285001,09:27:54,09:35:56,Heavy Rain
739,2024-01-24,14.843337,120.286,14.826406,120.282887,08:00:08,08:09:29,Mostly Clear
740,2024-03-18,14.823004,120.283346,14.839577,120.285575,21:11:23,21:21:16,Cloudy
741,2024-06-18,14.838985,120.284272,14.824292,120.300654,19:55:09,20:06:23,Thunderstorm
742,2024-10-01,14.819408,120.283878,14.841331,120.286379,19:00:19,19:11:02,Fog
743,2024-03-14,14.848043,120.254326,14.832862,120.281756,06:45:25,07:01:01,Light Drizzle
744,2024-06-16,14.828382,120.294018,14.822754,120.272492,19:47:59,20:04:20,Cloudy
745,2024-06-25,14.824216,120.27921,14.820781,120.283524,19:25:28,19:32:25,Light Rain
746,2024-08-21,14.819154,120.283612,14.825354,120.277377,21:54:21,21:59:21,Mostly Clear
747,2024-12-30,14.765005,120.293829,14.849194,120.290638,18:28:27,19:03:55,Cloudy
748,2024-09-26,14.822772,120.287325,14.838848,120.283471,10:36:55,10:46:53,Drizzle
749,2024-11-12,14.838061,120.267634,14.836473,120.278757,19:09:34,19:15:58,Rain Showers
750,2024-01-01,14.79199,120.294461,14.851884,120.255719,19:19:13,19:55:56,Partly Cloudy
751,2024-07-19,14.836616,120.277169,14.819278,120.284298,07:04:14,07:16:06,Partly Cloudy
752,2024-02-22,14.824357,120.289864,14.805842,120.322806,20:30:14,20:44:19,Clear
753,2024-01-21,14.836451,120.278018,14.84146,120.28687,17:40:29,17:45:46,Fog
754,2024-09-10,14.824133,120.280413,14.841494,120.2871,14:26:03,14:36:17,Thunderstorm
755,2024-02-12,14.825142,120.281255,14.838537,120.28402,18:15:37,18:23:30,Partly Cloudy
756,2024-10-29,14.817767,120.284609,14.828042,120.285825,21:06:36,21:11:25,Drizzle
757,2024-08-13,14.839279,120.283678,14.81513,120.283826,20:55:33,21:08:51,Partly Cloudy
758,2024-05-29,14.805994,120.322513,14.824025,120.279073,05:46:29,06:13:00,Rain Showers
759,2024-05-14,14.818967,120.284298,14.821146,120.274423,10:13:35,10:18:33,Partly Cloudy
760,2024-04-26,14.848253,120.255308,14.829452,120.298701,08:05:40,08:37:07,Clear
761,2024-04-07,14.824291,120.279825,14.823821,120.28862,19:41:35,19:47:37,Mostly Clear
762,2024-03-09,14.819963,120.28457,14.823778,120.287857,09:54:47,09:59:34,Partly Cloudy
763,2024-05-20,14.839435,120.284299,14.841583,120.286121,08:14:15,08:16:59,Clear
764,2024-09-22,14.842534,120.282443,14.825181,120.277192,18:47:16,18:58:16,Thunderstorm
765,2024-05-06,14.842636,120.281846,14.828747,120.281075,20:08:06,20:15:21,Partly Cloudy
766,2024-10-10,14.82076,120.283254,14.85101,120.25665,11:29:17,11:45:11,Clear
767,2024-06-26,14.826337,120.272138,14.848411,120.29097,17:43:22,17:59:22,Light Drizzle
768,2024-12-11,14.843016,120.281858,14.820701,120.283487,08:26:09,08:48:27,Clear
769,2024-04-09,14.815966,120.283692,14.830392,120.288622,17:53:11,18:05:17,Clear
770,2024-06-08,14.842629,120.286997,14.88204,120.235938,18:31:05,18:56:34,Cloudy
771,2024-03-27,14.828125,120.281211,14.82161,120.272249,17:00:20,17:10:02,Drizzle
772,2024-11-03,14.829193,120.287162,14.827518,120.29465,07:45:54,07:51:21,Cloudy
773,2024-04-02,14.829551,120.286995,14.841438,120.283058,06:31:12,06:39:12,Clear
774,2024-09-08,14.776145,120.307377,14.824016,120.289337,07:03:58,07:28:06,Rime Fog
775,2024-10-06,14.824519,120.279658,14.87704,120.23299,12:20:08,12:54:35,Drizzle
776,2024-06-05,14.838279,120.28393,14.849234,120.290654,18:49:43,18:56:48,Partly Cloudy
777,2024-04-06,14.826203,120.271999,14.822044,120.274325,19:55:27,19:59:40,Clear
778,2024-11-23,14.832947,120.282148,14.82835,120.286152,05:59:24,06:04:16,Rain
779,2024-07-09,14.841054,120.285776,14.834949,120.2823,14:02:09,14:06:14,Rain
780,2024-05-19,14.843959,120.286145,14.824381,120.279284,07:24:17,07:36:10,Clear
781,2024-09-07,14.820951,120.276164,14.819053,120.284648,17:47:16,17:52:22,Rain
782,2024-04-12,14.827672,120.281805,14.838851,120.284422,18:30:06,18:38:31,Mostly Clear
783,2024-04-06,14.848532,120.255337,14.831113,120.288871,22:20:02,22:34:02,Clear
784,2024-05-29,14.828325,120.285902,14.821911,120.298387,08:12:21,08:24:39,Mostly Clear
785,2024-11-12,14.827193,120.280082,14.841068,120.286789,22:59:20,23:05:57,Partly Cloudy
786,2024-11-17,14.841444,120.282541,14.819087,120.283379,17:41:52,17:55:23,Heavy Rain
787,2024-03-19,14.877256,120.231689,14.82977,120.287297,17:09:18,17:45:18,Clear
788,2024-07-24,14.824807,120.281935,14.842929,120.281765,17:25:26,17:38:23,Rain Showers
789,2024-12-03,14.821098,120.274148,14.819116,120.284101,13:57:29,14:02:16,Cloudy
790,2024-11-15,14.820739,120.278862,14.83937,120.285444,07:35:56,07:45:42,Cloudy
791,2024-04-11,14.873146,120.234907,14.820421,120.283669,06:55:47,08:04:01,Clear
792,2024-02-16,14.836201,120.290926,14.823748,120.2895,17:47:09,17:54:55,Light Drizzle
793,2024-03-24,14.776237,120.307718,14.819608,120.284524,19:26:10,20:14:12,Mostly Clear
794,2024-09-01,14.819742,120.278466,14.819493,120.283769,08:52:23,08:56:29,Partly Cloudy
795,2024-07-20,14.83275,120.285341,14.877244,120.232294,09:59:50,10:21:16,Drizzle
796,2024-10-29,14.821122,120.275405,14.877602,120.235344,07:12:32,07:59:56,Light Rain
797,2024-08-22,14.818717,120.283525,14.84325,120.281906,13:35:02,13:47:16,Dense Drizzle
798,2024-12-22,14.835208,120.288008,14.824956,120.277373,08:54:50,09:03:54,Rime Fog
799,2024-02-28,14.829241,120.287239,14.841276,120.285814,06:15:04,06:23:03,Light Rain
800,2024-08-23,14.839691,120.284891,14.824751,120.282967,13:50:42,13:55:50,Light Rain
801,2024-04-29,14.81992,120.284127,14.82908,120.287782,18:20:40,18:30:28,Clear
802,2024-04-11,14.817902,120.281062,14.834743,120.288291,19:12:44,19:23:35,Clear
803,2024-06-25,14.823129,120.287562,14.828644,120.285601,16:00:41,16:06:35,Cloudy
804,2024-12-11,14.842747,120.282483,14.821639,120.278334,22:28:00,22:36:42,Partly Cloudy
805,2024-06-12,14.839655,120.284249,14.820984,120.275095,18:23:31,18:38:33,Cloudy
806,2024-08-25,14.828434,120.280708,14.83675,120.277924,07:26:01,07:35:25,Partly Cloudy
807,2024-04-11,14.876472,120.233302,14.776508,120.308617,07:53:54,08:49:59,Mostly Clear
808,2024-05-28,14.832608,120.28171,14.821929,120.298477,18:51:13,19:04:08,Rime Fog
809,2024-07-08,14.806047,120.32259,14.840336,120.284627,17:28:23,17:56:45,Mostly Clear
810,2024-03-06,14.838179,120.286436,14.764136,120.253062,21:36:58,22:06:06,Cloudy
811,2024-11-15,14.832988,120.284847,14.821006,120.283675,18:38:57,18:51:43,Partly Cloudy
812,2024-11-13,14.83698,120.267177,14.817825,120.281201,07:20:31,07:35:51,Partly Cloudy
813,2024-07-11,14.830308,120.289351,14.820589,120.275701,17:19:16,17:31:46,Partly Cloudy
814,2024-05-20,14.829434,120.286797,14.818939,120.284184,08:29:18,08:37:10,Mostly Clear
815,2024-06-16,14.830899,120.289307,14.817809,120.280643,05:41:18,05:47:17,Mostly Clear
816,2024-03-24,14.837552,120.27881,14.82268,120.301617,11:05:48,11:16:43,Partly Cloudy
817,2024-02-15,14.817902,120.281311,14.819665,120.27873,15:10:07,15:13:09,Clear
818,2024-04-29,14.830535,120.289182,14.817931,120.280831,10:32:20,10:39:45,Clear
819,2024-10-28,14.821102,120.283712,14.819433,120.283905,07:00:22,07:04:16,Mostly Clear
820,2024-04-13,14.830693,120.289368,14.825395,120.277397,12:21:12,12:28:03,Clear
821,2024-01-22,14.842131,120.282335,14.821182,120.278685,06:12:48,06:24:09,Mostly Clear
822,2024-06-07,14.828663,120.281677,14.881633,120.236425,18:13:31,18:38:47,Drizzle
823,2024-01-01,14.836608,120.283262,14.836568,120.27716,20:03:54,20:08:28,Rain
824,2024-07-09,14.829811,120.286799,14.830616,120.289143,06:19:49,06:23:44,Rain Showers
825,2024-03-30,14.849194,120.264834,14.826364,120.282967,06:29:55,06:51:11,Mostly Clear
826,2024-03-30,14.824343,120.288964,14.832862,120.285358,20:57:02,21:03:00,Clear
827,2024-12-19,14.827128,120.286783,14.836125,120.286326,08:02:55,08:09:20,Mostly Clear
828,2024-07-09,14.82073,120.275674,14.842238,120.287664,16:09:20,16:19:22,Fog
829,2024-10-04,14.830556,120.288439,14.819088,120.278653,17:38:16,17:46:39,Light Drizzle
830,2024-03-22,14.819603,120.284526,14.816247,120.2829,20:08:52,20:12:26,Clear
831,2024-10-08,14.828081,120.285456,14.829112,120.280139,10:47:14,10:52:03,Partly Cloudy
832,2024-06-28,14.83841,120.286224,14.824242,120.279157,22:48:06,22:55:45,Fog
833,2024-02-06,14.819959,120.284206,14.815732,120.283475,12:15:48,12:19:08,Cloudy
834,2024-02-06,14.832789,120.282339,14.822667,120.286872,17:27:22,17:35:41,Mostly Clear
835,2024-06-28,14.840106,120.283911,14.831164,120.289005,18:48:34,18:56:02,Clear
836,2024-05-05,14.81751,120.284553,14.842565,120.287274,22:40:59,22:51:36,Partly Cloudy
837,2024-02-18,14.839545,120.283164,14.830961,120.288936,08:49:01,08:55:23,Light Drizzle
838,2024-05-30,14.830882,120.289806,14.839842,120.285465,05:18:38,05:24:10,Light Drizzle
839,2024-07-11,14.824057,120.289369,14.820738,120.284104,07:55:43,08:01:42,Light Rain
840,2024-08-08,14.828744,120.281708,14.821562,120.283954,19:23:40,19:29:21,Rain Showers
841,2024-03-11,14.819905,120.275478,14.84256,120.286793,08:11:42,08:32:49,Cloudy
842,2024-07-19,14.825335,120.280818,14.829342,120.279878,06:07:33,06:10:50,Cloudy
843,2024-11-20,14.819124,120.283934,14.817188,120.281189,09:09:42,09:13:44,Rain
844,2024-07-04,14.828067,120.295161,14.839282,120.284892,12:26:03,12:34:33,Partly Cloudy
845,2024-03-06,14.828059,120.295508,14.823629,120.300591,19:56:26,20:01:34,Partly Cloudy
846,2024-07-08,14.833098,120.285207,14.819531,120.284138,08:51:58,09:01:31,Light Drizzle
847,2024-10-20,14.848647,120.25428,14.839502,120.283988,08:31:21,08:54:24,Violent Rain Showers
848,2024-04-08,14.836594,120.277853,14.764043,120.25258,16:43:26,17:12:54,Partly Cloudy
849,2024-12-30,14.835374,120.288507,14.824295,120.279646,07:37:33,07:47:58,Clear
850,2024-10-17,14.882172,120.236402,14.874161,120.234999,07:38:04,07:42:47,Light Drizzle
851,2024-04-11,14.82915,120.282231,14.822038,120.29843,19:31:38,19:43:55,Clear
852,2024-12-17,14.820324,120.27665,14.827387,120.281521,08:36:03,08:41:05,Partly Cloudy
853,2024-06-11,14.842908,120.287234,14.81994,120.27557,10:51:52,11:02:11,Partly Cloudy
854,2024-07-27,14.876492,120.232208,14.821395,120.27833,17:57:11,18:29:15,Mostly Clear
855,2024-07-15,14.818947,120.283639,14.833118,120.281937,14:01:34,14:08:17,Cloudy
856,2024-04-15,14.836541,120.27819,14.817596,120.283328,19:53:44,20:03:11,Partly Cloudy
857,2024-11-26,14.82641,120.283158,14.848609,120.254788,15:45:51,16:01:32,Partly Cloudy
858,2024-05-13,14.848419,120.315596,14.843535,120.282298,08:41:33,08:59:26,Dense Drizzle
859,2024-08-19,14.838139,120.285798,14.838026,120.278944,07:17:55,07:21:47,Light Drizzle
860,2024-08-04,14.827487,120.287708,14.837333,120.26853,11:01:51,11:10:53,Cloudy
861,2024-04-01,14.836016,120.277993,14.867945,120.292409,17:50:00,18:08:48,Mostly Clear
862,2024-05-22,14.776133,120.307897,14.82145,120.298603,19:07:45,19:36:34,Mostly Clear
863,2024-11-27,14.820873,120.283675,14.764873,120.293114,13:50:38,14:22:42,Clear
864,2024-07-07,14.819867,120.284425,14.842797,120.287232,09:38:57,09:48:20,Rain
865,2024-03-12,14.841515,120.286326,14.815095,120.317044,12:25:15,12:44:58,Light Rain
866,2024-05-05,14.805619,120.322862,14.851464,120.25601,21:59:06,22:35:36,Mostly Clear
867,2024-09-02,14.829193,120.287226,14.836208,120.287028,07:59:32,08:04:43,Drizzle
868,2024-05-25,14.839734,120.28347,14.824859,120.280179,19:07:56,19:17:32,Mostly Clear
869,2024-11-21,14.821341,120.278599,14.837858,120.285562,06:05:39,06:20:01,Heavy Rain
870,2024-01-01,14.825277,120.277467,14.776794,120.307801,10:54:02,11:25:53,Light Drizzle
871,2024-11-11,14.832293,120.285252,14.825062,120.277034,13:54:30,14:01:03,Rain
872,2024-10-28,14.848981,120.314996,14.828392,120.281712,08:49:57,09:07:17,Rain
873,2024-10-11,14.835298,120.281697,14.82031,120.275866,17:29:57,17:38:05,Partly Cloudy
874,2024-01-30,14.886821,120.237616,14.841622,120.2863,17:26:30,18:05:43,Cloudy
875,2024-06-21,14.828613,120.287546,14.841001,120.286438,07:54:05,08:06:32,Clear
876,2024-05-29,14.868007,120.292251,14.824091,120.289637,13:43:43,13:56:43,Clear
877,2024-01-01,14.797615,120.27193,14.81557,120.284206,11:50:10,11:58:31,Mostly Clear
878,2024-05-13,14.829439,120.298148,14.84178,120.282512,19:06:31,19:19:32,Cloudy
879,2024-04-30,14.832936,120.282119,14.825632,120.282145,12:42:20,12:45:34,Partly Cloudy
880,2024-05-24,14.834747,120.282505,14.775895,120.307382,22:20:37,22:52:31,Light Drizzle
881,2024-12-01,14.827122,120.287014,14.82931,120.28162,06:22:04,06:27:34,Partly Cloudy
882,2024-12-03,14.8206,120.284513,14.824737,120.28307,19:55:44,19:59:25,Clear
883,2024-04-02,14.836229,120.285733,14.839129,120.284418,19:23:45,19:26:36,Mostly Clear
884,2024-09-27,14.877091,120.232927,14.819508,120.283864,20:59:39,21:22:50,Partly Cloudy
885,2024-01-10,14.835245,120.288114,14.837128,120.267632,17:30:53,17:43:22,Light Drizzle
886,2024-05-10,14.824789,120.279606,14.836375,120.290905,06:02:14,06:14:11,Cloudy
887,2024-11-23,14.877197,120.234972,14.821137,120.282811,20:42:03,21:17:26,Mostly Clear
888,2024-12-01,14.820012,120.28408,14.828103,120.286557,17:21:41,17:27:28,Cloudy
889,2024-05-27,14.836706,120.277981,14.848987,120.290272,19:40:04,19:51:45,Mostly Clear
890,2024-09-30,14.837717,120.278309,14.839732,120.285075,08:39:17,08:43:28,Clear
891,2024-03-15,14.816071,120.282939,14.825889,120.283437,19:34:12,19:43:07,Mostly Clear
892,2024-10-27,14.764839,120.29269,14.841461,120.282879,09:47:14,10:11:26,Mostly Clear
893,2024-10-19,14.829495,120.280799,14.841188,120.286604,18:41:21,18:52:40,Light Rain
894,2024-06-23,14.820892,120.284093,14.841781,120.282778,19:20:15,19:34:59,Cloudy
895,2024-02-08,14.837161,120.290319,14.80565,120.323341,13:04:31,13:21:21,Fog
896,2024-07-04,14.824445,120.27987,14.824939,120.27954,18:20:56,18:25:54,Rain
897,2024-10-06,14.815925,120.283656,14.830885,120.288896,18:06:57,18:16:59,Clear
898,2024-07-03,14.824287,120.278806,14.840197,120.285493,06:37:35,06:49:10,Rain
899,2024-12-15,14.820852,120.283561,14.789378,120.282267,17:43:33,17:59:27,Rain
900,2024-07-29,14.792029,120.294177,14.823151,120.287422,12:17:15,12:30:26,Dense Drizzle
901,2024-10-22,14.827631,120.281263,14.828294,120.294989,17:42:15,17:51:43,Rain
902,2024-01-08,14.82857,120.280728,14.830407,120.288844,07:09:09,07:14:59,Rime Fog
903,2024-12-05,14.829028,120.281194,14.847925,120.254562,18:27:03,18:48:00,Cloudy
904,2024-08-30,14.824254,120.279962,14.836858,120.289638,16:04:37,16:14:23,Cloudy
905,2024-03-09,14.821457,120.274163,14.822714,120.301672,07:24:14,07:42:12,Clear
906,2024-02-24,14.806289,120.322528,14.820077,120.284087,06:48:42,07:15:15,Partly Cloudy
907,2024-01-01,14.823515,120.278682,14.819467,120.278499,08:19:46,08:24:43,Mostly Clear
908,2024-06-21,14.789687,120.281988,14.824876,120.280224,19:21:31,19:39:35,Thunderstorm
909,2024-10-07,14.840625,120.286887,14.81545,120.283285,08:13:13,08:30:03,Rain
910,2024-11-02,14.840242,120.283517,14.8493,120.264682,17:02:30,17:18:35,Rain Showers
911,2024-05-22,14.836227,120.277742,14.843187,120.282543,18:48:28,18:57:48,Clear
912,2024-05-31,14.826432,120.272091,14.827217,120.27963,17:39:08,17:44:41,Clear
913,2024-01-18,14.83302,120.282859,14.839059,120.284749,18:06:05,18:11:35,Light Drizzle
914,2024-10-26,14.828569,120.28686,14.82276,120.287667,15:10:53,15:15:12,Partly Cloudy
915,2024-01-11,14.825404,120.280418,14.818489,120.283822,08:29:59,08:36:37,Cloudy
916,2024-01-28,14.838478,120.28593,14.820666,120.276036,17:51:08,18:05:15,Clear
917,2024-09-08,14.829063,120.280489,14.848952,120.264988,11:08:51,11:24:54,Cloudy
918,2024-12-14,14.827697,120.281836,14.836048,120.283861,17:02:48,17:09:34,Light Rain
919,2024-02-20,14.828414,120.294827,14.823709,120.288785,19:23:03,19:29:21,Partly Cloudy
920,2024-03-16,14.877073,120.231776,14.826503,120.272533,20:34:30,21:12:13,Clear
921,2024-08-10,14.823992,120.280134,14.823561,120.279042,06:00:42,06:04:30,Partly Cloudy
922,2024-06-13,14.842766,120.287186,14.836212,120.286926,07:52:10,07:58:13,Clear
923,2024-11-15,14.822092,120.298462,14.824501,120.277763,16:11:08,16:20:08,Clear
924,2024-11-16,14.831228,120.288825,14.829298,120.29914,21:11:35,21:18:36,Mostly Clear
925,2024-02-03,14.824808,120.28028,14.776147,120.308266,08:18:46,08:52:17,Clear
926,2024-06-07,14.819489,120.279584,14.815528,120.283693,12:05:29,12:10:10,Clear
927,2024-07-25,14.887349,120.238354,14.828329,120.285426,22:43:23,23:13:48,Partly Cloudy
928,2024-05-28,14.818754,120.283828,14.827366,120.280736,19:32:58,19:39:16,Clear
929,2024-12-18,14.877157,120.232808,14.78936,120.281951,08:03:54,09:16:49,Cloudy
930,2024-02-16,14.819097,120.28406,14.881883,120.236008,19:29:46,20:00:56,Mostly Clear
931,2024-01-18,14.79209,120.294105,14.829439,120.298934,09:58:48,10:16:23,Rime Fog
932,2024-01-05,14.824175,120.289009,14.843287,120.287269,06:51:01,07:02:34,Cloudy
933,2024-11-01,14.820846,120.279291,14.824035,120.300825,18:58:00,19:09:22,Mostly Clear
934,2024-05-29,14.843506,120.285978,14.877187,120.233478,07:21:53,08:02:45,Clear
935,2024-05-10,14.84741,120.254403,14.819348,120.284066,22:47:54,23:01:09,Dense Drizzle
936,2024-08-07,14.828819,120.294536,14.835246,120.287804,17:33:44,17:41:56,Rain
937,2024-01-14,14.764742,120.29321,14.82349,120.279316,17:20:47,18:03:19,Cloudy
938,2024-11-25,14.764843,120.293148,14.805758,120.323248,20:13:33,20:31:50,Partly Cloudy
939,2024-05-01,14.842726,120.287147,14.820687,120.276759,19:47:57,20:07:27,Rain Showers
940,2024-10-24,14.844175,120.28608,14.826316,120.283071,12:18:36,12:27:21,Drizzle
941,2024-11-15,14.847762,120.253812,14.775517,120.30811,08:18:53,09:07:27,Heavy Rain Showers
942,2024-05-07,14.88758,120.237687,14.882085,120.23655,18:01:49,18:05:55,Light Rain
943,2024-07-25,14.806297,120.323241,14.821463,120.271738,17:26:39,17:54:52,Light Rain
944,2024-09-23,14.837426,120.268681,14.837996,120.279363,13:42:42,13:49:07,Rain
945,2024-06-25,14.815489,120.316684,14.849094,120.253985,21:07:09,21:31:44,Mostly Clear
946,2024-12-04,14.775594,120.307628,14.828177,120.282284,18:36:24,19:03:50,Mostly Clear
947,2024-03-02,14.824814,120.280987,14.806257,120.322208,07:25:34,07:50:36,Mostly Clear
948,2024-11-03,14.818805,120.283356,14.824548,120.280938,17:03:07,17:11:02,Drizzle
949,2024-05-22,14.815103,120.283389,14.841962,120.286704,17:54:47,18:18:51,Clear
950,2024-09-10,14.824546,120.279339,14.821237,120.271571,18:10:03,18:17:48,Rain
951,2024-07-15,14.835221,120.287819,14.822456,120.298201,10:36:44,10:42:43,Cloudy
952,2024-02-15,14.835467,120.287661,14.876441,120.233128,13:22:45,13:57:21,Light Drizzle
953,2024-12-13,14.828619,120.282139,14.842304,120.281621,17:24:07,17:35:56,Partly Cloudy
954,2024-06-06,14.843528,120.286091,14.837466,120.279623,06:55:37,07:02:44,Cloudy
955,2024-02-25,14.829741,120.29864,14.818128,120.280776,15:47:50,15:56:56,Cloudy
956,2024-02-22,14.84841,120.290749,14.82864,120.287191,12:33:59,12:45:24,Cloudy
957,2024-10-03,14.823979,120.288557,14.819653,120.284079,08:11:34,08:16:55,Thunderstorm with Hail
958,2024-08-20,14.83089,120.289017,14.82635,120.272741,07:15:57,07:28:51,Mostly Clear
959,2024-07-20,14.820618,120.284034,14.820301,120.276303,21:23:00,21:28:31,Mostly Clear
960,2024-10-19,14.821483,120.272289,14.82777,120.285258,18:48:38,18:58:38,Rain
961,2024-01-18,14.824403,120.28932,14.820208,120.275387,22:46:14,22:55:50,Mostly Clear
962,2024-11-08,14.776133,120.307865,14.873512,120.23526,19:05:18,20:29:50,Cloudy
963,2024-10-03,14.841644,120.282852,14.82384,120.279371,21:11:01,21:20:40,Fog
964,2024-10-04,14.840163,120.286516,14.856773,120.289294,18:32:31,18:44:35,Dense Drizzle
965,2024-05-01,14.817734,120.281612,14.824449,120.289543,17:42:57,17:49:59,Fog
966,2024-05-17,14.825038,120.277501,14.792548,120.294213,18:29:37,18:47:24,Clear
967,2024-04-09,14.83648,120.278412,14.827941,120.286178,19:59:06,20:05:29,Partly Cloudy
968,2024-07-25,14.827742,120.281542,14.82327,120.288283,11:55:44,12:00:27,Cloudy
969,2024-11-26,14.848026,120.254813,14.82091,120.284017,07:54:35,08:12:25,Clear
970,2024-02-27,14.838979,120.283802,14.826406,120.272793,20:30:10,20:40:09,Mostly Clear
971,2024-08-20,14.826457,120.280069,14.819906,120.284055,17:06:13,17:13:00,Partly Cloudy
972,2024-03-17,14.877538,120.232264,14.819215,120.284282,21:51:06,22:16:13,Mostly Clear
973,2024-10-14,14.837064,120.278519,14.791554,120.294845,17:48:30,18:14:42,Cloudy
974,2024-06-15,14.819874,120.28418,14.824407,120.280164,20:32:26,20:37:24,Dense Drizzle
975,2024-10-04,14.826783,120.287963,14.819978,120.283985,22:37:27,22:42:25,Heavy Rain Showers
976,2024-12-20,14.840207,120.286322,14.83535,120.282022,06:59:54,07:05:32,Clear
977,2024-06-15,14.83009,120.289121,14.775658,120.308189,09:13:00,09:41:20,Rime Fog
978,2024-11-11,14.819639,120.284264,14.827052,120.282163,19:31:09,19:39:26,Fog
979,2024-12-26,14.848856,120.315166,14.820736,120.283909,06:04:33,06:24:03,Partly Cloudy
980,2024-01-31,14.823762,120.28979,14.842824,120.286865,06:33:15,06:45:31,Mostly Clear
981,2024-08-25,14.825068,120.277327,14.822795,120.272828,18:35:40,18:40:31,Partly Cloudy
982,2024-02-22,14.8243,120.280167,14.81904,120.278434,17:45:28,17:51:19,Clear
983,2024-04-03,14.842582,120.287346,14.83913,120.284241,19:58:39,20:04:01,Mostly Clear
984,2024-07-05,14.805602,120.323536,14.82033,120.275911,11:50:36,12:13:08,Fog
985,2024-03-23,14.84889,120.255348,14.825037,120.27677,12:15:01,12:32:59,Cloudy
986,2024-10-25,14.824018,120.288602,14.819996,120.284043,06:28:04,06:34:07,Rain Showers
987,2024-09-22,14.820602,120.276618,14.824934,120.280212,08:48:06,08:53:18,Cloudy
988,2024-09-14,14.826303,120.272923,14.819825,120.276386,18:43:13,18:48:48,Clear
989,2024-01-09,14.806441,120.323086,14.822087,120.298589,07:41:05,07:53:20,Clear
990,2024-10-22,14.83556,120.281734,14.819649,120.284233,19:47:22,19:56:07,Dense Drizzle
991,2024-09-12,14.826854,120.272156,14.822294,120.298341,17:25:03,17:49:14,Dense Drizzle
992,2024-02-29,14.847775,120.255134,14.822406,120.301515,06:58:11,07:18:29,Clear
993,2024-04-08,14.82049,120.275343,14.838159,120.285566,08:00:42,08:16:26,Mostly Clear
994,2024-06-21,14.842957,120.281976,14.840706,120.286279,20:42:20,20:47:21,Light Rain
995,2024-02-03,14.820475,120.283549,14.828035,120.282302,22:41:00,22:46:28,Light Rain
996,2024-03-01,14.821313,120.27846,14.81957,120.284277,07:35:20,07:40:15,Clear
997,2024-11-10,14.848334,120.254781,14.775883,120.307701,07:17:03,07:55:05,Mostly Clear
998,2024-06-12,14.817907,120.281267,14.824478,120.280806,19:40:41,19:45:58,Cloudy
999,2024-06-06,14.820995,120.278918,14.829278,120.287395,13:28:37,13:37:17,Partly Cloudy
1000,2024-08-10,14.818381,120.280894,14.826351,120.283115,06:49:07,06:54:44,Fog
1001,2024-10-05,14.843961,120.286005,14.775996,120.307936,08:42:23,09:23:10,Partly Cloudy
1002,2024-02-10,14.84887,120.315428,14.877693,120.235189,12:23:33,12:55:18,Fog
1003,2024-12-12,14.877673,120.23296,14.823922,120.278583,07:38:16,08:06:05,Cloudy
1004,2024-07-20,14.833581,120.285706,14.887286,120.237756,07:37:04,08:19:10,Light Rain
1005,2024-01-26,14.832292,120.281924,14.8247,120.280047,18:07:58,18:12:55,Clear
1006,2024-05-07,14.828695,120.280137,14.839173,120.284049,22:04:20,22:11:00,Mostly Clear
1007,2024-11-06,14.824748,120.282197,14.867961,120.292667,17:41:04,18:17:04,Clear
1008,2024-09-02,14.876919,120.232823,14.837505,120.278717,06:48:20,07:22:48,Partly Cloudy
1009,2024-08-08,14.827058,120.282055,14.851684,120.256246,21:08:01,21:21:16,Drizzle
1010,2024-11-18,14.805219,120.322545,14.815739,120.316836,21:16:06,21:22:35,Fog
1011,2024-10-26,14.848722,120.254409,14.839052,120.284063,06:05:28,06:19:51,Partly Cloudy
1012,2024-03-11,14.83766,120.286302,14.848874,120.290921,07:33:32,07:41:00,Partly Cloudy
1013,2024-04-02,14.805935,120.322203,14.816062,120.283313,14:36:05,14:50:08,Clear
1014,2024-12-09,14.82057,120.283631,14.835172,120.288354,17:29:46,17:39:53,Partly Cloudy
1015,2024-02-27,14.823425,120.300475,14.849181,120.264922,08:41:15,09:04:41,Partly Cloudy
1016,2024-04-03,14.877047,120.231893,14.832729,120.28223,08:59:26,09:46:10,Clear
1017,2024-07-01,14.829205,120.286967,14.828383,120.281663,08:26:17,08:29:50,Partly Cloudy
1018,2024-09-02,14.82871,120.281944,14.825106,120.27975,19:28:38,19:33:18,Light Drizzle
1019,2024-03-24,14.83961,120.284286,14.832559,120.282874,11:45:26,11:50:31,Clear
1020,2024-06-19,14.829156,120.287466,14.815564,120.316759,22:01:58,22:15:38,Mostly Clear
1021,2024-05-28,14.82818,120.294167,14.827124,120.287554,18:25:54,18:30:51,Light Rain
1022,2024-01-02,14.841086,120.286581,14.836703,120.277923,15:53:35,15:58:49,Mostly Clear
1023,2024-07-11,14.824411,120.289089,14.791641,120.294092,16:27:39,16:44:23,Light Drizzle
1024,2024-12-18,14.819084,120.27858,14.843047,120.281949,09:20:21,09:35:02,Cloudy
1025,2024-07-03,14.820088,120.284747,14.823985,120.288913,19:02:22,19:08:41,Drizzle
1026,2024-02-21,14.839956,120.286406,14.839425,120.284302,07:38:03,07:43:04,Partly Cloudy
1027,2024-05-20,14.791879,120.294546,14.838321,120.283502,22:55:35,23:12:37,Rime Fog
1028,2024-09-07,14.825432,120.280006,14.824366,120.27975,13:34:57,13:37:55,Partly Cloudy
1029,2024-07-08,14.84373,120.286222,14.835914,120.28704,07:50:08,07:57:40,Mostly Clear
1030,2024-04-05,14.882,120.236509,14.839616,120.283541,06:48:51,07:36:07,Clear
1031,2024-09-14,14.818405,120.281508,14.828769,120.281762,12:34:51,12:40:35,Light Rain
1032,2024-10-13,14.837758,120.278658,14.798149,120.27239,17:36:38,17:56:08,Mostly Clear
1033,2024-02-26,14.824032,120.278909,14.820143,120.275621,05:13:33,05:17:15,Mostly Clear
1034,2024-06-28,14.873591,120.235427,14.830655,120.288477,21:10:23,21:39:26,Light Rain
1035,2024-05-17,14.830958,120.288654,14.82118,120.275488,18:16:19,18:23:15,Mostly Clear
1036,2024-09-08,14.873782,120.235123,14.824361,120.28035,20:46:52,21:11:48,Mostly Clear
1037,2024-04-08,14.828519,120.285251,14.820465,120.284125,16:34:24,16:41:35,Light Rain
1038,2024-01-22,14.818989,120.283978,14.823861,120.28926,17:02:24,17:09:01,Rime Fog
1039,2024-11-20,14.819302,120.278734,14.839915,120.28364,16:04:45,16:16:45,Dense Drizzle
1040,2024-07-03,14.820577,120.27717,14.820015,120.284224,08:13:52,08:19:09,Partly Cloudy
1041,2024-11-01,14.839011,120.283072,14.823427,120.289284,19:32:42,19:42:16,Thunderstorm
1042,2024-09-03,14.821436,120.277943,14.841753,120.286413,07:06:17,07:20:15,Partly Cloudy
1043,2024-10-12,14.826438,120.272632,14.835665,120.282436,20:28:10,20:38:24,Mostly Clear
1044,2024-10-17,14.821522,120.271772,14.822766,120.301727,08:59:03,09:20:05,Cloudy
1045,2024-01-24,14.764899,120.252744,14.819653,120.278645,16:53:40,17:14:35,Mostly Clear
1046,2024-02-17,14.887077,120.237187,14.848962,120.290697,17:57:35,18:29:20,Mostly Clear
1047,2024-07-28,14.821735,120.278663,14.818066,120.284086,20:20:53,20:23:56,Rain
1048,2024-05-22,14.840128,120.283561,14.822072,120.30192,22:37:24,22:49:15,Clear
1049,2024-11-27,14.798129,120.27192,14.87342,120.235641,06:45:05,07:27:51,Clear
1050,2024-11-10,14.830134,120.288972,14.772474,120.258668,17:27:26,18:04:58,Rime Fog
1051,2024-11-21,14.836026,120.286492,14.821434,120.273859,19:42:41,19:54:23,Clear
1052,2024-02-14,14.82625,120.272942,14.851969,120.263432,18:29:54,18:44:14,Light Rain
1053,2024-08-24,14.81777,120.281769,14.822023,120.298348,17:29:31,17:38:29,Drizzle
1054,2024-10-30,14.872994,120.235551,14.816209,120.28295,07:11:10,07:47:31,Rain
1055,2024-06-26,14.764779,120.293062,14.856831,120.289887,13:31:53,14:16:16,Light Rain
1056,2024-01-10,14.815962,120.283279,14.830727,120.273759,05:04:40,05:15:36,Mostly Clear
1057,2024-03-31,14.828298,120.280315,14.839151,120.284147,19:20:56,19:28:20,Mostly Clear
1058,2024-07-18,14.820033,120.284093,14.826818,120.280355,16:59:59,17:03:34,Light Drizzle
1059,2024-01-01,14.839847,120.285143,14.820629,120.284464,15:56:51,16:08:57,Cloudy
1060,2024-01-28,14.824698,120.28032,14.822694,120.298509,10:12:02,10:20:46,Clear
1061,2024-09-15,14.848361,120.315196,14.8282,120.281427,08:20:44,08:52:21,Light Rain
1062,2024-07-30,14.825047,120.280178,14.830267,120.274322,09:39:50,09:44:46,Clear
1063,2024-06-19,14.830557,120.274637,14.820141,120.283781,08:42:39,08:49:39,Heavy Rain
1064,2024-08-03,14.829031,120.28538,14.843312,120.286701,07:34:27,07:42:29,Partly Cloudy
1065,2024-11-18,14.841203,120.286792,14.83891,120.284377,12:25:58,12:29:31,Cloudy
1066,2024-07-05,14.843138,120.28584,14.815449,120.284078,10:13:36,10:25:54,Light Rain
1067,2024-12-07,14.840185,120.285462,14.82278,120.301555,09:56:14,10:12:15,Clear
1068,2024-08-15,14.828794,120.28746,14.822497,120.272307,05:43:44,05:54:29,Dense Drizzle
1069,2024-01-01,14.839747,120.283008,14.856804,120.289952,21:08:11,21:17:45,Drizzle
1070,2024-02-10,14.842214,120.287398,14.828504,120.285247,08:59:11,09:09:38,Mostly Clear
1071,2024-04-07,14.851621,120.25573,14.842076,120.28697,15:38:35,15:50:09,Heavy Rain
1072,2024-05-27,14.820536,120.28353,14.836539,120.283268,20:13:19,20:20:36,Mostly Clear
1073,2024-12-23,14.820919,120.275353,14.77248,120.2582,12:04:04,12:23:12,Mostly Clear
1074,2024-05-04,14.840517,120.28674,14.837979,120.278646,21:36:21,21:41:06,Mostly Clear
1075,2024-10-07,14.817396,120.281258,14.829647,120.287759,19:28:30,19:37:47,Dense Drizzle
1076,2024-07-10,14.877651,120.234962,14.842719,120.287388,05:00:25,05:21:46,Partly Cloudy
1077,2024-07-13,14.821355,120.276199,14.824871,120.280077,07:11:18,07:15:23,Light Rain
1078,2024-01-17,14.836182,120.290071,14.842978,120.281878,18:53:43,19:03:54,Cloudy
1079,2024-11-11,14.887742,120.237388,14.849206,120.290587,12:57:43,13:25:00,Light Drizzle
1080,2024-04-05,14.842287,120.287563,14.835221,120.287846,19:49:27,19:55:04,Clear
1081,2024-08-25,14.836497,120.283426,14.839906,120.284022,22:38:08,22:41:41,Heavy Rain Showers
1082,2024-02-20,14.829644,120.286787,14.841834,120.28749,20:46:42,20:53:14,Mostly Clear
1083,2024-02-27,14.841003,120.282998,14.84915,120.255163,07:21:35,07:37:35,Cloudy
1084,2024-05-01,14.839218,120.28346,14.849383,120.290515,19:38:54,19:45:09,Clear
1085,2024-09-20,14.83921,120.282964,14.772302,120.258796,18:10:00,18:57:12,Partly Cloudy
1086,2024-04-18,14.828869,120.29471,14.821556,120.298139,22:55:33,23:00:56,Partly Cloudy
1087,2024-03-06,14.840238,120.286836,14.819547,120.283721,06:17:59,06:33:14,Cloudy
1088,2024-09-14,14.840385,120.286207,14.851933,120.256169,06:26:16,06:45:40,Partly Cloudy
1089,2024-02-06,14.818008,120.283306,14.828507,120.285555,21:10:38,21:19:50,Partly Cloudy
1090,2024-09-28,14.820508,120.275453,14.821482,120.298141,17:16:15,17:32:52,Cloudy
1091,2024-10-12,14.828779,120.281739,14.848809,120.315438,14:53:58,15:09:43,Cloudy
1092,2024-01-31,14.881844,120.237035,14.824669,120.282549,07:19:41,08:02:11,Clear
1093,2024-03-27,14.824314,120.278794,14.820846,120.276386,06:05:18,06:09:34,Mostly Clear
1094,2024-01-21,14.83603,120.28579,14.82036,120.276001,19:43:39,19:57:39,Cloudy
1095,2024-03-09,14.82304,120.287579,14.820493,120.277398,12:29:11,12:37:41,Clear
1096,2024-12-27,14.815673,120.283175,14.826546,120.280089,21:33:31,21:39:36,Mostly Clear
1097,2024-08-20,14.851645,120.263883,14.887163,120.237735,19:51:17,20:24:59,Light Rain
1098,2024-07-14,14.8156,120.316898,14.819591,120.284065,09:27:13,09:42:21,Drizzle
1099,2024-06-05,14.841998,120.28805,14.821279,120.284234,17:48:25,17:59:05,Cloudy
1100,2024-10-28,14.819548,120.284171,14.820039,120.284564,12:11:24,12:13:43,Cloudy
1101,2024-02-29,14.824159,120.279811,14.84018,120.28305,07:13:45,07:22:24,Mostly Clear
1102,2024-07-01,14.822093,120.30185,14.847855,120.254491,10:59:07,11:17:19,Light Rain
1103,2024-03-31,14.823186,120.30059,14.82666,120.283632,18:16:17,18:32:25,Light Drizzle
1104,2024-03-16,14.86824,120.292323,14.825303,120.283314,07:08:36,07:34:37,Mostly Clear
1105,2024-10-01,14.805402,120.322849,14.826988,120.287334,18:20:41,18:40:35,Cloudy
1106,2024-11-05,14.827567,120.281452,14.82061,120.275387,19:50:07,19:57:39,Fog
1107,2024-07-19,14.77632,120.308134,14.839286,120.284576,19:41:11,20:12:36,Mostly Clear
1108,2024-12-20,14.791978,120.2943,14.797664,120.272646,15:14:44,15:24:30,Clear
1109,2024-06-30,14.840164,120.28659,14.82041,120.283979,07:05:32,07:15:40,Rain
1110,2024-04-12,14.819867,120.276303,14.815348,120.283317,07:07:09,07:12:45,Cloudy
1111,2024-11-18,14.842785,120.287346,14.821712,120.283443,18:34:55,18:47:11,Light Rain
1112,2024-01-09,14.829812,120.287158,14.84201,120.287347,20:18:16,20:25:21,Clear
1113,2024-06-30,14.828852,120.286726,14.818012,120.2811,08:21:13,08:33:54,Light Rain
1114,2024-05-21,14.824804,120.280154,14.822047,120.29839,07:42:20,07:56:23,Clear
1115,2024-07-23,14.88742,120.237711,14.764586,120.2531,18:42:23,20:34:38,Partly Cloudy
1116,2024-02-09,14.823727,120.280396,14.823958,120.279572,18:21:27,18:25:41,Cloudy
1117,2024-01-10,14.828095,120.286227,14.822846,120.301664,06:42:00,06:50:24,Mostly Clear
1118,2024-10-17,14.849054,120.315262,14.836265,120.286451,14:02:36,14:13:34,Cloudy
1119,2024-07-18,14.848902,120.264765,14.82675,120.287305,05:29:21,05:42:17,Dense Drizzle
1120,2024-12-23,14.817673,120.284246,14.819557,120.283811,11:07:38,11:10:06,Clear
1121,2024-01-24,14.77583,120.307742,14.8295,120.287004,18:53:01,19:43:20,Mostly Clear
1122,2024-06-07,14.825542,120.282248,14.822964,120.287624,18:25:19,18:30:27,Cloudy
1123,2024-06-29,14.849226,120.290844,14.83999,120.284456,06:02:37,06:11:31,Partly Cloudy
1124,2024-12-21,14.836718,120.278252,14.849516,120.254576,17:11:23,17:24:21,Partly Cloudy
1125,2024-06-20,14.819955,120.284505,14.83838,120.284237,13:59:18,14:07:37,Partly Cloudy
1126,2024-02-07,14.828299,120.281412,14.835242,120.288459,12:39:07,12:45:44,Clear
1127,2024-05-18,14.817858,120.281119,14.76483,120.293686,12:01:33,12:31:37,Partly Cloudy
1128,2024-04-21,14.823647,120.279379,14.822909,120.283054,21:52:34,21:56:15,Mostly Clear
1129,2024-02-01,14.817702,120.281973,14.776014,120.308103,09:55:30,10:18:01,Cloudy
1130,2024-03-08,14.83573,120.282958,14.836428,120.290234,10:02:15,10:06:50,Clear
1131,2024-07-01,14.819962,120.283993,14.822759,120.28715,17:46:55,17:50:33,Rain
1132,2024-10-20,14.837566,120.279046,14.805845,120.322836,09:16:45,09:37:16,Heavy Rain
1133,2024-05-31,14.840884,120.287287,14.820586,120.276942,11:53:26,12:04:26,Clear
1134,2024-04-28,14.829784,120.298343,14.849496,120.264197,22:37:26,22:51:44,Partly Cloudy
1135,2024-12-29,14.877168,120.231874,14.828211,120.294773,10:36:55,11:11:10,Clear
1136,2024-05-14,14.877205,120.232914,14.764936,120.292679,06:53:20,08:13:32,Partly Cloudy
1137,2024-03-22,14.829321,120.287146,14.80601,120.322648,06:39:50,07:06:00,Partly Cloudy
1138,2024-12-09,14.819574,120.28439,14.839443,120.283293,15:23:59,15:36:14,Clear
1139,2024-11-24,14.821456,120.271933,14.887395,120.236724,06:58:14,07:51:03,Violent Rain Showers
1140,2024-10-24,14.824853,120.280104,14.833144,120.285639,05:05:29,05:10:20,Rain
1141,2024-12-04,14.832437,120.285616,14.764168,120.293193,15:46:49,16:13:40,Dense Drizzle
1142,2024-04-03,14.824452,120.279508,14.838212,120.285316,05:24:23,05:32:33,Clear
1143,2024-06-11,14.843242,120.286894,14.824085,120.289576,19:50:44,20:05:32,Light Rain
1144,2024-02-21,14.823865,120.289063,14.825353,120.277035,06:07:33,06:14:00,Clear
1145,2024-09-05,14.820471,120.276875,14.839206,120.283726,08:59:14,09:18:19,Heavy Rain
1146,2024-07-17,14.824098,120.279982,14.829362,120.287464,11:14:35,11:21:00,Light Drizzle
1147,2024-11-26,14.839548,120.283862,14.882047,120.23639,17:47:47,18:22:51,Partly Cloudy
1148,2024-05-18,14.826579,120.279459,14.820521,120.276361,17:55:23,18:00:06,Partly Cloudy
1149,2024-04-17,14.877093,120.231773,14.836065,120.286683,19:20:26,19:51:22,Cloudy
1150,2024-03-09,14.82418,120.300392,14.820097,120.284218,08:59:10,09:07:38,Mostly Clear
1151,2024-08-25,14.829007,120.2878,14.77237,120.258561,10:41:26,11:03:54,Clear
1152,2024-12-08,14.820543,120.275095,14.839195,120.285037,06:46:06,06:57:54,Light Rain
1153,2024-03-29,14.8181,120.281475,14.837524,120.283587,13:47:18,13:56:32,Light Drizzle
1154,2024-02-23,14.824421,120.277858,14.823152,120.286686,09:33:20,09:40:00,Partly Cloudy
1155,2024-09-14,14.826317,120.273025,14.835289,120.281726,15:28:40,15:34:05,Partly Cloudy
1156,2024-03-01,14.836168,120.28663,14.838518,120.283691,17:18:42,17:22:45,Cloudy
1157,2024-02-27,14.820284,120.283789,14.81787,120.283782,19:58:56,20:02:41,Clear
1158,2024-03-23,14.828106,120.286202,14.826423,120.283144,08:35:01,08:38:05,Mostly Clear
1159,2024-02-19,14.820945,120.284008,14.821238,120.273084,18:51:11,18:58:38,Partly Cloudy
1160,2024-01-31,14.829156,120.281038,14.8399,120.285798,18:10:52,18:20:02,Clear
1161,2024-09-04,14.776268,120.307584,14.820537,120.275415,19:21:40,19:52:22,Clear
1162,2024-03-20,14.838447,120.285995,14.836702,120.267803,10:12:57,10:23:42,Partly Cloudy
1163,2024-02-02,14.849441,120.291113,14.851543,120.255607,08:44:01,08:59:44,Fog
1164,2024-05-16,14.828851,120.285984,14.841947,120.287968,06:29:38,06:39:34,Clear
1165,2024-12-11,14.826967,120.280057,14.816008,120.283125,19:09:44,19:18:56,Partly Cloudy
1166,2024-03-24,14.840884,120.287291,14.838322,120.28575,07:42:27,07:46:05,Heavy Rain Showers
1167,2024-02-02,14.775728,120.307725,14.821269,120.272303,20:39:25,21:04:46,Partly Cloudy
1168,2024-07-26,14.789697,120.282427,14.819304,120.278516,17:51:38,18:06:14,Cloudy
1169,2024-10-26,14.868732,120.292371,14.877532,120.232436,07:00:50,07:27:58,Cloudy
1170,2024-10-10,14.820468,120.275531,14.836786,120.278117,05:01:53,05:10:17,Rain
1171,2024-01-22,14.842083,120.282789,14.820151,120.284388,08:35:15,08:45:26,Clear
1172,2024-01-01,14.823758,120.27925,14.821269,120.283561,19:24:48,19:30:38,Cloudy
1173,2024-10-04,14.848389,120.254715,14.829779,120.298687,12:27:28,12:48:38,Clear
1174,2024-02-27,14.823231,120.288226,14.818865,120.284786,11:27:23,11:30:19,Mostly Clear
1175,2024-12-06,14.823664,120.300479,14.823088,120.301297,07:52:58,07:56:36,Clear
1176,2024-04-02,14.820251,120.275363,14.826121,120.28345,06:13:59,06:22:05,Mostly Clear
1177,2024-02-19,14.85686,120.290049,14.877461,120.23534,11:34:14,11:54:48,Partly Cloudy
1178,2024-01-02,14.843916,120.285505,14.817768,120.283895,14:08:42,14:25:31,Mostly Clear
1179,2024-08-05,14.847588,120.254374,14.791977,120.294651,16:41:34,17:05:03,Rain
1180,2024-03-12,14.82431,120.283075,14.829657,120.298689,13:06:25,13:15:17,Mostly Clear
1181,2024-11-02,14.820289,120.277298,14.817826,120.280516,07:17:30,07:20:13,Light Drizzle
1182,2024-12-25,14.824947,120.277282,14.78982,120.282482,20:29:12,20:46:39,Mostly Clear
1183,2024-02-05,14.826688,120.27351,14.76411,120.252996,11:52:41,12:17:40,Mostly Clear
1184,2024-03-30,14.877419,120.232331,14.840862,120.286851,17:18:52,18:01:27,Cloudy
1185,2024-01-26,14.877355,120.232129,14.821455,120.273018,17:22:27,18:00:06,Clear
1186,2024-07-21,14.828438,120.281442,14.887661,120.236955,18:56:24,19:32:54,Light Drizzle
1187,2024-09-29,14.828909,120.287114,14.823333,120.289292,21:45:21,21:49:22,Rain Showers
1188,2024-09-21,14.826675,120.280451,14.832434,120.285567,19:39:46,19:45:51,Mostly Clear
1189,2024-10-30,14.821055,120.275383,14.839883,120.283841,07:47:37,07:58:56,Cloudy
1190,2024-06-17,14.827206,120.286746,14.830453,120.273708,16:19:58,16:26:04,Cloudy
1191,2024-09-24,14.824022,120.289449,14.789796,120.282903,06:40:01,07:02:28,Light Drizzle
1192,2024-01-12,14.840977,120.286552,14.789937,120.281697,20:42:58,21:06:14,Rime Fog
1193,2024-08-04,14.856784,120.289581,14.877583,120.234398,07:05:40,07:43:46,Light Rain
1194,2024-03-03,14.822988,120.287955,14.873514,120.235425,17:00:15,18:09:01,Cloudy
1195,2024-02-21,14.877162,120.232049,14.851362,120.256408,22:07:02,22:21:05,Mostly Clear
1196,2024-04-15,14.824022,120.289608,14.828385,120.281343,07:05:13,07:12:20,Fog
1197,2024-08-08,14.877609,120.235503,14.820173,120.284368,18:28:42,19:32:24,Dense Drizzle
1198,2024-01-22,14.836247,120.286603,14.842866,120.285614,16:58:15,17:02:46,Clear
1199,2024-03-31,14.827957,120.285008,14.8203,120.284014,07:16:04,07:22:44,Mostly Clear
1200,2024-05-15,14.821194,120.275438,14.789511,120.282216,06:02:12,06:26:08,Partly Cloudy
1201,2024-08-20,14.830755,120.274003,14.824196,120.280451,17:37:20,17:43:48,Clear
1202,2024-03-29,14.857162,120.290392,14.843248,120.281277,18:39:32,18:49:36,Mostly Clear
1203,2024-04-10,14.817984,120.280597,14.815939,120.283553,19:35:07,19:37:59,Mostly Clear
1204,2024-10-07,14.827869,120.28188,14.764474,120.253039,18:32:14,18:56:44,Fog
1205,2024-11-22,14.819107,120.28401,14.824933,120.277876,05:11:34,05:16:46,Drizzle
1206,2024-11-30,14.832519,120.281813,14.877711,120.235186,17:17:48,17:46:55,Clear
1207,2024-11-14,14.827737,120.294509,14.818543,120.278725,17:40:59,17:50:39,Mostly Clear
1208,2024-02-10,14.843708,120.285574,14.826362,120.28301,12:50:09,12:58:28,Clear
1209,2024-06-05,14.840455,120.286678,14.857281,120.289698,08:24:13,08:34:21,Light Rain
1210,2024-03-10,14.820805,120.276723,14.835762,120.282702,07:34:37,07:47:28,Mostly Clear
1211,2024-04-07,14.829332,120.287842,14.817248,120.283835,05:41:28,05:49:56,Clear
1212,2024-03-02,14.876651,120.231921,14.850958,120.256068,18:55:59,19:11:42,Mostly Clear
1213,2024-03-15,14.829015,120.280536,14.815502,120.316662,12:18:54,12:38:13,Cloudy
1214,2024-03-13,14.819327,120.277992,14.836334,120.290221,21:46:01,21:57:28,Partly Cloudy
1215,2024-06-29,14.849927,120.264985,14.825358,120.280825,06:30:26,06:49:32,Clear
1216,2024-02-24,14.829497,120.279825,14.848751,120.254018,18:59:34,19:17:20,Cloudy
1217,2024-09-20,14.843171,120.287247,14.851571,120.256534,10:13:29,10:30:34,Light Drizzle
1218,2024-02-15,14.87753,120.235044,14.772227,120.25826,09:36:02,10:15:01,Cloudy
1219,2024-04-13,14.842289,120.287587,14.772264,120.258206,19:08:53,19:49:55,Clear
1220,2024-04-05,14.826582,120.272524,14.82079,120.276111,17:04:10,17:12:56,Mostly Clear
1221,2024-05-29,14.764848,120.253042,14.792124,120.293896,14:29:15,14:51:16,Clear
1222,2024-10-23,14.828232,120.294737,14.771566,120.258247,09:24:36,09:52:26,Light Rain
1223,2024-08-23,14.836085,120.283671,14.820108,120.284027,20:02:24,20:09:30,Severe Thunderstorm with Hail
1224,2024-07-17,14.817947,120.28132,14.841714,120.285731,08:52:53,09:08:32,Drizzle
1225,2024-10-11,14.82991,120.298611,14.81803,120.281234,22:16:21,22:23:33,Cloudy
1226,2024-06-14,14.825313,120.280017,14.856773,120.290502,12:26:26,12:39:06,Mostly Clear
1227,2024-01-28,14.820995,120.284247,14.820752,120.275529,18:56:41,19:03:30,Clear
1228,2024-07-19,14.829758,120.298368,14.836426,120.286512,19:56:04,20:03:25,Clear
1229,2024-02-14,14.839847,120.285125,14.836302,120.289984,08:08:35,08:13:39,Light Drizzle
1230,2024-02-01,14.829234,120.287264,14.8419,120.286866,06:16:27,06:26:32,Rain Showers
1231,2024-11-17,14.830862,120.288635,14.835975,120.284011,06:01:41,06:06:04,Cloudy
1232,2024-01-24,14.797669,120.27201,14.842794,120.281615,12:41:11,13:08:28,Clear
1233,2024-07-06,14.829031,120.280402,14.820724,120.275802,19:13:46,19:22:15,Rain
1234,2024-12-08,14.817816,120.280935,14.789479,120.282531,14:28:00,14:43:05,Heavy Rain
1235,2024-11-14,14.839581,120.284032,14.805302,120.32291,14:54:34,15:16:13,Cloudy
1236,2024-01-19,14.805815,120.323009,14.819103,120.284026,19:19:32,19:38:09,Light Rain
1237,2024-03-18,14.828192,120.294832,14.82435,120.283396,18:53:16,19:01:36,Partly Cloudy
1238,2024-11-09,14.824146,120.280065,14.838251,120.283315,08:05:33,08:16:00,Fog
1239,2024-10-27,14.816331,120.283579,14.841813,120.286082,16:01:25,16:15:59,Partly Cloudy
1240,2024-12-02,14.843674,120.286344,14.841323,120.287488,09:51:46,09:56:24,Mostly Clear
1241,2024-02-21,14.842806,120.287272,14.873525,120.235239,21:55:32,22:16:25,Drizzle
1242,2024-01-26,14.764762,120.292734,14.835794,120.282487,17:00:13,17:48:56,Light Drizzle
1243,2024-07-17,14.828315,120.285392,14.792007,120.294389,10:48:22,11:02:49,Rain
1244,2024-06-17,14.822585,120.301835,14.832933,120.285624,05:40:07,05:51:21,Rain
1245,2024-08-15,14.82893,120.287394,14.821659,120.298285,06:49:29,06:57:20,Partly Cloudy
1246,2024-11-01,14.823952,120.279229,14.8775,120.235244,20:40:24,21:10:43,Heavy Rain
1247,2024-01-04,14.827048,120.279957,14.820409,120.283525,06:43:46,06:50:11,Light Rain
1248,2024-03-24,14.838657,120.283891,14.881458,120.236162,09:25:37,09:47:34,Cloudy
1249,2024-12-15,14.828701,120.284785,14.834956,120.282561,09:27:39,09:32:52,Partly Cloudy
1250,2024-07-27,14.836341,120.283576,14.8359,120.28773,10:24:04,10:28:13,Mostly Clear
1251,2024-04-18,14.820593,120.276166,14.827676,120.281917,22:07:39,22:12:27,Mostly Clear
1252,2024-02-08,14.839328,120.284119,14.839628,120.284399,13:54:14,13:57:32,Mostly Clear
1253,2024-05-05,14.839907,120.282786,14.841306,120.286886,19:55:21,19:59:36,Partly Cloudy
1254,2024-08-05,14.823825,120.278305,14.887838,120.237851,09:20:30,09:49:51,Rain
1255,2024-03-09,14.820123,120.276047,14.820815,120.283628,08:31:32,08:38:39,Mostly Clear
1256,2024-07-08,14.836202,120.286613,14.839054,120.284307,14:49:29,14:53:05,Partly Cloudy
1257,2024-11-29,14.827691,120.281875,14.84149,120.286811,17:30:42,17:39:09,Cloudy
1258,2024-04-02,14.828863,120.281663,14.789562,120.282009,06:21:16,06:44:15,Partly Cloudy
1259,2024-07-12,14.841663,120.286817,14.823346,120.289159,10:30:04,10:38:06,Mostly Clear
1260,2024-09-27,14.830022,120.298448,14.824369,120.283409,18:38:03,18:46:54,Partly Cloudy
1261,2024-06-26,14.837493,120.268196,14.841928,120.286853,21:33:53,21:44:21,Light Rain
1262,2024-06-09,14.819965,120.283934,14.819404,120.27925,18:26:28,18:31:14,Partly Cloudy
1263,2024-04-02,14.80599,120.322743,14.823153,120.30199,19:53:08,20:06:56,Partly Cloudy
1264,2024-09-08,14.826731,120.280233,14.81802,120.281293,07:10:39,07:16:27,Rain
1265,2024-04-01,14.826534,120.283465,14.823096,120.287425,19:26:36,19:33:05,Light Drizzle
1266,2024-01-10,14.877333,120.233035,14.823176,120.287425,09:25:59,10:04:19,Mostly Clear
1267,2024-05-09,14.805513,120.322969,14.841586,120.286508,14:36:14,14:56:09,Light Rain
1268,2024-01-17,14.840399,120.286005,14.842409,120.287572,13:16:03,13:18:32,Mostly Clear
1269,2024-03-21,14.840992,120.286562,14.829277,120.287769,15:11:34,15:17:55,Clear
1270,2024-08-08,14.830802,120.288828,14.828933,120.287967,15:25:41,15:29:35,Light Drizzle
1271,2024-01-12,14.839103,120.284499,14.83685,120.278418,08:27:19,08:32:40,Clear
1272,2024-01-24,14.822794,120.283476,14.826577,120.283187,18:49:52,18:53:59,Clear
1273,2024-03-26,14.821171,120.284513,14.789813,120.28233,06:51:23,07:05:19,Mostly Clear
1274,2024-09-15,14.828979,120.280204,14.772388,120.258035,16:18:44,16:38:24,Mostly Clear
1275,2024-10-02,14.824953,120.277442,14.836379,120.27781,19:34:41,19:43:21,Light Drizzle
1276,2024-03-09,14.828447,120.286523,14.815555,120.283366,09:09:15,09:17:22,Cloudy
1277,2024-05-17,14.824353,120.279294,14.772373,120.258574,20:13:57,20:45:53,Partly Cloudy
1278,2024-03-06,14.840281,120.286463,14.805412,120.323317,12:30:20,12:58:13,Clear
1279,2024-04-27,14.81562,120.316728,14.822208,120.298623,17:42:47,17:56:40,Clear
1280,2024-03-12,14.817798,120.281292,14.826309,120.287572,18:15:42,18:21:11,Clear
1281,2024-10-06,14.815663,120.282644,14.818945,120.279073,19:51:43,19:56:54,Partly Cloudy
1282,2024-04-16,14.874068,120.23576,14.83854,120.283395,10:37:37,11:00:57,Mostly Clear
1283,2024-01-30,14.828837,120.280391,14.837571,120.278608,13:40:32,13:46:10,Mostly Clear
1284,2024-07-26,14.824663,120.276726,14.775701,120.308516,05:47:32,06:11:16,Cloudy
1285,2024-10-26,14.82838,120.294059,14.819887,120.276176,17:11:55,17:24:48,Light Rain
1286,2024-04-02,14.820045,120.284337,14.834929,120.281833,09:54:10,10:02:16,Mostly Clear
1287,2024-12-21,14.797536,120.271732,14.851778,120.256709,07:00:16,07:40:16,Clear
1288,2024-02-13,14.843613,120.286044,14.818037,120.28361,06:34:39,06:55:49,Partly Cloudy
1289,2024-06-13,14.85152,120.256445,14.819004,120.278616,08:47:26,09:08:28,Partly Cloudy
1290,2024-02-16,14.877504,120.232751,14.836274,120.283342,06:54:14,07:44:21,Mostly Clear
1291,2024-05-27,14.819495,120.284475,14.765079,120.253181,18:11:29,18:53:44,Clear
1292,2024-05-22,14.805877,120.322783,14.840253,120.285444,09:30:20,09:50:39,Partly Cloudy
1293,2024-01-22,14.839576,120.284159,14.825063,120.277507,12:35:14,12:43:23,Cloudy
1294,2024-10-20,14.820743,120.283903,14.839704,120.285046,17:10:22,17:26:04,Partly Cloudy
1295,2024-11-30,14.842601,120.287549,14.775978,120.308052,19:21:14,20:04:22,Light Drizzle
1296,2024-04-22,14.826905,120.287777,14.877948,120.23495,08:27:03,09:07:59,Mostly Clear
1297,2024-08-19,14.823369,120.279231,14.819898,120.284361,13:56:26,14:01:20,Clear
1298,2024-12-03,14.835498,120.286816,14.825206,120.280846,19:23:52,19:32:12,Partly Cloudy
1299,2024-10-14,14.83834,120.28307,14.826786,120.282878,06:23:26,06:33:44,Partly Cloudy
1300,2024-07-26,14.826,120.272838,14.848769,120.315163,17:35:59,18:00:15,Partly Cloudy
1301,2024-09-14,14.815729,120.28299,14.828896,120.282338,21:38:51,21:45:47,Rain
1302,2024-09-03,14.856767,120.290007,14.829091,120.28697,05:47:54,05:58:31,Clear
1303,2024-11-27,14.818669,120.284349,14.820615,120.275868,14:48:44,14:54:06,Light Rain
1304,2024-10-22,14.826572,120.282668,14.843499,120.28566,21:57:56,22:06:11,Light Drizzle
1305,2024-03-22,14.819541,120.284329,14.83847,120.285496,18:44:20,18:59:33,Clear
1306,2024-01-16,14.820459,120.28454,14.839414,120.28459,19:43:42,19:56:39,Mostly Clear
1307,2024-07-13,14.840854,120.287468,14.8201,120.285026,07:52:34,08:07:36,Dense Drizzle
1308,2024-12-21,14.824294,120.280338,14.825208,120.283058,22:04:29,22:07:19,Clear
1309,2024-11-26,14.85642,120.289325,14.868001,120.29225,17:06:24,17:11:41,Clear
1310,2024-11-02,14.839203,120.284727,14.822456,120.282861,14:40:19,14:46:53,Mostly Clear
1311,2024-03-17,14.817582,120.282001,14.78977,120.282022,18:35:11,18:50:11,Partly Cloudy
1312,2024-11-24,14.822338,120.301828,14.820668,120.276146,21:17:05,21:26:53,Cloudy
1313,2024-07-19,14.776373,120.307073,14.820048,120.276844,19:08:53,19:50:29,Cloudy
1314,2024-11-29,14.815496,120.31596,14.836381,120.283209,08:43:52,09:02:53,Light Drizzle
1315,2024-03-20,14.836255,120.283657,14.821782,120.273107,15:23:15,15:31:21,Mostly Clear
1316,2024-03-08,14.856946,120.289819,14.789681,120.282193,12:15:24,12:50:38,Partly Cloudy
1317,2024-08-13,14.828243,120.286127,14.819935,120.278436,12:43:01,12:49:52,Cloudy
1318,2024-09-12,14.876668,120.233443,14.836105,120.289861,08:25:26,09:16:50,Partly Cloudy
1319,2024-09-05,14.841347,120.286985,14.851552,120.256418,21:57:11,22:09:13,Cloudy
1320,2024-02-07,14.828658,120.287762,14.79838,120.271463,20:37:26,20:57:46,Partly Cloudy
1321,2024-10-07,14.815597,120.283544,14.836405,120.286386,08:47:30,09:01:18,Rain Showers
1322,2024-05-08,14.877298,120.233586,14.827024,120.273202,11:06:20,11:43:25,Clear
1323,2024-01-26,14.834819,120.287398,14.840998,120.287004,21:44:29,21:49:28,Rime Fog
1324,2024-10-15,14.877494,120.235044,14.838102,120.283188,06:13:33,06:43:39,Light Rain
1325,2024-12-23,14.838177,120.286216,14.822846,120.28746,18:39:45,18:48:01,Light Drizzle
1326,2024-07-24,14.805936,120.322736,14.772142,120.258036,19:58:52,20:44:14,Rime Fog
1327,2024-10-19,14.817905,120.282089,14.836201,120.283268,19:58:46,20:13:06,Drizzle
1328,2024-06-10,14.878225,120.235462,14.824136,120.279948,09:00:03,09:25:41,Heavy Rain Showers
1329,2024-03-16,14.81876,120.278376,14.825018,120.280582,20:47:53,20:52:35,Fog
1330,2024-06-07,14.877621,120.234801,14.821328,120.284346,08:38:00,09:09:10,Light Rain
1331,2024-02-06,14.828379,120.285425,14.805657,120.321992,21:02:58,21:19:26,Clear
1332,2024-07-15,14.820448,120.275922,14.82505,120.277037,08:52:04,08:57:16,Dense Drizzle
1333,2024-05-07,14.839061,120.284302,14.877763,120.23509,09:58:25,10:36:52,Light Drizzle
1334,2024-03-01,14.820488,120.275832,14.820187,120.275815,17:38:59,17:42:43,Drizzle
1335,2024-10-05,14.82389,120.289489,14.836267,120.283187,18:40:44,18:52:24,Rain
1336,2024-05-01,14.82883,120.287195,14.819616,120.284203,06:03:59,06:12:52,Mostly Clear
1337,2024-01-22,14.847846,120.253859,14.776101,120.308089,08:45:07,09:21:49,Mostly Clear
1338,2024-02-19,14.849141,120.315465,14.840337,120.283664,07:35:03,07:54:35,Clear
1339,2024-08-28,14.837081,120.278835,14.836814,120.277262,15:30:17,15:32:38,Drizzle
1340,2024-04-10,14.836047,120.287342,14.839454,120.285089,18:24:47,18:28:21,Cloudy
1341,2024-07-11,14.841351,120.286188,14.843033,120.28753,13:14:00,13:16:40,Cloudy
1342,2024-07-24,14.843299,120.287395,14.836336,120.283212,17:25:15,17:33:35,Mostly Clear
1343,2024-04-20,14.824041,120.279599,14.851434,120.255697,17:03:51,17:26:57,Clear
1344,2024-02-27,14.838993,120.283671,14.852064,120.262809,18:02:03,18:21:19,Light Rain
1345,2024-01-23,14.842885,120.287652,14.851557,120.255809,19:18:44,19:41:48,Fog
1346,2024-06-18,14.843345,120.286434,14.843179,120.287667,06:38:50,06:41:41,Cloudy
1347,2024-08-17,14.842992,120.281813,14.824732,120.283037,08:09:48,08:25:53,Dense Drizzle
1348,2024-11-21,14.817556,120.284418,14.839724,120.284143,14:31:51,14:44:31,Partly Cloudy
1349,2024-08-14,14.833557,120.281848,14.835113,120.281925,07:16:46,07:20:44,Rain Showers
1350,2024-11-22,14.816024,120.283172,14.823927,120.279376,08:59:19,09:06:31,Light Drizzle
1351,2024-01-04,14.828914,120.281169,14.817762,120.284017,17:15:47,17:26:24,Clear
1352,2024-03-14,14.833121,120.283001,14.828161,120.285565,20:44:30,20:47:41,Clear
1353,2024-03-24,14.841507,120.287267,14.824039,120.300312,15:24:39,15:37:17,Mostly Clear
1354,2024-03-13,14.830617,120.274503,14.836553,120.290415,06:01:36,06:09:02,Partly Cloudy
1355,2024-03-17,14.776286,120.307677,14.820046,120.284386,05:51:43,06:23:18,Mostly Clear
1356,2024-10-18,14.821994,120.273955,14.827529,120.282016,20:04:12,20:08:43,Light Rain
1357,2024-11-16,14.87772,120.235885,14.835686,120.286906,10:58:08,11:37:08,Rain Showers
1358,2024-09-01,14.836288,120.290702,14.887565,120.237428,17:13:35,17:54:01,Light Rain
1359,2024-01-28,14.835863,120.28674,14.829234,120.299264,17:43:41,17:55:43,Clear
1360,2024-07-26,14.851922,120.262861,14.820009,120.284473,18:40:54,19:01:17,Rain Showers
1361,2024-10-27,14.828031,120.294132,14.764717,120.293132,20:43:31,21:07:27,Light Drizzle
1362,2024-11-13,14.877007,120.231801,14.823433,120.289785,13:00:55,13:41:08,Thunderstorm
1363,2024-05-11,14.840297,120.285975,14.821505,120.273777,09:08:06,09:22:42,Partly Cloudy
1364,2024-06-22,14.828654,120.286122,14.82036,120.283305,08:04:11,08:11:05,Heavy Rain
1365,2024-11-22,14.829633,120.287863,14.842589,120.288046,07:47:32,07:57:07,Rain
1366,2024-02-04,14.835033,120.288457,14.836316,120.277784,08:04:46,08:15:29,Mostly Clear
1367,2024-12-17,14.824328,120.27972,14.83957,120.284164,07:12:56,07:25:54,Mostly Clear
1368,2024-03-08,14.827648,120.285441,14.827908,120.281768,07:57:20,08:00:44,Light Rain
1369,2024-05-10,14.82038,120.27654,14.819921,120.283941,06:03:24,06:09:07,Light Drizzle
1370,2024-06-03,14.836376,120.283603,14.764463,120.293091,19:39:30,20:31:20,Clear
1371,2024-02-02,14.806,120.323338,14.840508,120.286733,18:12:02,18:38:04,Clear
1372,2024-11-07,14.833497,120.282202,14.82009,120.27601,12:47:04,12:55:27,Rain
1373,2024-10-21,14.887519,120.237725,14.840329,120.28687,10:53:17,11:20:44,Partly Cloudy
1374,2024-07-12,14.848716,120.291441,14.826814,120.282998,15:19:32,15:29:12,Drizzle
1375,2024-10-07,14.824206,120.278556,14.851677,120.263016,18:00:10,18:16:55,Drizzle
1376,2024-01-09,14.827865,120.294765,14.763942,120.252497,17:02:14,17:46:20,Clear
1377,2024-12-17,14.81881,120.283936,14.817224,120.281188,06:32:33,06:36:59,Clear
1378,2024-08-07,14.817233,120.281361,14.849057,120.255359,19:35:24,19:56:31,Light Drizzle
1379,2024-12-02,14.818246,120.283775,14.820403,120.284343,21:05:23,21:09:10,Cloudy
1380,2024-06-23,14.82829,120.285246,14.822396,120.30165,08:37:53,08:48:01,Partly Cloudy
1381,2024-12-13,14.819541,120.284402,14.818255,120.280812,05:02:45,05:06:36,Partly Cloudy
1382,2024-08-26,14.824632,120.277449,14.772071,120.258699,20:20:45,20:39:47,Light Drizzle
1383,2024-12-16,14.82484,120.281772,14.823212,120.300547,17:29:32,17:42:55,Mostly Clear
1384,2024-10-08,14.8405,120.287068,14.839161,120.284358,08:01:55,08:06:24,Light Rain
1385,2024-10-07,14.834769,120.287698,14.823973,120.300015,16:06:09,16:13:39,Clear
1386,2024-09-07,14.839331,120.284606,14.830783,120.289586,08:48:54,08:55:43,Light Rain
1387,2024-12-05,14.837892,120.268026,14.824571,120.279906,14:42:19,14:51:19,Cloudy
1388,2024-04-25,14.828146,120.285454,14.826518,120.283234,11:21:22,11:23:45,Mostly Clear
1389,2024-06-23,14.856863,120.290013,14.821494,120.278882,21:54:49,22:08:01,Partly Cloudy
1390,2024-05-23,14.829642,120.28703,14.819913,120.283455,08:34:13,08:41:05,Clear
1391,2024-10-01,14.828261,120.294325,14.820058,120.283575,09:20:40,09:26:59,Light Drizzle
1392,2024-03-13,14.830549,120.289177,14.764485,120.252828,19:17:22,19:56:46,Clear
1393,2024-08-09,14.829382,120.298457,14.821376,120.298666,07:30:13,07:36:29,Mostly Clear
1394,2024-07-20,14.839439,120.284554,14.849324,120.25436,22:13:45,22:24:31,Mostly Clear
1395,2024-02-16,14.826414,120.27274,14.824085,120.279825,18:04:35,18:10:07,Clear
1396,2024-03-03,14.816114,120.283245,14.820808,120.275608,18:34:18,18:38:32,Partly Cloudy
1397,2024-07-26,14.850942,120.263587,14.820423,120.276347,07:57:06,08:12:58,Light Rain
1398,2024-03-06,14.776668,120.30761,14.81719,120.284442,17:34:25,17:59:14,Partly Cloudy
1399,2024-12-28,14.843043,120.286237,14.842578,120.287473,09:35:57,09:38:52,Mostly Clear
1400,2024-07-20,14.848943,120.314383,14.825239,120.280661,12:11:51,12:27:38,Clear
1401,2024-04-16,14.823143,120.287413,14.877265,120.235139,14:35:14,15:10:30,Cloudy
1402,2024-03-02,14.842745,120.287393,14.818873,120.284696,06:13:15,06:31:57,Cloudy
1403,2024-07-13,14.820098,120.283525,14.820024,120.275838,18:47:57,18:56:00,Clear
1404,2024-10-07,14.826448,120.272526,14.764644,120.293755,19:51:21,20:39:06,Light Drizzle
1405,2024-10-20,14.838008,120.279062,14.820934,120.276135,17:14:04,17:29:15,Cloudy
1406,2024-09-21,14.836302,120.283698,14.841302,120.286486,17:04:08,17:08:25,Clear
1407,2024-12-22,14.842131,120.287794,14.823884,120.279189,17:19:13,17:32:35,Clear
1408,2024-11-10,14.83968,120.283363,14.818765,120.284247,21:33:20,21:46:25,Light Drizzle
1409,2024-04-11,14.828205,120.294891,14.82672,120.283047,17:23:16,17:30:48,Clear
1410,2024-06-16,14.820602,120.275337,14.817715,120.284117,10:10:18,10:16:43,Light Drizzle
1411,2024-01-10,14.828207,120.294872,14.851809,120.256312,18:57:15,19:30:24,Mostly Clear
1412,2024-12-01,14.835256,120.28225,14.82398,120.279228,19:39:48,19:50:20,Cloudy
1413,2024-03-22,14.830327,120.289196,14.841511,120.285947,18:53:55,19:05:40,Mostly Clear
1414,2024-05-17,14.849353,120.264698,14.83943,120.283688,08:22:15,08:38:15,Mostly Clear
1415,2024-02-17,14.821993,120.271234,14.887416,120.2377,07:25:23,08:15:59,Clear
1416,2024-08-30,14.815582,120.283678,14.820356,120.283865,13:14:15,13:17:37,Partly Cloudy
1417,2024-04-29,14.818862,120.283885,14.824903,120.280458,19:44:44,19:49:42,Partly Cloudy
1418,2024-06-01,14.848763,120.264275,14.817668,120.284267,17:41:29,18:06:44,Partly Cloudy
1419,2024-10-22,14.823734,120.279294,14.839279,120.284893,18:46:34,18:59:58,Clear
1420,2024-07-20,14.849248,120.265293,14.817761,120.284211,16:41:12,16:55:09,Light Rain
1421,2024-02-18,14.821365,120.271697,14.824677,120.28929,18:35:57,18:48:48,Mostly Clear
1422,2024-04-04,14.822136,120.272738,14.836254,120.286494,06:47:37,07:01:06,Partly Cloudy
1423,2024-06-02,14.822154,120.301999,14.839652,120.28457,08:16:32,08:28:21,Dense Drizzle
1424,2024-10-08,14.821133,120.278605,14.817925,120.281048,08:07:02,08:11:47,Mostly Clear
1425,2024-04-28,14.823893,120.290094,14.832773,120.286245,07:58:42,08:05:12,Clear
1426,2024-08-10,14.828926,120.286727,14.827385,120.281293,06:16:58,06:20:56,Heavy Rain
1427,2024-03-18,14.81634,120.283325,14.826277,120.283014,18:54:26,18:59:25,Light Drizzle
1428,2024-06-17,14.829264,120.287196,14.887886,120.236845,06:03:13,06:35:00,Light Rain
1429,2024-02-20,14.824766,120.282954,14.82254,120.282232,09:50:31,09:53:02,Mostly Clear
1430,2024-01-03,14.83544,120.281854,14.772466,120.258541,19:51:41,20:25:07,Mostly Clear
1431,2024-09-18,14.824762,120.280002,14.839562,120.284188,07:12:38,07:19:44,Drizzle
1432,2024-03-01,14.842123,120.286875,14.848923,120.254689,17:45:15,18:03:23,Clear
1433,2024-12-01,14.823538,120.300084,14.821646,120.298121,06:00:08,06:03:17,Clear
1434,2024-10-18,14.825407,120.280166,14.839557,120.285393,20:14:03,20:20:28,Cloudy
1435,2024-09-15,14.824065,120.279494,14.822988,120.30164,06:28:40,06:47:49,Thunderstorm with Hail
1436,2024-05-20,14.83954,120.283727,14.826644,120.282423,07:32:41,07:39:38,Partly Cloudy
1437,2024-12-10,14.832928,120.282045,14.818062,120.283677,17:31:08,17:43:22,Clear
1438,2024-01-07,14.836131,120.286612,14.826421,120.282908,17:33:12,17:43:35,Partly Cloudy
1439,2024-05-06,14.851162,120.262667,14.8292,120.287201,07:12:20,07:35:55,Mostly Clear
1440,2024-09-07,14.843036,120.281811,14.838951,120.285035,07:33:15,07:39:06,Light Rain
1441,2024-09-18,14.824692,120.277515,14.836086,120.286028,09:59:41,10:08:54,Dense Drizzle
1442,2024-11-08,14.834807,120.287952,14.80597,120.322873,07:31:58,07:53:11,Partly Cloudy
1443,2024-05-02,14.825767,120.282871,14.820561,120.283736,14:38:36,14:43:30,Partly Cloudy
1444,2024-05-22,14.828688,120.281868,14.82801,120.285138,17:53:26,17:57:48,Mostly Clear
1445,2024-04-29,14.82406,120.289978,14.852026,120.256541,07:57:02,08:31:14,Clear
1446,2024-09-02,14.824169,120.280041,14.789831,120.281602,20:39:10,20:58:11,Clear
1447,2024-05-24,14.815508,120.316677,14.829222,120.28717,11:47:09,12:04:09,Mostly Clear
1448,2024-07-22,14.857418,120.28977,14.876613,120.232396,13:34:21,14:00:36,Mostly Clear
1449,2024-08-19,14.81916,120.284158,14.819493,120.284259,17:14:42,17:18:01,Clear
1450,2024-03-12,14.822913,120.283048,14.791396,120.29447,14:11:57,14:23:53,Clear
1451,2024-08-25,14.876357,120.232045,14.823808,120.300586,17:22:43,18:18:51,Rain
1452,2024-10-27,14.877028,120.232913,14.851654,120.256537,08:49:52,09:11:48,Clear
1453,2024-01-30,14.823554,120.300693,14.838151,120.283977,10:45:37,10:54:29,Partly Cloudy
1454,2024-06-30,14.82427,120.279671,14.829767,120.287206,12:00:46,12:05:03,Light Rain
1455,2024-02-12,14.825068,120.281618,14.820462,120.284275,21:40:29,21:43:50,Partly Cloudy
1456,2024-11-10,14.82315,120.279115,14.819013,120.278331,17:43:39,17:48:02,Clear
1457,2024-01-14,14.815686,120.283501,14.823348,120.299983,10:35:05,10:45:34,Partly Cloudy
1458,2024-07-19,14.82012,120.284359,14.822765,120.287464,18:01:24,18:07:27,Fog
1459,2024-05-25,14.837321,120.283403,14.82271,120.301603,13:26:14,13:35:02,Mostly Clear
1460,2024-05-05,14.81763,120.281742,14.824478,120.283033,19:09:55,19:17:52,Partly Cloudy
1461,2024-02-22,14.838219,120.285657,14.798272,120.272299,19:31:26,20:07:37,Partly Cloudy
1462,2024-07-20,14.84868,120.315371,14.806528,120.3226,06:55:56,07:15:15,Light Rain
1463,2024-11-10,14.827865,120.285145,14.828197,120.29483,08:28:32,08:38:03,Mostly Clear
1464,2024-10-17,14.868042,120.291547,14.819062,120.283827,07:54:07,08:19:44,Light Drizzle
1465,2024-04-20,14.887646,120.237447,14.824027,120.289152,17:04:08,17:44:12,Partly Cloudy
1466,2024-12-23,14.820568,120.284561,14.851285,120.263121,18:46:36,19:11:46,Partly Cloudy
1467,2024-03-14,14.848453,120.254761,14.840412,120.286451,11:28:41,11:44:12,Partly Cloudy
1468,2024-01-07,14.829021,120.280422,14.838797,120.283979,06:42:08,06:48:43,Partly Cloudy
1469,2024-09-22,14.789782,120.281664,14.817341,120.284253,17:24:52,17:40:30,Light Drizzle
1470,2024-07-26,14.820632,120.283698,14.82506,120.282669,17:44:13,17:47:13,Light Rain
1471,2024-01-27,14.818184,120.284277,14.819094,120.283979,07:39:23,07:43:15,Cloudy
1472,2024-09-28,14.820843,120.275611,14.838614,120.283984,22:41:03,22:52:30,Clear
1473,2024-02-01,14.828728,120.287123,14.823777,120.279671,07:24:57,07:31:04,Clear
1474,2024-11-23,14.8157,120.283484,14.868465,120.292192,19:59:20,20:24:17,Heavy Rain
1475,2024-09-26,14.776352,120.308075,14.840007,120.284895,21:45:13,22:07:40,Light Drizzle
1476,2024-08-28,14.821066,120.283718,14.820797,120.275647,14:28:22,14:32:30,Violent Rain Showers
1477,2024-10-01,14.820303,120.276502,14.836814,120.286319,07:41:34,07:51:50,Mostly Clear
1478,2024-07-23,14.820644,120.283983,14.77585,120.308524,09:29:57,09:54:18,Rain
1479,2024-01-03,14.829299,120.281028,14.887772,120.23814,11:00:09,11:28:45,Clear
1480,2024-02-05,14.82852,120.287111,14.818469,120.28436,22:45:03,22:51:11,Light Rain
1481,2024-01-04,14.835804,120.283047,14.830586,120.274251,18:08:56,18:16:28,Clear
1482,2024-09-13,14.843273,120.282013,14.817942,120.281294,08:46:30,09:01:37,Dense Drizzle
1483,2024-09-07,14.81954,120.284213,14.821308,120.282956,17:22:47,17:26:10,Cloudy
1484,2024-07-11,14.81568,120.283166,14.823735,120.300444,18:49:25,19:05:44,Mostly Clear
1485,2024-05-24,14.820952,120.275476,14.877063,120.232856,21:24:43,22:00:03,Heavy Rain
1486,2024-12-26,14.828416,120.284936,14.888128,120.237954,08:18:30,08:58:20,Cloudy
1487,2024-03-18,14.824666,120.280261,14.832559,120.282284,06:08:25,06:16:32,Clear
1488,2024-09-08,14.876528,120.231601,14.815203,120.284061,20:11:06,20:39:20,Cloudy
1489,2024-05-25,14.827059,120.282848,14.832737,120.281477,11:51:09,11:56:07,Clear
1490,2024-07-20,14.829879,120.298111,14.836242,120.282686,08:57:10,09:08:41,Light Rain
1491,2024-01-09,14.820829,120.283953,14.852077,120.256522,19:49:21,20:09:47,Partly Cloudy
1492,2024-04-21,14.837708,120.285631,14.81911,120.279105,17:51:00,18:00:55,Cloudy
1493,2024-01-23,14.822025,120.297881,14.849423,120.291137,17:21:44,17:41:24,Mostly Clear
1494,2024-05-04,14.868053,120.292248,14.825386,120.280147,14:10:34,14:36:36,Rime Fog
1495,2024-10-19,14.833478,120.282475,14.824004,120.289402,19:16:49,19:25:50,Partly Cloudy
1496,2024-11-09,14.806048,120.32298,14.824014,120.279324,19:28:39,19:53:56,Light Rain
1497,2024-02-23,14.839425,120.2837,14.849064,120.314999,18:44:55,19:00:54,Clear
1498,2024-12-01,14.828826,120.287336,14.848901,120.254626,19:10:29,19:36:18,Mostly Clear
1499,2024-06-15,14.820187,120.275701,14.818912,120.27905,19:38:43,19:42:34,Cloudy
1500,2024-11-04,14.82084,120.273543,14.843237,120.286049,14:18:01,14:29:20,Partly Cloudy
1501,2024-08-13,14.876485,120.231459,14.867868,120.292597,18:21:30,18:57:36,Rain
1502,2024-06-06,14.835181,120.287686,14.828072,120.281702,08:23:49,08:30:50,Partly Cloudy
1503,2024-01-09,14.819361,120.284431,14.848406,120.254763,20:12:01,20:37:35,Partly Cloudy
1504,2024-01-12,14.820371,120.284423,14.81726,120.284618,18:09:11,18:11:26,Clear
1505,2024-05-13,14.839748,120.283726,14.825014,120.278131,14:41:45,14:50:09,Cloudy
1506,2024-09-10,14.823861,120.280156,14.836129,120.277542,22:05:51,22:11:20,Light Rain
1507,2024-10-04,14.836508,120.290481,14.851678,120.263209,11:23:41,11:37:00,Rain
1508,2024-06-30,14.828257,120.295094,14.824959,120.2771,16:12:42,16:23:02,Cloudy
1509,2024-03-22,14.842806,120.281843,14.816194,120.283601,15:13:27,15:26:35,Drizzle
1510,2024-11-07,14.821244,120.272471,14.839541,120.282618,08:26:49,08:38:59,Light Rain
1511,2024-06-05,14.823978,120.300601,14.776008,120.30869,08:02:38,08:27:56,Cloudy
1512,2024-09-07,14.821951,120.271702,14.830817,120.273897,20:20:17,20:25:18,Thunderstorm
1513,2024-02-26,14.805684,120.322683,14.822363,120.302233,19:44:40,20:01:15,Partly Cloudy
1514,2024-04-29,14.765219,120.293472,14.830609,120.289142,15:39:54,16:07:26,Rain Showers
1515,2024-03-26,14.828401,120.285153,14.820554,120.283574,07:52:16,07:58:43,Mostly Clear
1516,2024-06-24,14.837908,120.282961,14.839243,120.284393,12:40:48,12:44:49,Partly Cloudy
1517,2024-07-02,14.818065,120.28096,14.822815,120.301955,19:29:44,19:40:18,Partly Cloudy
1518,2024-08-31,14.817896,120.281237,14.851638,120.256427,08:48:55,09:12:52,Drizzle
1519,2024-01-31,14.830864,120.289072,14.839616,120.283272,08:53:27,09:03:45,Partly Cloudy
1520,2024-03-14,14.824059,120.290102,14.840287,120.283829,10:58:43,11:06:43,Mostly Clear
1521,2024-10-11,14.823578,120.289928,14.824689,120.280391,08:22:54,08:33:06,Mostly Clear
1522,2024-05-10,14.848065,120.25461,14.776092,120.308119,07:28:24,08:17:48,Clear
1523,2024-11-10,14.819589,120.284148,14.82424,120.279796,17:56:02,18:01:27,Light Drizzle
1524,2024-07-18,14.837388,120.283355,14.832501,120.282416,13:51:04,13:55:32,Partly Cloudy
1525,2024-11-12,14.828652,120.287372,14.819108,120.283996,08:15:25,08:21:26,Drizzle
1526,2024-06-26,14.84813,120.2548,14.827056,120.279965,22:39:53,23:02:29,Cloudy
1527,2024-09-23,14.764872,120.293415,14.830448,120.289411,19:02:56,19:38:19,Light Rain
1528,2024-04-15,14.838225,120.285254,14.84141,120.286491,18:43:22,18:46:37,Clear
1529,2024-06-09,14.843394,120.285981,14.841401,120.286306,07:03:06,07:05:36,Light Rain
1530,2024-07-17,14.832746,120.281633,14.828101,120.284606,19:26:14,19:31:09,Light Rain
1531,2024-11-27,14.835636,120.282196,14.839179,120.2843,17:02:01,17:04:49,Drizzle
1532,2024-09-29,14.827309,120.282348,14.836598,120.282915,13:06:11,13:12:20,Cloudy
1533,2024-07-05,14.820519,120.284006,14.818607,120.278821,19:25:22,19:29:27,Mostly Clear
1534,2024-08-05,14.832894,120.285555,14.839538,120.283625,06:08:47,06:13:40,Partly Cloudy
1535,2024-01-24,14.832708,120.286189,14.764857,120.293069,08:41:59,09:22:39,Clear
1536,2024-08-22,14.820633,120.278131,14.819081,120.283798,07:11:40,07:17:49,Partly Cloudy
1537,2024-10-02,14.815592,120.317147,14.830443,120.273682,14:37:32,14:54:40,Light Drizzle
1538,2024-11-24,14.821117,120.28294,14.843055,120.281834,19:53:05,20:09:08,Partly Cloudy
1539,2024-02-02,14.824981,120.280303,14.856404,120.290048,07:47:59,08:05:51,Rain Showers
1540,2024-07-24,14.824361,120.279167,14.791745,120.293784,15:21:43,15:39:49,Drizzle
1541,2024-01-30,14.830798,120.289173,14.828942,120.279935,17:06:31,17:15:09,Mostly Clear
1542,2024-09-09,14.8179,120.284453,14.830988,120.273678,19:20:26,19:32:08,Cloudy
1543,2024-06-05,14.820867,120.271391,14.821518,120.298334,11:31:58,11:43:54,Cloudy
1544,2024-03-26,14.824863,120.280192,14.826088,120.283715,09:48:13,09:51:35,Heavy Rain
1545,2024-04-09,14.82122,120.275208,14.826387,120.283114,06:04:30,06:12:39,Mostly Clear
1546,2024-06-19,14.821261,120.27853,14.821912,120.27313,07:57:52,08:02:17,Heavy Rain Showers
1547,2024-06-24,14.843044,120.285566,14.831382,120.288598,17:53:38,18:01:19,Mostly Clear
1548,2024-12-26,14.819913,120.284033,14.824542,120.282856,22:12:25,22:17:02,Clear
1549,2024-04-29,14.851299,120.262823,14.805923,120.322777,06:38:15,07:19:06,Partly Cloudy
1550,2024-08-25,14.791634,120.294529,14.824162,120.289221,08:02:35,08:20:07,Clear
1551,2024-04-15,14.820057,120.284484,14.765134,120.253089,17:59:27,18:29:50,Light Rain
1552,2024-02-18,14.76487,120.292834,14.838244,120.285632,16:56:50,17:30:15,Clear
1553,2024-10-05,14.789544,120.281522,14.836771,120.278203,18:17:10,18:47:13,Cloudy
1554,2024-06-28,14.820819,120.275478,14.839644,120.2841,09:07:42,09:19:08,Cloudy
1555,2024-11-13,14.829465,120.280383,14.834957,120.287525,17:29:02,17:38:11,Light Rain
1556,2024-01-14,14.791449,120.293983,14.844133,120.28629,13:24:20,13:47:10,Partly Cloudy
1557,2024-08-04,14.827602,120.280246,14.839125,120.284129,19:22:14,19:29:48,Partly Cloudy
1558,2024-05-23,14.842658,120.287206,14.821084,120.278743,10:18:00,10:28:40,Light Rain
1559,2024-05-11,14.848112,120.254275,14.829646,120.298917,08:33:24,09:04:58,Partly Cloudy
1560,2024-06-24,14.826388,120.287101,14.829251,120.298595,07:52:53,08:00:49,Drizzle
1561,2024-01-05,14.876862,120.233015,14.819088,120.284089,08:55:27,09:57:53,Partly Cloudy
1562,2024-05-20,14.830357,120.288803,14.823935,120.279947,18:13:59,18:21:21,Clear
1563,2024-12-24,14.84147,120.286843,14.805869,120.323175,21:01:55,21:29:48,Cloudy
1564,2024-05-13,14.839876,120.284735,14.828758,120.281764,22:59:28,23:05:39,Light Rain
1565,2024-12-17,14.828575,120.285376,14.849775,120.264294,18:16:36,18:35:24,Clear
1566,2024-01-09,14.82401,120.289701,14.829543,120.280625,14:26:54,14:33:13,Partly Cloudy
1567,2024-02-06,14.815752,120.28353,14.82682,120.282568,19:10:57,19:16:55,Clear
1568,2024-07-11,14.822022,120.297976,14.819985,120.284437,12:32:50,12:39:57,Dense Drizzle
1569,2024-04-10,14.851168,120.262974,14.841016,120.287189,06:46:53,07:04:53,Mostly Clear
1570,2024-07-07,14.826832,120.280195,14.848913,120.315147,19:31:29,19:56:35,Light Drizzle
1571,2024-07-25,14.823937,120.279417,14.873522,120.235256,19:47:45,20:27:54,Rain
1572,2024-08-16,14.829994,120.298537,14.828747,120.281797,18:29:56,18:38:17,Rain
1573,2024-05-15,14.828878,120.285169,14.823626,120.300462,13:39:17,13:49:07,Cloudy
1574,2024-01-15,14.825007,120.282096,14.821846,120.272426,11:30:24,11:35:26,Partly Cloudy
1575,2024-06-28,14.823671,120.30059,14.839555,120.283608,07:48:30,08:07:24,Light Rain
1576,2024-03-17,14.881873,120.236624,14.839697,120.283647,07:21:15,07:49:43,Partly Cloudy
1577,2024-12-09,14.824899,120.280141,14.829142,120.28649,05:16:29,05:20:44,Mostly Clear
1578,2024-02-10,14.819049,120.278686,14.815255,120.283317,20:32:36,20:38:11,Cloudy
1579,2024-05-21,14.842684,120.282099,14.830213,120.298674,08:19:30,08:33:35,Cloudy
1580,2024-10-07,14.820429,120.275582,14.820873,120.275236,22:39:01,22:41:41,Mostly Clear
1581,2024-04-29,14.820841,120.283668,14.84366,120.286132,05:46:11,05:58:50,Clear
1582,2024-03-20,14.82104,120.278713,14.886965,120.237306,06:13:56,06:49:15,Mostly Clear
1583,2024-06-03,14.838042,120.267929,14.877145,120.231804,05:12:20,05:32:15,Partly Cloudy
1584,2024-07-01,14.828129,120.285589,14.818136,120.280938,16:58:47,17:06:44,Heavy Rain
1585,2024-02-09,14.823405,120.301232,14.839238,120.284779,06:22:32,06:35:30,Clear
1586,2024-10-08,14.820496,120.283879,14.852073,120.255865,13:56:39,14:18:15,Thunderstorm
1587,2024-06-18,14.836392,120.286167,14.817532,120.284722,17:24:29,17:34:48,Clear
1588,2024-04-10,14.841828,120.287264,14.843552,120.285854,09:52:16,09:56:05,Partly Cloudy
1589,2024-05-03,14.820806,120.275467,14.839595,120.285089,05:53:37,06:06:09,Clear
1590,2024-05-07,14.848986,120.315191,14.826736,120.283169,18:23:12,18:39:51,Light Drizzle
1591,2024-07-27,14.842792,120.28695,14.838646,120.283426,19:49:20,19:54:27,Mostly Clear
1592,2024-11-10,14.840208,120.285964,14.84014,120.283749,20:17:21,20:21:06,Light Rain
1593,2024-11-24,14.790099,120.282468,14.826764,120.273246,17:03:57,17:29:50,Mostly Clear
1594,2024-02-12,14.824352,120.279067,14.828916,120.287016,15:22:59,15:28:23,Mostly Clear
1595,2024-12-28,14.848543,120.314771,14.81575,120.28301,07:36:14,08:01:07,Light Rain
1596,2024-12-04,14.825065,120.277254,14.821316,120.271954,19:21:39,19:27:18,Mostly Clear
1597,2024-11-24,14.827213,120.27925,14.826396,120.283511,19:33:25,19:37:49,Rain
1598,2024-12-20,14.821336,120.283772,14.823799,120.278669,13:02:45,13:05:53,Clear
1599,2024-07-18,14.823638,120.280059,14.827863,120.286841,18:51:08,18:56:03,Cloudy
1600,2024-01-27,14.829291,120.287519,14.776439,120.307698,06:53:37,07:24:35,Cloudy
1601,2024-11-11,14.848232,120.253945,14.826358,120.272271,17:21:07,17:40:08,Light Rain
1602,2024-05-12,14.82541,120.277658,14.819885,120.275895,17:23:14,17:29:37,Mostly Clear
1603,2024-01-05,14.817519,120.280791,14.815232,120.283857,12:55:32,12:59:00,Clear
1604,2024-12-05,14.820101,120.278398,14.82964,120.286814,16:42:11,16:49:06,Clear
1605,2024-08-11,14.823436,120.287291,14.806274,120.322477,16:21:27,16:37:01,Partly Cloudy
1606,2024-10-09,14.824141,120.279925,14.825118,120.280095,19:17:36,19:21:20,Rain Showers
1607,2024-12-24,14.825089,120.281855,14.836201,120.277353,12:34:45,12:41:13,Mostly Clear
1608,2024-06-14,14.828759,120.280555,14.792045,120.294748,22:41:07,23:04:57,Drizzle
1609,2024-06-08,14.823157,120.28742,14.838575,120.282982,20:25:28,20:33:09,Clear
1610,2024-02-26,14.821115,120.283491,14.817197,120.283998,06:05:48,06:10:29,Mostly Clear
1611,2024-07-29,14.818388,120.280655,14.820601,120.284694,19:49:16,19:55:02,Partly Cloudy
1612,2024-04-22,14.776043,120.308664,14.830305,120.289623,08:25:25,09:08:39,Clear
1613,2024-07-25,14.839278,120.285078,14.830671,120.288987,10:31:08,10:38:26,Light Rain
1614,2024-06-27,14.826598,120.272546,14.838822,120.284997,19:09:51,19:20:10,Clear
1615,2024-09-11,14.828534,120.281545,14.817616,120.283918,19:08:05,19:19:37,Clear
1616,2024-09-03,14.798212,120.271714,14.849556,120.265024,09:42:50,10:10:14,Partly Cloudy
1617,2024-02-19,14.887358,120.237646,14.820112,120.276445,20:49:10,21:28:37,Mostly Clear
1618,2024-10-19,14.820783,120.284118,14.83624,120.283958,07:22:24,07:31:59,Light Drizzle
1619,2024-12-02,14.84353,120.285354,14.816,120.283612,07:51:36,08:10:25,Mostly Clear
1620,2024-08-25,14.842511,120.287853,14.81924,120.27857,19:03:07,19:15:44,Mostly Clear
1621,2024-06-29,14.815469,120.283971,14.839691,120.284633,15:32:21,15:43:30,Cloudy
1622,2024-04-19,14.841769,120.286817,14.823707,120.287499,13:09:15,13:18:08,Mostly Clear
1623,2024-11-02,14.827717,120.281633,14.83699,120.282745,19:06:41,19:14:24,Heavy Rain Showers
1624,2024-06-03,14.848503,120.254953,14.821875,120.272466,07:06:16,07:23:00,Mostly Clear
1625,2024-06-27,14.826658,120.272637,14.827692,120.281829,20:21:02,20:27:57,Mostly Clear
1626,2024-02-09,14.823297,120.279282,14.851424,120.263104,17:42:54,18:02:13,Mostly Clear
1627,2024-02-20,14.820798,120.283506,14.771779,120.258419,17:47:51,18:26:49,Mostly Clear
1628,2024-12-10,14.819934,120.284261,14.877397,120.235018,22:33:38,23:08:33,Cloudy
1629,2024-04-09,14.839171,120.284181,14.835671,120.285933,09:17:12,09:21:03,Clear
1630,2024-09-02,14.840098,120.283721,14.820059,120.284085,22:36:26,22:45:48,Clear
1631,2024-01-27,14.820447,120.284128,14.820798,120.283688,21:46:14,21:50:26,Clear
1632,2024-12-08,14.823429,120.289374,14.840843,120.286978,18:51:37,19:01:18,Cloudy
1633,2024-03-26,14.827156,120.279491,14.819108,120.2785,17:20:55,17:28:01,Cloudy
1634,2024-08-19,14.842852,120.287541,14.827144,120.279733,21:40:17,21:51:15,Light Rain
1635,2024-09-29,14.83321,120.282936,14.867999,120.292201,22:21:05,22:34:10,Mostly Clear
1636,2024-10-30,14.82379,120.27911,14.87699,120.231988,19:27:32,20:12:55,Partly Cloudy
1637,2024-05-16,14.839643,120.283482,14.820686,120.275808,09:07:11,09:15:41,Mostly Clear
1638,2024-10-20,14.821075,120.275103,14.842325,120.28728,08:30:27,08:52:34,Fog
1639,2024-01-22,14.887565,120.237738,14.868093,120.292192,19:25:35,19:53:35,Mostly Clear
1640,2024-06-01,14.828432,120.284957,14.8275,120.287254,18:02:20,18:05:15,Rain
1641,2024-02-28,14.851621,120.255995,14.821366,120.273765,20:28:43,20:49:44,Light Rain
1642,2024-08-24,14.824278,120.279493,14.84834,120.255207,07:59:15,08:23:39,Clear
1643,2024-12-28,14.827386,120.287372,14.824774,120.28231,07:32:00,07:35:10,Mostly Clear
1644,2024-05-02,14.776123,120.308402,14.887605,120.236926,13:54:05,14:34:15,Mostly Clear
1645,2024-02-15,14.83842,120.283442,14.849343,120.265555,17:05:36,17:19:42,Fog
1646,2024-12-24,14.798232,120.271587,14.822783,120.301587,07:32:28,07:56:01,Partly Cloudy
1647,2024-06-13,14.824439,120.279501,14.825303,120.281994,08:16:07,08:20:24,Rain Showers
1648,2024-08-20,14.789609,120.282072,14.824249,120.279941,21:53:14,22:10:16,Light Rain
1649,2024-06-19,14.829235,120.286943,14.887463,120.238003,15:57:16,16:30:04,Cloudy
1650,2024-04-21,14.828824,120.281646,14.806297,120.322954,16:05:22,16:22:18,Partly Cloudy
1651,2024-06-02,14.840129,120.284913,14.851148,120.256809,14:53:07,15:04:44,Partly Cloudy
1652,2024-03-17,14.805909,120.322786,14.824754,120.283047,17:10:24,17:31:34,Partly Cloudy
1653,2024-01-06,14.848381,120.254161,14.843493,120.28606,14:46:37,14:58:41,Mostly Clear
1654,2024-11-15,14.823131,120.287449,14.839404,120.283074,15:56:28,16:05:42,Fog
1655,2024-10-28,14.851583,120.256412,14.83963,120.284972,18:04:42,18:30:51,Heavy Rain
1656,2024-05-27,14.843457,120.286439,14.820212,120.28339,08:49:15,09:00:38,Rain Showers
1657,2024-05-12,14.815893,120.283713,14.887263,120.237461,21:58:00,22:31:35,Mostly Clear
1658,2024-05-04,14.82477,120.277702,14.830458,120.273587,17:50:24,17:55:26,Mostly Clear
1659,2024-01-06,14.840492,120.286452,14.856936,120.290206,07:57:09,08:05:43,Mostly Clear
1660,2024-08-16,14.849088,120.315285,14.84142,120.286406,06:02:14,06:18:21,Rain Showers
1661,2024-10-30,14.820094,120.283949,14.849173,120.254347,21:08:34,21:25:00,Mostly Clear
1662,2024-06-07,14.81573,120.283499,14.84141,120.286604,17:36:52,18:03:07,Dense Drizzle
1663,2024-04-01,14.840479,120.286646,14.836333,120.286372,08:05:09,08:09:49,Partly Cloudy
1664,2024-12-03,14.823379,120.287725,14.820018,120.284215,09:03:55,09:08:25,Partly Cloudy
1665,2024-05-09,14.819963,120.283412,14.887586,120.237375,17:55:46,18:38:21,Clear
1666,2024-10-11,14.835175,120.281953,14.820979,120.28359,19:00:27,19:09:29,Drizzle
1667,2024-01-04,14.829287,120.287224,14.820558,120.276614,06:36:27,06:45:09,Clear
1668,2024-04-26,14.836202,120.283123,14.836418,120.278042,20:28:53,20:31:58,Light Rain
1669,2024-11-19,14.822865,120.301047,14.790152,120.282301,13:51:07,14:05:40,Rain
1670,2024-08-23,14.82074,120.2841,14.820724,120.283281,18:58:11,19:02:08,Heavy Rain Showers
1671,2024-08-28,14.824111,120.279824,14.82398,120.289141,11:48:59,11:56:11,Rain
1672,2024-11-14,14.837349,120.26792,14.820118,120.278373,16:31:10,16:43:17,Dense Drizzle
1673,2024-01-23,14.839048,120.28476,14.820901,120.284035,20:58:36,21:06:49,Clear
1674,2024-01-16,14.8373,120.268005,14.839459,120.284229,20:18:00,20:26:43,Partly Cloudy
1675,2024-03-11,14.831485,120.289443,14.816126,120.283236,06:59:02,07:12:22,Clear
1676,2024-12-29,14.824457,120.277,14.830872,120.288812,17:25:19,17:35:39,Rain
1677,2024-11-08,14.824684,120.279655,14.830279,120.274211,18:51:19,18:57:10,Clear
1678,2024-06-29,14.829215,120.287488,14.824119,120.289449,17:10:27,17:18:30,Clear
1679,2024-06-02,14.789998,120.282387,14.836464,120.290845,14:04:55,14:28:35,Light Rain
1680,2024-05-25,14.834973,120.287951,14.848514,120.253958,07:39:31,08:01:04,Mostly Clear
1681,2024-01-10,14.876661,120.231867,14.84254,120.287998,19:49:42,20:19:36,Clear
1682,2024-09-03,14.829298,120.287298,14.839546,120.284503,08:57:53,09:04:08,Rain
1683,2024-03-21,14.829212,120.287218,14.822648,120.301274,06:20:58,06:31:13,Light Rain
1684,2024-05-16,14.840679,120.286177,14.798074,120.271801,22:03:17,22:19:30,Cloudy
1685,2024-02-14,14.824834,120.279428,14.815932,120.283319,06:31:49,06:39:47,Dense Drizzle
1686,2024-02-05,14.849096,120.265258,14.806376,120.323354,15:07:21,15:42:47,Partly Cloudy
1687,2024-03-08,14.789774,120.281918,14.838717,120.282973,14:15:01,14:36:20,Partly Cloudy
1688,2024-05-01,14.856403,120.289628,14.824645,120.280201,06:29:27,06:47:58,Clear
1689,2024-04-20,14.841688,120.282772,14.839732,120.284515,14:01:58,14:04:25,Clear
1690,2024-04-20,14.839914,120.283431,14.819601,120.284524,19:33:32,19:48:02,Mostly Clear
1691,2024-06-29,14.838895,120.284135,14.826094,120.283431,18:59:26,19:09:17,Cloudy
1692,2024-03-20,14.82527,120.280585,14.873762,120.235031,10:52:00,11:20:27,Clear
1693,2024-08-26,14.828047,120.281726,14.837031,120.267525,19:49:01,20:04:58,Drizzle
1694,2024-04-14,14.827635,120.281471,14.792445,120.294599,18:24:30,18:45:44,Mostly Clear
1695,2024-06-28,14.833002,120.282115,14.836892,120.290362,13:52:25,13:56:55,Light Rain
1696,2024-03-09,14.832771,120.282174,14.823946,120.289324,18:27:21,18:36:34,Cloudy
1697,2024-02-25,14.840949,120.286962,14.821999,120.298449,19:09:00,19:21:33,Rain Showers
1698,2024-01-19,14.789323,120.28205,14.848934,120.255082,20:58:35,21:25:37,Clear
1699,2024-05-24,14.828958,120.287976,14.81809,120.284062,08:03:01,08:13:11,Light Rain
1700,2024-07-30,14.830446,120.27375,14.837411,120.279099,07:09:32,07:16:31,Clear
1701,2024-04-24,14.843217,120.286534,14.836342,120.286767,12:02:23,12:07:34,Cloudy
1702,2024-02-22,14.841573,120.286886,14.822791,120.282995,21:10:49,21:22:05,Partly Cloudy
1703,2024-09-06,14.824991,120.280265,14.824572,120.283218,07:31:40,07:34:30,Mostly Clear
1704,2024-03-15,14.839648,120.283893,14.823768,120.289464,19:35:09,19:43:32,Drizzle
1705,2024-01-17,14.822796,120.272108,14.819933,120.283954,14:43:24,14:51:20,Clear
1706,2024-02-17,14.818589,120.28364,14.839892,120.285255,20:53:47,21:03:07,Clear
1707,2024-06-04,14.820504,120.276578,14.832929,120.282397,14:35:35,14:43:37,Rain Showers
1708,2024-10-14,14.868065,120.292593,14.849706,120.265368,12:00:21,12:16:52,Fog
1709,2024-07-31,14.823799,120.279099,14.837461,120.268065,17:51:57,18:02:20,Mostly Clear
1710,2024-03-19,14.824654,120.279144,14.839689,120.2856,18:38:17,18:46:11,Light Rain
1711,2024-05-06,14.828157,120.295006,14.82872,120.286586,22:14:25,22:17:49,Clear
1712,2024-08-18,14.839628,120.284071,14.835691,120.282145,19:41:35,19:45:24,Partly Cloudy
1713,2024-07-21,14.764957,120.292938,14.823372,120.300193,17:03:17,17:44:47,Clear
1714,2024-11-28,14.819389,120.284159,14.825207,120.279763,17:03:58,17:09:25,Rain
1715,2024-01-19,14.851424,120.263095,14.882206,120.236288,06:28:06,06:44:13,Partly Cloudy
1716,2024-08-17,14.824532,120.280895,14.836229,120.287438,08:42:33,08:50:42,Cloudy
1717,2024-01-01,14.849428,120.265355,14.819225,120.278597,05:19:39,05:38:37,Mostly Clear
1718,2024-08-21,14.828238,120.281783,14.836787,120.277924,17:36:55,17:44:17,Rain
1719,2024-12-04,14.816414,120.283446,14.849215,120.265031,18:42:51,18:58:21,Dense Drizzle
1720,2024-08-08,14.815789,120.283421,14.822728,120.301601,08:06:30,08:18:56,Cloudy
1721,2024-05-14,14.840315,120.28651,14.823371,120.289467,08:34:44,08:44:18,Partly Cloudy
1722,2024-02-20,14.818881,120.279099,14.840502,120.286679,14:25:47,14:33:49,Clear
1723,2024-01-25,14.828164,120.294905,14.823097,120.301806,09:42:49,09:47:54,Cloudy
1724,2024-11-15,14.805704,120.322355,14.836639,120.28378,09:08:05,09:32:37,Rain
1725,2024-11-15,14.776303,120.308,14.828145,120.286449,19:52:35,20:19:11,Drizzle
1726,2024-07-30,14.839674,120.284145,14.837793,120.26782,13:20:46,13:31:45,Clear
1727,2024-07-22,14.822167,120.2984,14.822433,120.272472,09:30:24,09:44:52,Drizzle
1728,2024-08-04,14.827,120.287589,14.836245,120.283234,08:39:37,08:48:47,Light Rain
1729,2024-09-30,14.828789,120.28689,14.835148,120.281867,18:51:29,18:58:07,Cloudy
1730,2024-05-11,14.827836,120.29473,14.849678,120.264296,18:48:15,19:06:02,Clear
1731,2024-11-05,14.829439,120.299208,14.822321,120.301262,05:20:35,05:25:56,Dense Drizzle
1732,2024-03-26,14.837356,120.267914,14.829463,120.287668,16:30:59,16:40:38,Clear
1733,2024-07-30,14.824963,120.2773,14.818915,120.283769,18:25:46,18:32:52,Light Rain
1734,2024-10-19,14.837895,120.279262,14.820467,120.276638,18:54:37,19:04:07,Cloudy
1735,2024-04-21,14.828807,120.281694,14.824014,120.301285,14:09:22,14:16:41,Clear
1736,2024-01-08,14.849228,120.265417,14.817952,120.284415,06:02:47,06:23:39,Light Drizzle
1737,2024-12-15,14.829017,120.286312,14.839652,120.283232,16:12:05,16:19:13,Clear
1738,2024-11-11,14.833126,120.285989,14.823653,120.28012,07:08:34,07:18:45,Partly Cloudy
1739,2024-06-18,14.838488,120.282825,14.828751,120.285996,17:23:56,17:32:57,Cloudy
1740,2024-03-07,14.835587,120.288401,14.827578,120.282727,08:41:33,08:50:31,Partly Cloudy
1741,2024-10-13,14.828456,120.282088,14.838396,120.28318,18:45:25,18:51:28,Partly Cloudy
1742,2024-01-10,14.830402,120.273903,14.826184,120.273267,07:37:29,07:41:50,Partly Cloudy
1743,2024-09-21,14.832544,120.285809,14.764742,120.293088,06:07:22,06:58:53,Partly Cloudy
1744,2024-03-22,14.824193,120.289289,14.843051,120.281721,22:10:08,22:19:46,Mostly Clear
1745,2024-05-18,14.836574,120.290462,14.829293,120.287077,22:54:45,22:58:28,Drizzle
1746,2024-03-22,14.83806,120.283607,14.84318,120.286021,13:32:43,13:35:50,Partly Cloudy
1747,2024-05-01,14.818501,120.284114,14.82438,120.280495,18:51:57,18:57:13,Rain Showers
1748,2024-04-22,14.837558,120.27845,14.838904,120.28445,19:49:18,19:53:09,Clear
1749,2024-08-17,14.820406,120.275603,14.817728,120.28134,16:14:01,16:17:26,Cloudy
1750,2024-10-08,14.764374,120.293836,14.839773,120.285148,18:33:36,19:17:03,Clear
1751,2024-09-20,14.838307,120.283311,14.791822,120.293646,19:47:04,20:07:21,Light Rain
1752,2024-10-19,14.823205,120.287489,14.789974,120.281876,21:30:36,21:51:05,Rain
1753,2024-04-18,14.820265,120.283355,14.820575,120.275458,19:56:33,20:03:04,Clear
1754,2024-10-21,14.83591,120.282979,14.840339,120.284966,17:45:58,17:50:16,Cloudy
1755,2024-11-24,14.805356,120.323244,14.839244,120.284623,12:17:07,12:35:02,Drizzle
1756,2024-06-01,14.828373,120.28522,14.824649,120.280686,13:36:06,13:39:53,Heavy Rain Showers
1757,2024-11-22,14.825186,120.281035,14.836996,120.268414,20:47:03,20:55:28,Fog
1758,2024-08-01,14.836454,120.285798,14.836307,120.28981,16:04:24,16:09:24,Drizzle
1759,2024-02-20,14.817646,120.283971,14.867785,120.291846,15:29:24,15:48:21,Partly Cloudy
1760,2024-03-17,14.819707,120.284796,14.823956,120.280371,19:20:18,19:26:58,Drizzle
1761,2024-12-15,14.82493,120.281611,14.857103,120.290363,13:12:10,13:24:33,Clear
1762,2024-03-06,14.830377,120.289451,14.839491,120.284242,17:18:27,17:24:50,Mostly Clear
1763,2024-02-07,14.821529,120.271834,14.819905,120.284018,18:59:59,19:10:24,Partly Cloudy
1764,2024-01-08,14.848426,120.255219,14.840056,120.284795,13:01:28,13:12:07,Mostly Clear
1765,2024-05-25,14.827027,120.279935,14.849067,120.290898,17:42:00,18:02:57,Partly Cloudy
1766,2024-12-10,14.820527,120.284313,14.82396,120.289416,17:41:08,17:46:06,Partly Cloudy
1767,2024-03-13,14.821399,120.271622,14.843213,120.285976,14:56:59,15:12:06,Cloudy
1768,2024-01-20,14.833285,120.28571,14.822773,120.301848,18:01:58,18:12:49,Clear
1769,2024-04-03,14.82849,120.284966,14.817497,120.280708,16:41:12,16:50:08,Cloudy
1770,2024-11-08,14.843839,120.286274,14.839372,120.283996,07:14:01,07:19:00,Clear
1771,2024-05-26,14.820496,120.275044,14.823193,120.287401,13:31:47,13:39:46,Cloudy
1772,2024-01-14,14.821459,120.274457,14.815232,120.317054,10:26:36,10:40:33,Clear
1773,2024-10-17,14.848754,120.315811,14.849093,120.265122,17:41:27,18:05:44,Light Drizzle
1774,2024-10-01,14.824273,120.289527,14.818173,120.281684,08:44:38,08:51:23,Mostly Clear
1775,2024-09-24,14.828253,120.28551,14.820716,120.276613,19:50:09,20:00:58,Partly Cloudy
1776,2024-07-22,14.824639,120.27969,14.80586,120.32283,06:04:44,06:28:29,Light Rain
1777,2024-05-14,14.835257,120.282031,14.835924,120.282861,17:23:43,17:28:05,Mostly Clear
1778,2024-12-20,14.827603,120.280462,14.81887,120.278666,18:31:55,18:38:48,Partly Cloudy
1779,2024-11-01,14.878168,120.235234,14.824936,120.280183,19:58:18,20:31:07,Clear
1780,2024-03-31,14.843332,120.285585,14.772246,120.25822,07:42:18,08:18:24,Partly Cloudy
1781,2024-11-04,14.764384,120.293417,14.851424,120.262678,19:44:41,20:29:55,Drizzle
1782,2024-12-14,14.823826,120.300705,14.85134,120.256837,22:16:42,22:46:41,Partly Cloudy
1783,2024-07-06,14.87369,120.234648,14.819345,120.279057,17:15:29,17:54:54,Dense Drizzle
1784,2024-07-11,14.857261,120.290359,14.877436,120.235624,05:53:33,06:18:44,Cloudy
1785,2024-09-17,14.882288,120.236967,14.829547,120.298327,08:02:32,09:00:13,Partly Cloudy
1786,2024-05-12,14.829639,120.287371,14.824698,120.282306,06:28:47,06:34:02,Mostly Clear
1787,2024-10-10,14.827716,120.282588,14.828889,120.287435,22:20:38,22:24:00,Dense Drizzle
1788,2024-11-29,14.823129,120.287726,14.842034,120.282717,19:00:56,19:17:17,Rain
1789,2024-10-21,14.8242,120.278547,14.873066,120.235438,18:58:50,19:35:25,Partly Cloudy
1790,2024-10-25,14.856854,120.290199,14.820713,120.275436,17:30:46,18:03:59,Drizzle
1791,2024-04-02,14.876917,120.234947,14.829098,120.287419,18:39:58,19:10:24,Clear
1792,2024-01-03,14.830125,120.298371,14.8295,120.287115,17:46:59,17:55:45,Partly Cloudy
1793,2024-05-08,14.823529,120.301091,14.87656,120.232235,08:01:07,08:55:25,Mostly Clear
1794,2024-07-24,14.873456,120.235518,14.839859,120.28354,06:55:57,07:33:05,Drizzle
1795,2024-06-02,14.837224,120.283071,14.805285,120.322995,07:43:11,08:03:44,Drizzle
1796,2024-04-17,14.823934,120.289444,14.839027,120.284046,08:54:11,09:04:34,Mostly Clear
1797,2024-06-15,14.835517,120.287365,14.82924,120.287314,12:05:33,12:09:41,Light Drizzle
1798,2024-08-09,14.824901,120.282306,14.826962,120.272205,18:53:39,18:59:08,Mostly Clear
1799,2024-05-04,14.824839,120.279446,14.817766,120.284236,08:10:52,08:15:45,Heavy Rain
1800,2024-03-05,14.828297,120.281613,14.83825,120.283799,22:30:34,22:36:57,Partly Cloudy
1801,2024-03-17,14.856905,120.289997,14.832313,120.285366,18:28:35,18:41:38,Rain
1802,2024-11-21,14.823241,120.287391,14.829368,120.28646,15:15:21,15:18:31,Partly Cloudy
1803,2024-04-19,14.829122,120.287059,14.877028,120.23485,08:30:13,09:09:52,Cloudy
1804,2024-01-22,14.887019,120.237457,14.837297,120.283085,10:21:21,10:51:11,Mostly Clear
1805,2024-01-20,14.822052,120.298186,14.839864,120.283804,07:35:34,07:45:46,Partly Cloudy
1806,2024-06-01,14.835047,120.287452,14.824986,120.277464,12:32:42,12:39:44,Mostly Clear
1807,2024-10-05,14.868649,120.292368,14.839769,120.283354,13:34:29,13:45:58,Light Drizzle
1808,2024-05-22,14.877367,120.234978,14.826505,120.283185,14:17:02,14:53:47,Partly Cloudy
1809,2024-01-15,14.829415,120.299011,14.819676,120.279122,11:46:32,11:58:58,Cloudy
1810,2024-02-08,14.815712,120.283505,14.876881,120.232663,17:23:52,18:04:34,Mostly Clear
1811,2024-11-07,14.819675,120.283863,14.837218,120.268081,18:44:58,19:01:43,Cloudy
1812,2024-10-15,14.806357,120.322317,14.837902,120.278464,09:28:07,09:46:50,Mostly Clear
1813,2024-12-05,14.821822,120.298024,14.824348,120.279766,10:51:59,11:01:24,Light Drizzle
1814,2024-11-08,14.764702,120.293421,14.827402,120.280526,10:05:19,10:25:17,Drizzle
1815,2024-11-14,14.818328,120.281912,14.820887,120.284598,15:12:01,15:16:13,Clear
1816,2024-03-27,14.835664,120.282825,14.823786,120.289501,12:56:18,13:03:10,Clear
1817,2024-02-15,14.764536,120.293209,14.828732,120.286945,05:23:45,05:45:46,Clear
1818,2024-03-10,14.840876,120.286743,14.835892,120.289727,21:15:57,21:20:27,Light Rain
1819,2024-04-29,14.836284,120.286941,14.820963,120.283529,18:30:04,18:43:40,Clear
1820,2024-03-25,14.829896,120.298737,14.829451,120.286823,22:45:13,22:51:30,Partly Cloudy
1821,2024-11-26,14.820797,120.27688,14.817584,120.28102,07:43:26,07:49:36,Light Rain
1822,2024-12-22,14.827944,120.287113,14.825423,120.279606,06:14:48,06:21:37,Partly Cloudy
1823,2024-10-15,14.840488,120.286899,14.825201,120.280768,08:50:48,09:03:12,Cloudy
1824,2024-09-09,14.828899,120.280118,14.823362,120.287111,18:49:25,18:54:10,Cloudy
1825,2024-04-10,14.823039,120.301062,14.823676,120.300304,21:32:46,21:36:45,Rain
1826,2024-04-06,14.840966,120.28723,14.83319,120.282193,20:39:24,20:45:27,Cloudy
1827,2024-07-22,14.829683,120.298394,14.837636,120.267222,19:08:49,19:27:14,Light Drizzle
1828,2024-04-11,14.819856,120.284976,14.820323,120.283884,06:54:01,06:57:27,Partly Cloudy
1829,2024-01-03,14.826925,120.272378,14.823322,120.287678,15:11:09,15:18:25,Thunderstorm
1830,2024-02-27,14.805921,120.322584,14.851023,120.263089,19:26:50,20:05:40,Fog
1831,2024-04-08,14.827762,120.285847,14.837534,120.279134,06:02:16,06:10:06,Cloudy
1832,2024-03-07,14.820999,120.284002,14.826493,120.283147,07:21:22,07:26:25,Clear
1833,2024-02-27,14.842558,120.287391,14.822231,120.298634,22:13:44,22:25:27,Clear
1834,2024-11-07,14.818003,120.281179,14.872989,120.235836,17:50:21,18:20:42,Violent Rain Showers
1835,2024-04-28,14.827869,120.287141,14.838575,120.283191,07:51:01,08:01:32,Fog
1836,2024-02-17,14.84115,120.286488,14.820387,120.284366,14:41:08,14:51:19,Partly Cloudy
1837,2024-08-15,14.823631,120.286836,14.823756,120.289935,11:24:51,11:27:56,Partly Cloudy
1838,2024-11-05,14.87743,120.23244,14.829137,120.280351,07:02:34,07:38:22,Light Rain
1839,2024-08-30,14.839852,120.283973,14.820561,120.283754,05:00:44,05:10:59,Heavy Rain Showers
1840,2024-05-10,14.828478,120.280512,14.828786,120.294704,18:36:21,18:46:48,Clear
1841,2024-02-04,14.836566,120.289596,14.820967,120.283698,15:13:17,15:23:16,Clear
1842,2024-04-26,14.847973,120.253996,14.837387,120.267809,14:17:58,14:28:50,Light Rain
1843,2024-03-05,14.824485,120.289209,14.824272,120.280539,20:18:40,20:24:30,Mostly Clear
1844,2024-05-24,14.822173,120.271779,14.83546,120.281307,18:11:40,18:25:47,Mostly Clear
1845,2024-08-29,14.848885,120.254599,14.821898,120.274435,14:42:31,14:56:53,Cloudy
1846,2024-02-12,14.841353,120.286472,14.832846,120.285497,19:46:04,19:53:48,Rain Showers
1847,2024-03-02,14.822673,120.301583,14.823999,120.279639,18:16:24,18:29:24,Clear
1848,2024-12-09,14.843252,120.286133,14.823659,120.288641,19:48:21,20:06:03,Clear
1849,2024-03-16,14.848603,120.25446,14.826077,120.283424,06:10:05,06:29:06,Clear
1850,2024-10-04,14.823456,120.301204,14.824856,120.2801,17:35:13,17:44:30,Thunderstorm
1851,2024-08-29,14.820326,120.283926,14.848,120.253785,19:53:01,20:16:16,Mostly Clear
1852,2024-09-12,14.827029,120.287833,14.82275,120.287094,22:02:36,22:05:57,Cloudy
1853,2024-07-28,14.842628,120.287037,14.805862,120.323085,10:39:26,11:06:01,Cloudy
1854,2024-05-21,14.825706,120.281885,14.824445,120.279855,17:32:06,17:35:39,Clear
1855,2024-11-09,14.818756,120.2833,14.82021,120.276053,11:03:13,11:07:29,Drizzle
1856,2024-01-17,14.820341,120.284169,14.82053,120.284332,15:48:49,15:51:27,Mostly Clear
1857,2024-09-02,14.820549,120.27505,14.826499,120.282987,08:35:12,08:41:05,Mostly Clear
1858,2024-08-10,14.848903,120.264806,14.849391,120.290486,17:09:34,17:27:08,Light Drizzle
1859,2024-02-22,14.849157,120.264599,14.836186,120.283079,19:30:52,19:48:25,Clear
1860,2024-04-10,14.822893,120.287356,14.817434,120.280624,21:40:34,21:46:07,Partly Cloudy
1861,2024-01-07,14.82408,120.27941,14.815308,120.28377,06:37:33,06:43:17,Mostly Clear
1862,2024-12-27,14.867957,120.292223,14.819036,120.284256,08:09:06,08:37:19,Rain Showers
1863,2024-11-04,14.819102,120.283948,14.832592,120.281824,19:13:16,19:20:51,Partly Cloudy
1864,2024-04-18,14.821767,120.27849,14.824321,120.279198,06:10:06,06:14:35,Light Drizzle
1865,2024-11-28,14.806302,120.322259,14.818733,120.278403,17:25:41,17:50:32,Heavy Rain
1866,2024-01-01,14.843471,120.285892,14.824874,120.277068,07:09:54,07:21:26,Partly Cloudy
1867,2024-11-01,14.876979,120.231765,14.817533,120.281347,08:22:20,09:13:09,Drizzle
1868,2024-08-27,14.827951,120.282424,14.820413,120.275022,14:42:24,14:47:13,Light Rain
1869,2024-05-25,14.832692,120.282304,14.843099,120.281377,15:17:36,15:25:00,Mostly Clear
1870,2024-01-12,14.840764,120.286537,14.836537,120.289421,11:54:47,11:59:12,Mostly Clear
1871,2024-07-04,14.882138,120.235871,14.820216,120.284112,12:05:30,12:37:24,Light Rain
1872,2024-12-02,14.826242,120.283156,14.84244,120.287981,21:35:06,21:45:31,Cloudy
1873,2024-12-18,14.819072,120.283288,14.823037,120.282876,11:34:28,11:38:15,Mostly Clear
1874,2024-06-25,14.83953,120.283861,14.820396,120.284338,09:35:12,09:45:56,Partly Cloudy
1875,2024-05-15,14.839799,120.284175,14.820681,120.275395,18:32:20,18:46:01,Light Rain
1876,2024-03-25,14.848281,120.254043,14.821554,120.298896,06:22:16,07:00:50,Mostly Clear
1877,2024-06-07,14.848471,120.315239,14.805851,120.322277,07:00:57,07:21:56,Mostly Clear
1878,2024-06-22,14.817592,120.281502,14.821532,120.273811,19:36:52,19:44:29,Mostly Clear
1879,2024-09-23,14.818988,120.283412,14.820926,120.27581,11:13:23,11:17:43,Rain
1880,2024-03-26,14.823933,120.279346,14.824699,120.280529,18:12:50,18:16:16,Cloudy
1881,2024-11-30,14.849011,120.254963,14.821081,120.28323,20:18:38,20:38:59,Dense Drizzle
1882,2024-10-30,14.828766,120.281764,14.824647,120.280976,18:34:28,18:40:19,Heavy Rain Showers
1883,2024-10-12,14.86799,120.292275,14.824132,120.289357,13:01:31,13:27:47,Light Drizzle
1884,2024-03-24,14.851381,120.263658,14.819651,120.283728,05:36:55,05:52:39,Mostly Clear
1885,2024-07-04,14.841072,120.286308,14.839222,120.284625,06:45:28,06:49:30,Clear
1886,2024-07-17,14.835754,120.282234,14.821674,120.272235,17:27:20,17:41:17,Partly Cloudy
1887,2024-12-13,14.876701,120.233563,14.843105,120.286083,20:59:14,21:33:12,Clear
1888,2024-02-28,14.837992,120.28343,14.824021,120.289326,21:21:38,21:28:24,Clear
1889,2024-07-26,14.825401,120.280467,14.829508,120.286621,05:18:22,05:24:15,Light Rain
1890,2024-12-18,14.828527,120.294195,14.820539,120.283423,05:16:16,05:24:09,Cloudy
1891,2024-04-30,14.825104,120.2796,14.824542,120.279081,18:17:36,18:20:47,Mostly Clear
1892,2024-08-09,14.842928,120.288274,14.887628,120.237601,08:40:34,09:32:54,Rain
1893,2024-11-29,14.820549,120.275408,14.80569,120.322608,07:54:12,08:17:59,Mostly Clear
1894,2024-11-18,14.839105,120.283267,14.835955,120.28361,18:43:45,18:47:36,Mostly Clear
1895,2024-10-03,14.823272,120.300269,14.822884,120.282619,06:19:38,06:33:53,Fog
1896,2024-09-08,14.822637,120.298097,14.83772,120.279366,12:02:10,12:14:26,Partly Cloudy
1897,2024-03-18,14.828938,120.280455,14.836573,120.290484,17:00:33,17:11:45,Light Drizzle
1898,2024-04-26,14.827494,120.279823,14.823126,120.287551,17:46:07,17:50:37,Clear
1899,2024-03-16,14.824881,120.276612,14.828104,120.295453,20:17:58,20:27:52,Light Drizzle
1900,2024-09-05,14.828518,120.286964,14.829797,120.298711,06:43:53,06:52:13,Partly Cloudy
1901,2024-11-14,14.817501,120.280569,14.82983,120.298204,21:57:47,22:09:19,Cloudy
1902,2024-08-25,14.837683,120.278003,14.87375,120.235055,18:51:13,19:28:30,Mostly Clear
1903,2024-09-09,14.805798,120.322651,14.843942,120.286635,10:20:19,10:42:29,Light Drizzle
1904,2024-06-18,14.821279,120.275441,14.830292,120.289428,07:23:14,07:33:31,Violent Rain Showers
1905,2024-06-02,14.819638,120.284305,14.841508,120.287236,19:28:05,19:43:34,Light Rain
1906,2024-07-21,14.820075,120.28409,14.848075,120.254577,17:30:53,17:58:24,Light Rain
1907,2024-11-01,14.877135,120.232892,14.826849,120.273281,08:29:19,08:55:22,Rain Showers
1908,2024-03-25,14.817724,120.283403,14.82812,120.295092,20:29:01,20:37:34,Mostly Clear
1909,2024-07-01,14.821405,120.2984,14.822865,120.287476,22:26:40,22:32:42,Mostly Clear
1910,2024-07-06,14.829539,120.28691,14.823352,120.301811,08:16:13,08:30:14,Partly Cloudy
1911,2024-10-12,14.823798,120.278317,14.848973,120.291276,17:18:28,17:34:39,Clear
1912,2024-01-10,14.882411,120.237142,14.836187,120.286493,07:25:00,07:57:31,Partly Cloudy
1913,2024-04-18,14.832713,120.285454,14.828909,120.287341,16:26:55,16:30:24,Fog
1914,2024-06-02,14.82947,120.287782,14.838662,120.283239,13:41:37,13:49:19,Cloudy
1915,2024-04-28,14.820766,120.27622,14.836945,120.278296,08:58:16,09:06:24,Light Rain
1916,2024-04-02,14.834825,120.281834,14.82646,120.283471,19:15:29,19:22:39,Mostly Clear
1917,2024-06-28,14.820522,120.283904,14.82125,120.275527,22:52:35,22:57:45,Light Rain
1918,2024-07-28,14.842385,120.287256,14.837142,120.268223,18:36:31,18:46:41,Thunderstorm with Hail
1919,2024-02-07,14.848865,120.314959,14.817889,120.281255,08:01:35,08:28:22,Clear
1920,2024-02-08,14.836816,120.290119,14.817767,120.284155,18:19:33,18:35:04,Mostly Clear
1921,2024-07-20,14.826196,120.282722,14.843576,120.282327,18:52:29,19:02:09,Drizzle
1922,2024-10-20,14.81913,120.278776,14.826511,120.283388,18:28:11,18:36:35,Light Drizzle
1923,2024-03-22,14.839573,120.284807,14.789593,120.281541,13:39:30,13:55:56,Clear
1924,2024-12-14,14.805893,120.322785,14.848369,120.254511,17:53:29,18:34:03,Partly Cloudy
1925,2024-08-03,14.82574,120.272893,14.820497,120.278643,05:59:48,06:05:04,Light Drizzle
1926,2024-04-18,14.836921,120.278104,14.823319,120.287705,11:54:26,12:03:43,Light Drizzle
1927,2024-10-31,14.877778,120.23457,14.824506,120.289289,18:47:21,19:17:36,Rain
1928,2024-05-09,14.824258,120.279577,14.823416,120.279125,21:02:45,21:06:09,Cloudy
1929,2024-11-08,14.827573,120.282611,14.868721,120.292491,19:39:16,20:05:02,Light Drizzle
1930,2024-07-25,14.821141,120.278418,14.826475,120.27235,08:07:15,08:14:06,Cloudy
1931,2024-07-16,14.823537,120.279358,14.823039,120.282682,19:16:53,19:21:38,Cloudy
1932,2024-11-27,14.823964,120.27901,14.848874,120.31456,18:55:27,19:23:58,Heavy Rain Showers
1933,2024-10-21,14.775653,120.307772,14.764405,120.252974,17:56:05,18:24:33,Light Drizzle
1934,2024-08-28,14.828749,120.287392,14.819991,120.284914,06:55:53,07:05:06,Heavy Rain
1935,2024-12-08,14.819514,120.284358,14.843678,120.285787,21:43:11,21:54:33,Partly Cloudy
1936,2024-12-24,14.826326,120.272712,14.841341,120.286892,17:38:11,17:50:08,Clear
1937,2024-04-16,14.841432,120.283331,14.839638,120.283477,11:31:26,11:34:43,Cloudy
1938,2024-11-24,14.789686,120.281796,14.824713,120.280157,18:17:02,18:38:01,Light Rain
1939,2024-08-24,14.833035,120.282268,14.824759,120.283041,18:42:18,18:48:03,Light Rain
1940,2024-07-18,14.830882,120.28873,14.838004,120.282933,12:15:47,12:21:28,Light Drizzle
1941,2024-12-03,14.829007,120.286971,14.825416,120.280223,08:37:13,08:42:12,Cloudy
1942,2024-03-22,14.825178,120.282695,14.821539,120.273709,17:57:08,18:02:41,Clear
1943,2024-05-05,14.820627,120.283837,14.820733,120.284092,19:07:51,19:10:38,Rain
1944,2024-06-16,14.841775,120.285802,14.80635,120.323358,06:05:42,06:25:51,Partly Cloudy
1945,2024-01-29,14.877284,120.231748,14.824245,120.27936,13:19:33,13:55:18,Light Rain
1946,2024-03-17,14.829031,120.280527,14.838858,120.283688,19:43:20,19:51:16,Mostly Clear
1947,2024-02-20,14.828275,120.285145,14.827043,120.279988,07:23:41,07:28:32,Fog
1948,2024-11-13,14.868067,120.291868,14.817791,120.2819,08:32:29,08:56:50,Mostly Clear
1949,2024-05-10,14.815362,120.284022,14.76401,120.252613,17:15:58,17:58:12,Fog
1950,2024-09-16,14.82406,120.280429,14.820348,120.284134,10:42:09,10:47:04,Cloudy
1951,2024-12-28,14.824876,120.280209,14.775622,120.307923,07:09:54,07:36:22,Cloudy
1952,2024-10-18,14.825213,120.277061,14.825231,120.280644,14:29:57,14:34:00,Mostly Clear
1953,2024-06-17,14.838643,120.283481,14.776265,120.307111,06:59:10,07:37:55,Partly Cloudy
1954,2024-02-02,14.771569,120.258236,14.836677,120.277953,13:07:44,13:37:17,Cloudy
1955,2024-06-29,14.833042,120.285497,14.821811,120.273053,18:59:27,19:08:26,Fog
1956,2024-10-13,14.836285,120.283181,14.88149,120.236387,20:22:48,20:52:30,Cloudy
1957,2024-06-17,14.828826,120.286959,14.772305,120.2587,16:20:49,16:45:19,Heavy Rain Showers
1958,2024-02-05,14.820661,120.283502,14.826706,120.287874,14:02:33,14:08:46,Cloudy
1959,2024-04-10,14.843333,120.285522,14.826366,120.282525,07:53:13,08:04:46,Light Drizzle
1960,2024-12-06,14.82297,120.272139,14.826763,120.27294,11:34:35,11:39:06,Mostly Clear
1961,2024-02-20,14.838896,120.282923,14.824026,120.278496,14:49:28,14:58:47,Clear
1962,2024-04-05,14.776222,120.30765,14.840585,120.286533,14:27:18,15:03:09,Clear
1963,2024-09-10,14.829956,120.289313,14.824902,120.282375,06:28:38,06:34:23,Rain Showers
1964,2024-05-11,14.834926,120.282394,14.820664,120.275592,19:39:45,19:49:36,Clear
1965,2024-10-11,14.832265,120.285963,14.828073,120.281662,14:17:49,14:20:47,Mostly Clear
1966,2024-03-15,14.827378,120.28009,14.822779,120.302202,19:56:41,20:17:04,Clear
1967,2024-07-30,14.828768,120.286899,14.824049,120.278961,08:20:31,08:27:13,Light Rain
1968,2024-07-09,14.821625,120.271549,14.836344,120.283168,15:32:24,15:40:45,Partly Cloudy
1969,2024-05-10,14.837634,120.283354,14.829184,120.287586,12:13:26,12:18:59,Clear
1970,2024-05-29,14.817896,120.281335,14.840998,120.286226,19:27:28,19:40:53,Mostly Clear
1971,2024-11-17,14.820851,120.274818,14.836677,120.283268,08:20:03,08:30:44,Fog
1972,2024-10-29,14.819332,120.28418,14.833414,120.281835,05:49:17,05:56:00,Fog
1973,2024-01-20,14.848748,120.291636,14.817526,120.281564,06:33:17,06:48:40,Mostly Clear
1974,2024-11-13,14.829998,120.298265,14.840725,120.286556,18:13:20,18:28:06,Light Drizzle
1975,2024-03-19,14.821129,120.274537,14.824266,120.2797,10:06:25,10:12:06,Clear
1976,2024-05-05,14.828469,120.285489,14.87653,120.232369,07:15:51,08:13:18,Clear
1977,2024-06-15,14.824537,120.279928,14.887535,120.237548,07:08:57,07:55:35,Dense Drizzle
1978,2024-08-11,14.829174,120.287128,14.839267,120.285572,08:00:20,08:06:03,Light Rain
1979,2024-10-21,14.82639,120.28339,14.841323,120.286741,22:58:14,23:04:15,Rain
1980,2024-08-14,14.843137,120.286349,14.824706,120.282572,06:45:33,07:03:24,Partly Cloudy
1981,2024-11-30,14.820325,120.275844,14.82494,120.280449,13:45:19,13:49:03,Cloudy
1982,2024-05-01,14.8177,120.2812,14.823639,120.280274,18:44:19,18:49:26,Clear
1983,2024-08-24,14.877374,120.2326,14.819754,120.278579,18:28:03,18:56:35,Clear
1984,2024-11-24,14.822939,120.287221,14.824189,120.279853,16:23:24,16:29:27,Light Drizzle
1985,2024-01-16,14.842511,120.287536,14.83718,120.279227,09:03:43,09:07:55,Partly Cloudy
1986,2024-07-11,14.824811,120.279661,14.820903,120.27547,19:38:45,19:42:45,Rain
1987,2024-08-27,14.856321,120.289855,14.835869,120.283521,18:55:23,19:09:59,Cloudy
1988,2024-03-06,14.829344,120.280616,14.819454,120.284027,21:42:24,21:50:41,Dense Drizzle
1989,2024-04-22,14.824868,120.280212,14.82204,120.298544,08:04:37,08:15:13,Fog
1990,2024-12-08,14.815738,120.283421,14.805732,120.322429,16:29:29,16:47:53,Clear
1991,2024-10-15,14.828302,120.281127,14.823907,120.280254,19:38:58,19:43:25,Clear
1992,2024-03-02,14.805408,120.322515,14.847873,120.254651,13:25:15,13:54:02,Clear
1993,2024-09-10,14.826026,120.272635,14.82471,120.28261,08:17:56,08:23:58,Cloudy
1994,2024-05-02,14.823345,120.300961,14.771781,120.257863,19:42:43,20:34:45,Clear
1995,2024-12-22,14.84841,120.31534,14.851741,120.256625,08:36:07,09:23:47,Mostly Clear
1996,2024-04-20,14.824789,120.280459,14.839622,120.285129,19:08:32,19:17:43,Clear
1997,2024-09-15,14.81868,120.27877,14.836707,120.278095,06:25:37,06:40:21,Partly Cloudy
1998,2024-01-05,14.827756,120.285711,14.82005,120.284049,20:41:17,20:46:34,Partly Cloudy
1999,2024-10-15,14.877104,120.233775,14.825192,120.283319,06:58:08,07:53:07,Cloudy
2000,2024-01-26,14.828893,120.280107,14.842351,120.286534,16:02:46,16:09:09,Partly Cloudy
2001,2024-07-27,14.887459,120.238216,14.82172,120.272057,18:00:51,18:47:22,Partly Cloudy
2002,2024-09-06,14.772297,120.258107,14.842484,120.287601,20:30:16,20:58:39,Rain
2003,2024-11-10,14.836669,120.278392,14.772383,120.258164,19:41:07,20:15:10,Partly Cloudy
2004,2024-09-12,14.82951,120.286507,14.820097,120.284368,07:23:25,07:31:47,Mostly Clear
2005,2024-04-01,14.823817,120.278965,14.828546,120.281335,11:21:45,11:24:25,Mostly Clear
2006,2024-12-07,14.820661,120.284606,14.764755,120.293127,07:58:03,08:20:12,Rain Showers
2007,2024-01-27,14.825078,120.277381,14.825005,120.280127,18:06:25,18:09:54,Clear
2008,2024-11-06,14.887629,120.237868,14.819092,120.283969,06:33:46,07:09:00,Partly Cloudy
2009,2024-08-08,14.839375,120.282932,14.79169,120.294243,13:35:07,14:02:34,Light Drizzle
2010,2024-03-28,14.830532,120.289296,14.832894,120.285537,17:41:43,17:45:37,Mostly Clear
2011,2024-10-22,14.836669,120.277974,14.815115,120.283735,18:54:10,19:05:59,Partly Cloudy
2012,2024-11-12,14.815246,120.283329,14.772319,120.258349,16:33:25,17:02:22,Cloudy
2013,2024-12-08,14.830732,120.289048,14.851789,120.255716,17:58:26,18:34:31,Mostly Clear
2014,2024-03-11,14.83531,120.282055,14.833392,120.2827,08:49:10,08:53:24,Mostly Clear
2015,2024-02-11,14.857395,120.289833,14.841894,120.283202,10:00:08,10:11:07,Mostly Clear
2016,2024-06-08,14.877529,120.232726,14.882039,120.235965,20:58:46,21:02:56,Heavy Rain
2017,2024-06-03,14.827559,120.282445,14.82331,120.301679,18:31:55,18:41:58,Dense Drizzle
2018,2024-11-02,14.877306,120.23186,14.825146,120.282145,15:58:09,16:31:48,Thunderstorm
2019,2024-10-30,14.829106,120.28655,14.838332,120.282948,20:11:31,20:18:13,Mostly Clear
2020,2024-10-09,14.877261,120.231491,14.822702,120.301593,19:12:58,20:06:02,Rain
2021,2024-06-29,14.837797,120.285412,14.826461,120.272791,15:49:41,15:57:05,Clear
2022,2024-04-07,14.849125,120.315102,14.829597,120.287223,07:46:03,08:03:22,Partly Cloudy
2023,2024-07-23,14.820562,120.283942,14.835532,120.2819,07:32:26,07:41:37,Partly Cloudy
2024,2024-03-28,14.826971,120.287443,14.826304,120.283636,07:21:06,07:25:31,Drizzle
2025,2024-02-20,14.828986,120.287385,14.837893,120.282936,07:21:06,07:31:09,Light Drizzle
2026,2024-03-13,14.824668,120.289173,14.81989,120.279547,07:55:44,08:03:18,Mostly Clear
2027,2024-08-13,14.824119,120.280152,14.848693,120.290334,19:52:39,20:09:02,Cloudy
2028,2024-06-11,14.805904,120.322864,14.822613,120.286903,14:15:48,14:29:21,Thunderstorm with Hail
2029,2024-09-14,14.887528,120.237521,14.823215,120.288236,17:52:27,18:30:39,Light Drizzle
2030,2024-07-09,14.839128,120.284349,14.822001,120.29891,21:02:58,21:15:33,Cloudy
2031,2024-08-05,14.82425,120.279839,14.821923,120.272233,15:34:28,15:38:30,Mostly Clear
2032,2024-01-11,14.80585,120.322819,14.839111,120.284299,19:31:16,20:23:13,Clear
2033,2024-04-30,14.829491,120.287681,14.789592,120.281562,08:29:36,08:46:52,Partly Cloudy
2034,2024-09-07,14.822753,120.287433,14.824421,120.279462,19:33:51,19:39:43,Partly Cloudy
2035,2024-09-02,14.88196,120.236292,14.830483,120.28961,06:38:34,07:17:40,Light Rain
2036,2024-07-28,14.828987,120.280518,14.815261,120.283288,09:41:47,09:48:14,Light Rain
2037,2024-12-12,14.887035,120.237259,14.81751,120.28403,17:22:56,18:13:31,Cloudy
2038,2024-11-03,14.823371,120.289325,14.805896,120.322784,06:28:05,06:45:21,Cloudy
2039,2024-08-22,14.868083,120.292594,14.823737,120.279763,06:43:57,07:03:01,Dense Drizzle
2040,2024-08-21,14.821151,120.284648,14.849304,120.315595,19:34:51,20:04:13,Rain Showers
2041,2024-01-12,14.817985,120.28137,14.821603,120.298779,20:19:31,20:28:24,Light Drizzle
2042,2024-05-23,14.819925,120.285064,14.8249,120.283221,19:19:35,19:23:50,Partly Cloudy
2043,2024-08-28,14.833027,120.281549,14.841278,120.286287,17:32:29,17:41:22,Drizzle
2044,2024-09-28,14.820663,120.283966,14.824952,120.280012,18:42:57,18:48:01,Light Rain
2045,2024-10-29,14.823776,120.300513,14.822264,120.298638,08:10:18,08:15:05,Rain Showers
2046,2024-12-18,14.82064,120.276639,14.828216,120.295514,08:50:07,09:02:50,Cloudy
2047,2024-08-28,14.887552,120.237604,14.820433,120.276645,19:21:13,19:53:07,Mostly Clear
2048,2024-07-13,14.829509,120.287974,14.82893,120.280554,08:25:41,08:32:13,Partly Cloudy
2049,2024-07-06,14.841802,120.286954,14.821072,120.284385,16:16:42,16:26:53,Partly Cloudy
2050,2024-03-13,14.857051,120.289663,14.848286,120.254973,19:17:54,19:40:13,Fog
2051,2024-10-24,14.843059,120.285928,14.877262,120.232561,21:19:02,21:40:51,Drizzle
2052,2024-11-26,14.856353,120.289963,14.821427,120.275058,18:01:59,18:31:15,Partly Cloudy
2053,2024-03-08,14.823789,120.280231,14.836667,120.278267,08:30:31,08:41:47,Mostly Clear
2054,2024-09-18,14.838304,120.283164,14.832791,120.28567,14:19:34,14:25:08,Thunderstorm with Hail
2055,2024-06-29,14.842803,120.287234,14.821033,120.283533,12:41:51,12:53:10,Cloudy
2056,2024-04-11,14.839042,120.283407,14.848944,120.254521,05:05:48,05:20:51,Partly Cloudy
2057,2024-07-22,14.820049,120.284192,14.823946,120.289433,13:42:57,13:48:47,Light Rain
2058,2024-12-20,14.82163,120.27228,14.818202,120.281108,12:15:43,12:23:12,Mostly Clear
2059,2024-09-12,14.848506,120.315528,14.877876,120.234536,07:46:16,08:45:08,Fog
2060,2024-05-27,14.839718,120.284228,14.839915,120.284957,21:51:09,21:55:32,Mostly Clear
2061,2024-12-06,14.825041,120.281894,14.867685,120.291573,15:24:06,15:38:27,Mostly Clear
2062,2024-02-11,14.842612,120.287161,14.823956,120.289382,08:05:07,08:18:57,Clear
2063,2024-09-26,14.835023,120.287867,14.839679,120.284278,10:28:49,10:34:10,Rain
2064,2024-08-21,14.838005,120.268251,14.821029,120.283558,19:28:33,19:40:31,Mostly Clear
2065,2024-11-17,14.833052,120.284702,14.849125,120.2545,22:33:24,22:55:24,Cloudy
2066,2024-02-27,14.82142,120.271751,14.822269,120.297622,13:11:00,13:21:49,Mostly Clear
2067,2024-04-26,14.852095,120.26335,14.818163,120.281775,07:12:56,07:31:04,Partly Cloudy
2068,2024-09-26,14.836039,120.278106,14.821289,120.278611,17:00:38,17:09:27,Light Drizzle
2069,2024-11-25,14.839307,120.284426,14.837723,120.285245,20:26:49,20:30:45,Mostly Clear
2070,2024-07-03,14.76476,120.293172,14.824369,120.279697,17:10:12,17:53:18,Mostly Clear
2071,2024-04-23,14.772019,120.257852,14.839684,120.28382,05:28:32,06:03:50,Partly Cloudy
2072,2024-10-21,14.805291,120.32309,14.815378,120.283841,12:21:02,12:43:03,Cloudy
2073,2024-06-22,14.887017,120.23732,14.838116,120.285753,18:49:44,19:39:19,Rain
2074,2024-05-13,14.877024,120.233326,14.821517,120.282976,12:38:55,13:12:50,Clear
2075,2024-10-11,14.84918,120.264098,14.821242,120.271049,16:43:56,16:57:43,Clear
2076,2024-02-14,14.828425,120.281358,14.829275,120.29884,18:29:41,18:43:12,Clear
2077,2024-04-18,14.82438,120.276795,14.821374,120.278546,09:27:47,09:30:51,Clear
2078,2024-01-02,14.819122,120.283827,14.826602,120.280211,19:12:24,19:18:24,Light Rain
2079,2024-04-22,14.848794,120.314991,14.826572,120.287982,22:10:30,22:22:56,Clear
2080,2024-01-14,14.830855,120.288862,14.841409,120.286122,08:32:55,08:38:38,Light Drizzle
2081,2024-09-08,14.83744,120.268017,14.84928,120.264822,11:26:41,11:35:05,Partly Cloudy
2082,2024-04-06,14.835648,120.286797,14.828547,120.287511,18:46:59,18:51:28,Clear
2083,2024-07-12,14.829744,120.287569,14.847848,120.254609,06:15:55,06:43:04,Light Rain
2084,2024-07-14,14.815694,120.315976,14.823965,120.289178,18:27:11,18:43:42,Partly Cloudy
2085,2024-10-03,14.8295,120.286784,14.829692,120.299313,12:04:17,12:10:24,Partly Cloudy
2086,2024-05-12,14.829317,120.287955,14.833135,120.281752,10:05:40,10:09:14,Partly Cloudy
2087,2024-01-13,14.824154,120.289329,14.824036,120.289039,17:13:55,17:18:19,Clear
2088,2024-08-25,14.80575,120.32268,14.839699,120.284144,14:24:00,14:43:18,Drizzle
2089,2024-09-08,14.820285,120.283508,14.834753,120.288341,21:28:48,21:37:12,Mostly Clear
2090,2024-09-13,14.841254,120.286701,14.838568,120.283843,13:54:41,13:58:03,Fog
2091,2024-03-09,14.830388,120.288747,14.820917,120.28321,17:29:23,17:37:28,Clear
2092,2024-09-26,14.841373,120.286484,14.843305,120.282516,17:03:24,17:09:20,Severe Thunderstorm with Hail
2093,2024-05-02,14.827933,120.28669,14.826251,120.283556,06:06:58,06:10:46,Mostly Clear
2094,2024-06-24,14.849529,120.265032,14.83259,120.28194,08:29:59,08:43:55,Partly Cloudy
2095,2024-07-22,14.823987,120.278663,14.873637,120.235033,20:27:56,20:56:50,Clear
2096,2024-11-30,14.82962,120.28762,14.815716,120.283381,08:24:57,08:33:51,Dense Drizzle
2097,2024-03-27,14.827892,120.285485,14.764887,120.293566,08:59:34,09:29:11,Light Drizzle
2098,2024-03-08,14.837502,120.267315,14.851972,120.25581,15:52:04,15:59:41,Light Rain
2099,2024-08-20,14.822723,120.272061,14.820034,120.277052,17:49:55,17:54:06,Clear
2100,2024-07-19,14.829071,120.28783,14.837407,120.278949,08:50:15,09:01:25,Drizzle
2101,2024-06-09,14.830498,120.289453,14.822013,120.298126,19:53:18,20:02:09,Partly Cloudy
2102,2024-05-06,14.818549,120.278344,14.851616,120.263111,16:03:54,16:15:10,Clear
2103,2024-11-13,14.842914,120.288157,14.84846,120.291024,19:35:11,19:40:57,Cloudy
2104,2024-08-15,14.824094,120.278916,14.839602,120.284778,18:20:19,18:32:07,Mostly Clear
2105,2024-05-16,14.776412,120.307452,14.824467,120.282876,17:04:22,17:29:28,Light Drizzle
2106,2024-09-15,14.827805,120.286019,14.818208,120.281369,07:30:12,07:37:38,Light Drizzle
2107,2024-10-17,14.820443,120.276718,14.817753,120.284024,13:20:29,13:25:49,Rain
2108,2024-12-27,14.832448,120.282627,14.824589,120.283198,19:20:38,19:27:51,Mostly Clear
2109,2024-02-17,14.820115,120.275587,14.820083,120.284225,08:00:40,08:07:04,Mostly Clear
2110,2024-10-06,14.839666,120.283497,14.826702,120.283281,17:38:58,17:50:52,Drizzle
2111,2024-08-31,14.826664,120.28002,14.819905,120.284607,13:18:25,13:24:17,Drizzle
2112,2024-04-22,14.817767,120.281968,14.820885,120.284108,07:22:41,07:27:05,Clear
2113,2024-02-04,14.828563,120.280421,14.789394,120.282441,16:23:06,16:37:05,Cloudy
2114,2024-01-07,14.887506,120.23709,14.835177,120.28778,17:45:14,18:29:45,Partly Cloudy
2115,2024-06-22,14.824063,120.279912,14.764327,120.253836,19:23:53,20:10:21,Light Drizzle
2116,2024-04-22,14.821336,120.271622,14.824683,120.282938,10:11:37,10:18:08,Clear
2117,2024-11-22,14.820905,120.278741,14.832686,120.281736,08:42:59,08:50:02,Rain Showers
2118,2024-12-03,14.816402,120.28362,14.828211,120.285489,12:48:31,12:54:56,Partly Cloudy
2119,2024-12-18,14.824271,120.280176,14.837553,120.277963,08:52:00,09:00:44,Partly Cloudy
2120,2024-03-25,14.841118,120.287024,14.820785,120.284185,18:24:36,18:36:43,Cloudy
2121,2024-11-06,14.828486,120.28599,14.836161,120.287139,15:03:46,15:08:04,Mostly Clear
2122,2024-06-29,14.839349,120.283756,14.819152,120.278547,19:46:47,19:58:38,Drizzle
2123,2024-03-27,14.821425,120.278477,14.823344,120.300533,07:56:01,08:13:01,Clear
2124,2024-10-14,14.838131,120.285741,14.83931,120.285459,11:44:41,11:47:05,Mostly Clear
2125,2024-04-14,14.833253,120.282744,14.822954,120.283061,17:40:39,17:50:04,Clear
2126,2024-02-20,14.822298,120.272446,14.824177,120.279764,06:15:52,06:23:40,Mostly Clear
2127,2024-04-05,14.826553,120.287542,14.839303,120.283788,08:22:38,08:36:46,Partly Cloudy
2128,2024-02-10,14.789831,120.281898,14.823091,120.287685,14:55:21,15:07:18,Mostly Clear
2129,2024-09-03,14.828305,120.281201,14.818952,120.278251,18:18:46,18:26:58,Rain
2130,2024-01-28,14.827867,120.285981,14.877549,120.233445,08:46:33,09:23:35,Rime Fog
2131,2024-12-29,14.841491,120.283016,14.836118,120.286547,06:34:14,06:40:38,Mostly Clear
2132,2024-05-28,14.877864,120.235271,14.821535,120.275884,19:13:10,19:52:13,Partly Cloudy
2133,2024-11-02,14.824254,120.279639,14.857173,120.290118,07:12:32,07:27:16,Drizzle
2134,2024-01-12,14.838251,120.283775,14.851643,120.256321,18:50:12,19:08:47,Mostly Clear
2135,2024-02-01,14.838133,120.285738,14.821021,120.278723,18:27:28,18:40:31,Mostly Clear
2136,2024-01-04,14.805503,120.322639,14.824345,120.289811,18:10:29,18:41:03,Clear
2137,2024-04-08,14.829409,120.287253,14.826381,120.283177,06:54:24,06:59:22,Mostly Clear
2138,2024-02-09,14.829331,120.281482,14.819739,120.275477,15:03:42,15:09:21,Clear
2139,2024-05-10,14.837254,120.268422,14.836825,120.29002,15:47:42,15:59:50,Clear
2140,2024-05-20,14.829402,120.298754,14.849795,120.265184,13:44:26,14:00:03,Clear
2141,2024-01-20,14.815727,120.283459,14.849275,120.290545,18:27:19,18:49:03,Mostly Clear
2142,2024-09-15,14.841359,120.286401,14.841921,120.286603,15:29:42,15:32:44,Light Drizzle
2143,2024-08-30,14.830124,120.29853,14.843076,120.281749,13:45:32,13:56:40,Dense Drizzle
2144,2024-01-09,14.824101,120.279101,14.848805,120.254951,17:57:52,18:19:36,Partly Cloudy
2145,2024-06-12,14.842165,120.287309,14.820641,120.275241,14:50:43,14:59:51,Partly Cloudy
2146,2024-04-25,14.851497,120.263107,14.822142,120.272541,12:57:00,13:16:03,Clear
2147,2024-07-10,14.819729,120.284163,14.826515,120.272648,08:21:11,08:31:37,Light Rain
2148,2024-11-30,14.806188,120.32298,14.840439,120.287222,11:17:55,11:37:08,Partly Cloudy
2149,2024-02-11,14.829113,120.287355,14.772442,120.258423,16:45:19,17:18:32,Mostly Clear
2150,2024-09-08,14.823437,120.289002,14.877186,120.231899,10:57:16,11:35:01,Heavy Rain
2151,2024-11-12,14.836531,120.289982,14.819538,120.278555,19:36:51,19:54:45,Mostly Clear
2152,2024-12-17,14.820041,120.284737,14.82146,120.271743,05:21:29,05:29:39,Mostly Clear
2153,2024-05-02,14.815798,120.283651,14.843356,120.28743,16:40:43,16:54:03,Mostly Clear
2154,2024-10-29,14.842297,120.286736,14.837718,120.283875,18:51:55,18:56:18,Clear
2155,2024-06-22,14.841001,120.286727,14.817845,120.284441,07:28:05,07:46:31,Cloudy
2156,2024-10-12,14.82881,120.280406,14.827439,120.287997,20:34:26,20:38:24,Light Rain
2157,2024-11-11,14.851432,120.262677,14.828273,120.294745,06:54:29,07:18:14,Partly Cloudy
2158,2024-05-11,14.817846,120.280957,14.848651,120.254971,17:53:31,18:21:26,Clear
2159,2024-06-14,14.797712,120.271821,14.824009,120.289699,22:27:13,22:41:09,Light Drizzle
2160,2024-09-30,14.838414,120.28336,14.836028,120.286719,11:24:28,11:27:00,Clear
2161,2024-05-23,14.849109,120.290325,14.887806,120.237211,11:36:03,12:02:29,Light Rain
2162,2024-08-05,14.837816,120.278569,14.821403,120.278489,20:26:13,20:34:40,Fog
2163,2024-03-07,14.815861,120.283673,14.830853,120.288989,18:19:53,18:28:08,Mostly Clear
2164,2024-06-21,14.841076,120.283061,14.827006,120.282756,06:30:49,06:40:39,Rain
2165,2024-10-13,14.868148,120.292387,14.840191,120.287347,22:22:46,22:37:29,Light Drizzle
2166,2024-11-23,14.80598,120.323003,14.820234,120.275877,18:49:10,19:13:53,Fog
2167,2024-12-13,14.84124,120.286196,14.820076,120.284087,20:39:03,20:47:52,Partly Cloudy
2168,2024-03-06,14.82765,120.28169,14.824433,120.278834,08:20:30,08:25:02,Clear
2169,2024-03-07,14.836842,120.278269,14.817901,120.281494,22:10:01,22:22:16,Mostly Clear
2170,2024-04-06,14.836124,120.286544,14.824528,120.289906,19:24:57,19:33:45,Rain Showers
2171,2024-04-13,14.837989,120.285894,14.829481,120.298626,22:51:43,22:58:20,Partly Cloudy
2172,2024-12-12,14.839655,120.283472,14.822026,120.298796,17:05:14,17:19:42,Cloudy
2173,2024-08-20,14.823648,120.301427,14.825086,120.28039,07:24:19,07:41:25,Mostly Clear
2174,2024-01-26,14.821017,120.284461,14.824234,120.290173,19:20:23,19:24:40,Rain
2175,2024-09-23,14.856529,120.290149,14.820582,120.275452,17:29:01,17:55:44,Fog
2176,2024-08-11,14.847874,120.253894,14.851484,120.256219,18:18:35,18:22:45,Cloudy
2177,2024-03-27,14.832812,120.285556,14.817645,120.284213,17:14:47,17:23:20,Partly Cloudy
2178,2024-10-28,14.837476,120.278494,14.822247,120.301259,12:53:38,13:08:53,Cloudy
2179,2024-05-30,14.856755,120.289977,14.835551,120.282209,14:16:49,14:30:16,Fog
2180,2024-09-26,14.828479,120.280465,14.81908,120.278512,18:16:31,18:24:01,Drizzle
2181,2024-04-26,14.829231,120.286896,14.826727,120.283341,08:21:57,08:25:26,Fog
2182,2024-01-22,14.82768,120.281344,14.806234,120.323221,09:26:06,09:40:48,Mostly Clear
2183,2024-03-31,14.820208,120.27643,14.822577,120.301177,06:45:32,06:57:31,Light Drizzle
2184,2024-09-23,14.820323,120.276015,14.839706,120.284995,09:22:22,09:32:19,Partly Cloudy
2185,2024-01-23,14.820402,120.275924,14.829458,120.280953,08:15:24,08:21:49,Clear
2186,2024-07-09,14.828709,120.281724,14.816037,120.283988,16:09:23,16:17:25,Partly Cloudy
2187,2024-12-24,14.83647,120.28975,14.775902,120.307674,20:31:35,20:56:17,Clear
2188,2024-03-23,14.833095,120.28494,14.829609,120.298729,08:13:24,08:23:58,Drizzle
2189,2024-01-06,14.833359,120.285519,14.835448,120.281793,06:48:38,06:53:22,Clear
2190,2024-01-07,14.877451,120.235729,14.839067,120.284008,07:13:41,07:56:38,Clear
2191,2024-03-22,14.834823,120.288287,14.824821,120.282403,06:19:49,06:27:41,Mostly Clear
2192,2024-03-18,14.805661,120.323303,14.776048,120.30796,08:00:43,08:19:22,Light Drizzle
2193,2024-12-29,14.83971,120.284433,14.820474,120.275493,17:32:48,17:43:52,Clear
2194,2024-05-06,14.832548,120.281744,14.828101,120.284977,18:37:32,18:44:17,Mostly Clear
2195,2024-12-18,14.820824,120.275275,14.828248,120.285463,19:12:09,19:23:19,Clear
2196,2024-07-08,14.817765,120.281997,14.83044,120.289657,17:29:50,17:39:09,Fog
2197,2024-09-16,14.828812,120.287417,14.856787,120.290629,06:58:45,07:17:13,Fog
2198,2024-03-26,14.828494,120.281285,14.789672,120.281557,22:51:48,23:07:31,Partly Cloudy
2199,2024-10-14,14.843671,120.285506,14.805744,120.323171,20:49:18,21:14:04,Light Rain
2200,2024-05-01,14.888172,120.237325,14.820577,120.28351,16:54:27,17:27:29,Mostly Clear
2201,2024-08-15,14.841708,120.28214,14.832882,120.285542,06:36:44,06:43:35,Clear
2202,2024-07-15,14.839636,120.283487,14.82961,120.287815,19:14:26,19:21:08,Light Drizzle
2203,2024-02-04,14.820161,120.284168,14.839437,120.283577,19:39:27,19:51:36,Mostly Clear
2204,2024-08-23,14.836508,120.282925,14.815582,120.284232,20:40:44,20:50:45,Partly Cloudy
2205,2024-07-19,14.822367,120.301288,14.823837,120.278809,11:38:15,11:47:58,Fog
2206,2024-05-03,14.817855,120.281251,14.829775,120.298832,05:48:22,05:56:37,Mostly Clear
2207,2024-08-02,14.828105,120.286139,14.837631,120.278425,07:49:32,07:58:31,Clear
2208,2024-02-06,14.829741,120.273783,14.824216,120.280175,21:03:56,21:09:37,Mostly Clear
2209,2024-05-04,14.848717,120.254553,14.828253,120.286829,20:14:52,20:30:07,Mostly Clear
2210,2024-03-14,14.820545,120.276298,14.821151,120.275875,18:18:08,18:22:29,Fog
2211,2024-01-08,14.856785,120.289961,14.839415,120.283489,08:18:04,08:28:37,Rain Showers
2212,2024-07-18,14.764094,120.293049,14.790256,120.281589,05:40:24,05:53:08,Clear
2213,2024-04-18,14.830613,120.289209,14.820531,120.276761,18:35:13,18:46:45,Partly Cloudy
2214,2024-08-17,14.843037,120.28693,14.817767,120.281484,10:24:48,10:36:30,Rain
2215,2024-02-23,14.815132,120.283015,14.877704,120.234374,18:03:21,18:42:22,Clear
2216,2024-03-20,14.827881,120.282411,14.825203,120.280233,18:20:51,18:24:50,Partly Cloudy
2217,2024-05-16,14.829167,120.286747,14.83065,120.289528,15:42:59,15:47:09,Partly Cloudy
2218,2024-02-18,14.823912,120.280286,14.819304,120.283935,12:20:14,12:24:16,Heavy Rain
2219,2024-06-14,14.820601,120.283762,14.821885,120.298781,08:36:03,08:44:44,Partly Cloudy
2220,2024-08-07,14.828752,120.285468,14.882192,120.237017,06:41:23,07:20:48,Dense Drizzle
2221,2024-03-31,14.851479,120.256948,14.830331,120.27403,13:32:27,13:46:37,Clear
2222,2024-06-02,14.818972,120.284216,14.824409,120.279585,13:08:17,13:13:50,Mostly Clear
2223,2024-04-08,14.823688,120.300642,14.829264,120.280715,08:12:51,08:24:00,Light Drizzle
2224,2024-07-12,14.820677,120.283988,14.829096,120.286926,19:16:30,19:23:53,Dense Drizzle
2225,2024-07-30,14.84096,120.287094,14.849434,120.314904,17:58:07,18:17:51,Rain Showers
2226,2024-07-19,14.837239,120.284002,14.823674,120.278927,08:16:55,08:23:55,Light Rain
2227,2024-01-27,14.824962,120.280314,14.815277,120.316718,13:25:14,13:39:29,Mostly Clear
2228,2024-10-06,14.838157,120.283252,14.820165,120.284219,13:28:06,13:35:25,Cloudy
2229,2024-10-03,14.81603,120.282752,14.828322,120.285453,18:18:40,18:27:42,Light Rain
2230,2024-11-23,14.842785,120.287254,14.841159,120.282931,19:13:25,19:17:58,Partly Cloudy
2231,2024-07-26,14.823709,120.300383,14.85195,120.255827,07:50:56,08:21:20,Light Rain
2232,2024-12-19,14.82813,120.286397,14.83666,120.277529,07:27:11,07:35:08,Clear
2233,2024-10-21,14.838725,120.283406,14.821944,120.273997,17:40:00,17:48:12,Light Drizzle
2234,2024-11-22,14.820167,120.275855,14.818059,120.28112,08:21:12,08:26:33,Partly Cloudy
2235,2024-08-28,14.84011,120.287343,14.822883,120.301457,11:54:52,12:04:50,Cloudy
2236,2024-05-10,14.820408,120.284126,14.824407,120.280187,05:29:04,05:33:41,Rain Showers
2237,2024-11-23,14.838265,120.283394,14.817762,120.284273,05:53:27,06:01:13,Light Drizzle
2238,2024-06-11,14.84153,120.286725,14.819656,120.284005,17:10:36,17:22:45,Drizzle
2239,2024-01-25,14.815837,120.28347,14.836194,120.283171,19:22:08,19:33:00,Clear
2240,2024-12-30,14.805845,120.322651,14.868561,120.292507,19:04:14,19:38:00,Clear
2241,2024-04-27,14.848757,120.290691,14.841468,120.286951,06:48:58,06:53:59,Mostly Clear
2242,2024-04-07,14.877385,120.232319,14.840783,120.286384,07:40:16,08:24:19,Mostly Clear
2243,2024-09-10,14.764869,120.293303,14.824677,120.283045,13:37:01,14:02:52,Cloudy
2244,2024-12-19,14.824167,120.279483,14.824272,120.280067,06:30:07,06:33:04,Dense Drizzle
2245,2024-04-16,14.832873,120.28148,14.821781,120.27118,19:24:25,19:36:04,Clear
2246,2024-09-21,14.828929,120.280684,14.823744,120.279456,17:22:53,17:29:21,Partly Cloudy
2247,2024-08-13,14.824346,120.279887,14.821158,120.27866,18:26:35,18:29:40,Partly Cloudy
2248,2024-09-06,14.83866,120.285535,14.836017,120.283673,08:53:56,08:56:19,Drizzle
2249,2024-06-26,14.805877,120.3235,14.81722,120.284144,19:53:29,20:16:44,Rain
2250,2024-08-18,14.818805,120.278453,14.791654,120.29428,05:17:48,05:30:37,Partly Cloudy
2251,2024-09-02,14.817449,120.283518,14.835217,120.288141,11:39:24,11:46:47,Rain
2252,2024-10-24,14.823562,120.289644,14.828991,120.280402,08:01:18,08:08:23,Fog
2253,2024-09-16,14.815595,120.283488,14.8213,120.273984,17:43:46,17:52:50,Thunderstorm with Hail
2254,2024-12-31,14.819928,120.284187,14.830489,120.273149,17:09:24,17:19:01,Mostly Clear
2255,2024-07-06,14.832684,120.285282,14.820887,120.283355,10:16:36,10:24:57,Light Rain
2256,2024-07-07,14.81555,120.283943,14.851657,120.25632,17:45:50,18:12:56,Light Drizzle
2257,2024-02-18,14.825233,120.280752,14.805928,120.322787,06:03:47,06:27:55,Partly Cloudy
2258,2024-03-22,14.877964,120.235744,14.848061,120.254362,17:11:46,17:31:11,Light Drizzle
2259,2024-07-10,14.843113,120.287199,14.831231,120.28885,19:30:44,19:38:52,Heavy Rain Showers
2260,2024-05-04,14.837037,120.284041,14.764759,120.293045,15:58:04,16:28:06,Partly Cloudy
2261,2024-09-10,14.776076,120.307681,14.828263,120.286307,17:45:25,18:15:47,Heavy Rain
2262,2024-07-28,14.840558,120.286718,14.820869,120.284331,15:29:22,15:38:39,Cloudy
2263,2024-04-19,14.81989,120.279301,14.818181,120.281792,13:00:26,13:02:57,Partly Cloudy
2264,2024-02-21,14.829178,120.28693,14.825175,120.280097,18:25:08,18:33:35,Heavy Rain Showers
2265,2024-05-19,14.851891,120.255508,14.876357,120.231841,10:21:26,10:38:09,Mostly Clear
2266,2024-02-25,14.82857,120.281033,14.824686,120.283053,18:02:42,18:07:02,Partly Cloudy
2267,2024-07-15,14.823904,120.279376,14.827583,120.281523,07:18:41,07:23:05,Heavy Rain Showers
2268,2024-08-10,14.836928,120.283617,14.820805,120.273738,15:35:42,15:46:07,Light Rain
2269,2024-08-15,14.805686,120.323047,14.830533,120.289221,21:35:24,21:50:08,Thunderstorm
2270,2024-01-05,14.840101,120.283861,14.824699,120.277794,19:23:02,19:32:02,Partly Cloudy
2271,2024-06-11,14.82754,120.282127,14.822607,120.287496,18:15:20,18:20:11,Rain
2272,2024-04-12,14.805908,120.322568,14.817995,120.283756,19:21:13,19:45:28,Clear
2273,2024-04-11,14.81582,120.283555,14.828111,120.284671,14:48:05,14:56:43,Clear
2274,2024-12-11,14.821284,120.278642,14.81766,120.284083,15:02:47,15:07:37,Mostly Clear
2275,2024-01-23,14.827613,120.286565,14.823694,120.279664,16:38:56,16:44:32,Light Drizzle
2276,2024-03-10,14.817906,120.281263,14.837539,120.267617,16:07:31,16:18:58,Mostly Clear
2277,2024-12-01,14.824859,120.283651,14.827126,120.283282,16:02:34,16:05:59,Light Drizzle
2278,2024-06-22,14.820304,120.283704,14.821141,120.275196,17:21:41,17:29:57,Cloudy
2279,2024-03-11,14.832598,120.2857,14.805727,120.322895,09:10:58,09:35:45,Partly Cloudy
2280,2024-10-16,14.825192,120.276865,14.842708,120.286956,06:03:29,06:20:32,Clear
2281,2024-04-24,14.829914,120.298927,14.832516,120.286126,19:27:23,19:36:27,Partly Cloudy
2282,2024-06-25,14.829323,120.299021,14.821004,120.278833,12:15:59,12:29:07,Rain Showers
2283,2024-06-14,14.806285,120.322724,14.797624,120.271931,17:54:14,18:23:31,Light Drizzle
2284,2024-07-04,14.828333,120.286215,14.877248,120.233004,07:07:32,07:41:18,Drizzle
2285,2024-09-20,14.828847,120.282072,14.821744,120.273654,19:07:37,19:14:02,Cloudy
2286,2024-04-30,14.821095,120.275128,14.819647,120.284966,07:14:57,07:20:10,Light Drizzle
2287,2024-03-09,14.824529,120.279725,14.822476,120.30146,05:05:55,05:19:16,Cloudy
2288,2024-05-26,14.829196,120.287268,14.877055,120.231744,07:42:13,08:12:59,Partly Cloudy
2289,2024-08-06,14.822618,120.287479,14.839181,120.284204,20:40:03,20:51:21,Clear
2290,2024-02-01,14.790116,120.282281,14.835952,120.283344,19:16:15,19:49:45,Cloudy
2291,2024-05-24,14.823682,120.279885,14.829519,120.298735,08:14:39,08:28:35,Cloudy
2292,2024-09-26,14.841425,120.283621,14.8771,120.232238,10:05:06,10:29:30,Light Rain
2293,2024-09-07,14.817654,120.28179,14.87691,120.231425,18:11:51,18:59:14,Cloudy
2294,2024-08-31,14.848046,120.254551,14.842036,120.286405,08:46:53,09:11:49,Drizzle
2295,2024-10-30,14.824331,120.279346,14.826436,120.272306,14:47:28,14:52:20,Clear
2296,2024-04-25,14.806309,120.322717,14.822286,120.272387,13:39:45,14:04:45,Clear
2297,2024-11-19,14.839472,120.283704,14.822062,120.298104,17:39:17,17:54:49,Rain
2298,2024-12-13,14.848339,120.314917,14.82644,120.283148,07:35:40,08:02:00,Partly Cloudy
2299,2024-07-21,14.824716,120.27995,14.829265,120.298862,07:20:37,07:32:22,Clear
2300,2024-05-15,14.776203,120.308025,14.843867,120.285488,13:32:44,13:55:17,Light Rain
2301,2024-08-04,14.819668,120.284226,14.842617,120.287844,19:19:52,19:33:39,Rain Showers
2302,2024-06-16,14.824,120.289291,14.820857,120.283359,07:43:28,07:50:00,Clear
2303,2024-12-28,14.823399,120.279187,14.836083,120.28643,15:38:05,15:44:15,Light Rain
2304,2024-10-22,14.842811,120.281502,14.837575,120.267085,18:25:25,18:34:39,Light Rain
2305,2024-07-07,14.837319,120.277942,14.828686,120.281856,17:50:47,17:58:00,Cloudy
2306,2024-06-12,14.817361,120.284102,14.851712,120.25684,15:35:48,15:51:58,Light Rain
2307,2024-12-13,14.84261,120.286562,14.82505,120.277643,09:11:43,09:24:52,Clear
2308,2024-08-13,14.839244,120.283998,14.824135,120.289393,18:14:37,18:23:42,Rain Showers
2309,2024-01-28,14.828175,120.286299,14.820485,120.284764,07:03:28,07:10:29,Light Drizzle
2310,2024-04-10,14.827893,120.294457,14.88196,120.236505,22:46:30,23:15:17,Partly Cloudy
2311,2024-10-24,14.835897,120.286927,14.82153,120.298087,14:28:29,14:36:08,Heavy Rain
2312,2024-07-15,14.830784,120.289857,14.823943,120.289408,20:59:06,21:04:34,Rain
2313,2024-04-18,14.876995,120.233027,14.820076,120.284754,14:32:36,15:10:40,Mostly Clear
2314,2024-12-20,14.775953,120.308187,14.824248,120.289597,17:33:17,18:07:05,Clear
2315,2024-07-07,14.840958,120.286739,14.83968,120.283009,08:20:35,08:25:35,Cloudy
2316,2024-03-14,14.848789,120.290721,14.820966,120.283878,08:31:06,08:45:49,Partly Cloudy
2317,2024-06-13,14.830114,120.274361,14.772203,120.258211,19:15:06,19:51:31,Rain Showers
2318,2024-01-14,14.82365,120.30058,14.857104,120.289714,13:34:07,13:51:08,Cloudy
2319,2024-05-13,14.851523,120.263392,14.836276,120.289941,08:13:28,08:29:20,Mostly Clear
2320,2024-10-20,14.840585,120.286646,14.849737,120.265392,07:36:57,07:53:02,Heavy Rain
2321,2024-09-12,14.830541,120.289312,14.820085,120.276838,17:20:10,17:30:58,Partly Cloudy
2322,2024-10-27,14.851374,120.263024,14.821026,120.283124,07:24:01,07:48:57,Drizzle
2323,2024-09-26,14.829526,120.298737,14.819808,120.278237,18:32:47,18:46:36,Rain Showers
2324,2024-02-03,14.856772,120.29041,14.887482,120.237922,11:54:36,12:24:17,Mostly Clear
2325,2024-08-15,14.822479,120.30155,14.821673,120.272477,17:50:54,18:05:35,Light Drizzle
2326,2024-11-23,14.826398,120.282759,14.876772,120.23224,05:20:37,05:52:00,Light Drizzle
2327,2024-05-21,14.828015,120.2862,14.822746,120.301552,07:08:55,07:21:28,Cloudy
2328,2024-12-31,14.820609,120.276151,14.82143,120.271638,18:59:58,19:05:22,Partly Cloudy
2329,2024-11-20,14.836105,120.286597,14.841984,120.282639,19:09:49,19:15:29,Rain
2330,2024-07-29,14.835231,120.287235,14.828784,120.281266,19:31:32,19:38:59,Rain Showers
2331,2024-01-14,14.792039,120.294272,14.820892,120.275742,05:59:28,06:15:03,Mostly Clear
2332,2024-06-04,14.829557,120.298738,14.821482,120.298217,22:22:27,22:26:32,Light Rain
2333,2024-06-10,14.825039,120.281867,14.837291,120.26809,19:50:54,20:02:53,Cloudy
2334,2024-11-12,14.827307,120.282352,14.792037,120.293538,10:27:33,10:41:52,Cloudy
2335,2024-07-31,14.821153,120.275289,14.818144,120.280918,06:34:06,06:39:08,Mostly Clear
2336,2024-05-27,14.8366,120.290324,14.8279,120.281589,22:36:10,22:45:20,Mostly Clear
2337,2024-04-20,14.82035,120.283926,14.818099,120.281663,19:58:32,20:02:06,Mostly Clear
2338,2024-06-28,14.831053,120.288965,14.836133,120.282922,06:47:58,06:54:35,Mostly Clear
2339,2024-12-18,14.792493,120.294612,14.830188,120.298301,22:34:41,22:55:20,Mostly Clear
2340,2024-07-03,14.82642,120.272755,14.840418,120.287035,21:09:02,21:18:54,Partly Cloudy
2341,2024-05-05,14.867855,120.292568,14.824815,120.27738,08:42:07,09:05:21,Clear
2342,2024-01-22,14.805797,120.322748,14.830879,120.289002,12:21:35,12:40:21,Drizzle
2343,2024-07-15,14.837887,120.278016,14.848922,120.314998,19:15:21,19:44:56,Mostly Clear
2344,2024-03-25,14.840983,120.286983,14.837997,120.286258,08:58:47,09:03:12,Partly Cloudy
2345,2024-12-29,14.848497,120.254245,14.818239,120.28417,19:38:02,19:58:47,Partly Cloudy
2346,2024-09-10,14.836531,120.283506,14.820691,120.283377,13:06:19,13:17:18,Heavy Rain Showers
2347,2024-09-13,14.837476,120.283146,14.839584,120.284874,14:26:34,14:29:44,Cloudy
2348,2024-02-21,14.82415,120.27984,14.824673,120.277554,07:24:09,07:28:15,Light Drizzle
2349,2024-06-30,14.851165,120.263444,14.877269,120.234657,22:40:37,22:58:09,Partly Cloudy
2350,2024-04-22,14.849006,120.290728,14.815877,120.283373,07:06:59,07:29:17,Cloudy
2351,2024-07-08,14.820582,120.275109,14.826593,120.27274,07:43:42,07:47:34,Partly Cloudy
2352,2024-08-25,14.840541,120.286921,14.842611,120.287398,08:31:53,08:35:24,Clear
2353,2024-09-05,14.79776,120.271759,14.822756,120.301712,18:27:16,18:49:30,Rain Showers
2354,2024-03-19,14.851394,120.263124,14.842002,120.286914,11:34:16,11:49:10,Mostly Clear
2355,2024-03-13,14.815488,120.28315,14.820245,120.276567,13:00:23,13:05:13,Mostly Clear
2356,2024-03-18,14.848051,120.254372,14.81563,120.283571,06:44:42,07:15:24,Drizzle
2357,2024-08-07,14.823904,120.289728,14.83888,120.283339,08:21:58,08:34:11,Partly Cloudy
2358,2024-11-06,14.876875,120.235103,14.822557,120.271862,09:12:26,09:39:23,Light Drizzle
2359,2024-01-03,14.823558,120.300434,14.79786,120.272071,13:14:25,13:28:09,Clear
2360,2024-02-24,14.806037,120.323335,14.839867,120.284498,18:15:19,19:04:17,Clear
2361,2024-01-06,14.848036,120.25405,14.818377,120.280662,08:03:55,08:25:30,Clear
2362,2024-09-04,14.841266,120.286276,14.851944,120.256352,07:15:16,07:31:04,Clear
2363,2024-03-13,14.765171,120.293812,14.82341,120.30106,17:51:09,18:18:52,Light Rain
2364,2024-02-20,14.833083,120.285627,14.819645,120.284336,11:21:02,11:27:30,Partly Cloudy
2365,2024-07-21,14.836503,120.286451,14.822481,120.301747,19:04:02,19:20:55,Light Drizzle
2366,2024-12-10,14.839675,120.283483,14.838003,120.28535,09:18:02,09:21:13,Clear
2367,2024-01-06,14.851622,120.25598,14.789754,120.282057,10:01:58,10:33:31,Clear
2368,2024-05-26,14.821131,120.275835,14.839105,120.284898,08:28:39,08:43:41,Clear
2369,2024-08-20,14.823335,120.278696,14.824756,120.28364,10:49:20,10:54:15,Cloudy
2370,2024-04-30,14.828928,120.280897,14.838128,120.279012,16:34:25,16:40:35,Clear
2371,2024-08-07,14.826986,120.287402,14.838547,120.283188,08:53:33,09:03:42,Fog
2372,2024-08-25,14.848087,120.254508,14.825166,120.282556,20:37:03,20:50:29,Clear
2373,2024-04-08,14.824177,120.279832,14.851536,120.256204,07:43:26,08:14:38,Mostly Clear
2374,2024-03-30,14.848753,120.254793,14.822735,120.301235,14:03:43,14:31:55,Clear
2375,2024-10-08,14.821597,120.298598,14.817539,120.283963,11:06:00,11:15:02,Mostly Clear
2376,2024-12-06,14.82332,120.301639,14.797818,120.271624,13:01:35,13:16:18,Mostly Clear
2377,2024-08-01,14.817746,120.28426,14.820438,120.284451,13:38:23,13:42:03,Violent Rain Showers
2378,2024-07-11,14.826641,120.283873,14.839539,120.285152,07:26:20,07:34:37,Partly Cloudy
2379,2024-03-18,14.828809,120.280703,14.828588,120.285759,19:39:59,19:45:17,Mostly Clear
2380,2024-12-31,14.789932,120.282162,14.842964,120.281765,19:55:15,20:21:12,Mostly Clear
2381,2024-08-01,14.842963,120.281787,14.819093,120.28398,08:59:13,09:14:44,Drizzle
2382,2024-10-04,14.823213,120.279144,14.817755,120.284114,17:12:16,17:17:20,Mostly Clear
2383,2024-04-19,14.818067,120.284009,14.848414,120.291507,19:33:40,20:02:49,Cloudy
2384,2024-11-28,14.819696,120.284257,14.815179,120.283769,13:18:54,13:22:01,Rain
2385,2024-04-15,14.821385,120.298561,14.830523,120.288319,18:42:45,18:49:13,Light Rain
2386,2024-02-01,14.822713,120.301633,14.86736,120.292221,12:08:47,12:30:58,Mostly Clear
2387,2024-03-17,14.828725,120.281017,14.848974,120.255464,18:25:20,18:45:27,Clear
2388,2024-06-14,14.849899,120.264756,14.833072,120.28227,12:06:06,12:17:21,Light Rain
2389,2024-11-19,14.839373,120.283728,14.848645,120.254731,18:34:38,18:49:38,Partly Cloudy
2390,2024-12-22,14.824322,120.279607,14.877568,120.23527,21:54:17,22:21:01,Mostly Clear
2391,2024-08-09,14.82009,120.277129,14.829581,120.298835,15:02:06,15:11:37,Rain
2392,2024-01-25,14.842648,120.282168,14.823409,120.279292,08:13:30,08:26:51,Cloudy
2393,2024-06-30,14.823364,120.300568,14.828933,120.282507,08:09:32,08:20:00,Drizzle
2394,2024-02-16,14.830021,120.274324,14.827512,120.286276,17:51:44,18:00:32,Partly Cloudy
2395,2024-07-20,14.825121,120.281776,14.820079,120.284103,06:09:42,06:15:43,Mostly Clear
2396,2024-01-02,14.826422,120.272383,14.887095,120.237819,22:53:13,23:16:19,Clear
2397,2024-03-30,14.839879,120.284724,14.851327,120.262831,17:09:12,17:23:34,Clear
2398,2024-09-03,14.84822,120.254365,14.824467,120.279966,08:29:04,08:50:55,Rain
2399,2024-01-02,14.827975,120.285309,14.820756,120.27477,20:23:22,20:31:10,Mostly Clear
2400,2024-08-23,14.828832,120.281858,14.832895,120.285624,17:33:46,17:38:13,Mostly Clear
2401,2024-08-31,14.816014,120.282872,14.764611,120.292422,08:02:11,08:34:50,Rain
2402,2024-01-18,14.841545,120.286248,14.848776,120.291419,19:48:20,19:57:34,Mostly Clear
2403,2024-08-13,14.829471,120.287127,14.838507,120.285556,11:30:39,11:35:40,Drizzle
2404,2024-11-01,14.848908,120.26457,14.827714,120.281646,06:39:14,06:55:58,Heavy Rain
2405,2024-04-28,14.824755,120.280405,14.834985,120.282225,06:28:03,06:38:37,Mostly Clear
2406,2024-09-16,14.82512,120.27684,14.821198,120.278193,18:35:46,18:40:37,Partly Cloudy
2407,2024-09-03,14.83739,120.278875,14.828931,120.287878,17:21:32,17:34:22,Cloudy
2408,2024-08-01,14.823302,120.288199,14.849584,120.265128,15:03:41,15:18:57,Thunderstorm with Hail
2409,2024-10-29,14.826738,120.272911,14.823346,120.278512,17:38:15,17:42:54,Partly Cloudy
2410,2024-07-31,14.87716,120.231943,14.818004,120.281354,17:56:03,18:29:31,Light Drizzle
2411,2024-09-01,14.824488,120.289497,14.839749,120.284184,07:03:49,07:14:51,Cloudy
2412,2024-03-22,14.772506,120.25743,14.836302,120.286607,22:46:02,23:11:55,Rain
2413,2024-02-20,14.84145,120.283354,14.841901,120.286448,18:34:55,18:38:05,Clear
2414,2024-04-04,14.829109,120.286937,14.826352,120.280042,06:59:40,07:05:35,Partly Cloudy
2415,2024-06-10,14.825476,120.280541,14.843015,120.281814,20:43:15,20:53:37,Clear
2416,2024-11-18,14.828768,120.281762,14.824773,120.283017,18:50:50,18:54:21,Cloudy
2417,2024-09-27,14.82068,120.284017,14.84288,120.287582,12:46:34,12:55:34,Mostly Clear
2418,2024-08-15,14.847947,120.254582,14.818182,120.283664,06:33:02,06:59:39,Dense Drizzle
2419,2024-07-07,14.833267,120.282338,14.835499,120.288004,18:15:06,18:19:58,Light Rain
2420,2024-07-17,14.828334,120.285301,14.797814,120.27243,09:40:02,09:59:10,Heavy Rain Showers
2421,2024-02-21,14.823221,120.300164,14.824229,120.280058,07:17:24,07:32:34,Clear
2422,2024-02-15,14.822286,120.271843,14.836733,120.277181,11:55:28,12:03:21,Mostly Clear
2423,2024-06-15,14.825612,120.277158,14.764566,120.293048,09:45:54,10:12:38,Partly Cloudy
2424,2024-10-05,14.82101,120.271534,14.82952,120.298705,08:09:41,08:23:30,Partly Cloudy
2425,2024-10-19,14.827195,120.287075,14.828218,120.282109,08:02:20,08:07:21,Cloudy
2426,2024-07-23,14.819165,120.278532,14.837448,120.267752,22:39:05,22:48:03,Cloudy
2427,2024-10-23,14.828455,120.294901,14.823928,120.279259,17:33:50,17:42:19,Thunderstorm
2428,2024-09-05,14.824544,120.289552,14.824943,120.282699,07:50:28,07:58:38,Clear
2429,2024-02-13,14.828653,120.280324,14.823859,120.289693,18:39:18,18:50:08,Dense Drizzle
2430,2024-10-08,14.82106,120.278762,14.828086,120.29505,07:45:42,07:53:15,Light Drizzle
2431,2024-06-23,14.828822,120.287291,14.835068,120.287182,05:43:28,05:48:06,Rain
2432,2024-09-11,14.840485,120.2867,14.842721,120.282066,19:17:53,19:24:10,Cloudy
2433,2024-06-05,14.876499,120.233044,14.825003,120.279843,08:52:51,09:26:44,Partly Cloudy
2434,2024-05-22,14.820898,120.279298,14.838204,120.282795,07:36:04,07:51:31,Clear
2435,2024-08-06,14.772693,120.258412,14.84141,120.28646,16:03:30,16:27:05,Light Rain
2436,2024-01-10,14.805901,120.322543,14.8239,120.289879,18:19:14,18:39:40,Partly Cloudy
2437,2024-03-01,14.85639,120.289862,14.829847,120.287171,19:54:19,20:05:52,Clear
2438,2024-03-15,14.842745,120.282118,14.837019,120.268055,06:36:52,06:45:36,Partly Cloudy
2439,2024-04-16,14.821181,120.278784,14.822875,120.287421,13:56:55,14:01:51,Partly Cloudy
2440,2024-06-15,14.83075,120.289067,14.839199,120.284357,08:11:55,08:17:14,Cloudy
2441,2024-11-06,14.817579,120.281564,14.818578,120.278771,19:40:19,19:44:37,Light Drizzle
2442,2024-05-17,14.80555,120.322946,14.827796,120.286394,09:51:10,10:05:10,Clear
2443,2024-08-14,14.83289,120.285445,14.822651,120.301762,17:38:24,17:56:55,Clear
2444,2024-01-05,14.877686,120.23219,14.82357,120.27929,06:08:38,07:00:23,Mostly Clear
2445,2024-02-10,14.828685,120.287608,14.838194,120.285694,06:42:05,06:52:31,Clear
2446,2024-12-06,14.817302,120.284747,14.84901,120.31426,12:36:12,12:50:09,Partly Cloudy
2447,2024-08-15,14.840997,120.287165,14.819642,120.278896,08:30:51,08:41:06,Mostly Clear
2448,2024-03-22,14.826753,120.283359,14.835979,120.283904,21:57:16,22:01:14,Drizzle
2449,2024-06-09,14.820282,120.276213,14.839466,120.284486,12:15:21,12:22:58,Partly Cloudy
2450,2024-01-27,14.849426,120.254135,14.764733,120.293134,06:59:04,07:53:28,Light Drizzle
2451,2024-05-20,14.839329,120.284197,14.851774,120.256079,15:31:38,15:43:34,Clear
2452,2024-04-01,14.824383,120.28981,14.848291,120.254673,17:24:37,17:50:40,Clear
2453,2024-02-29,14.823936,120.279119,14.848689,120.254977,17:24:03,17:43:55,Light Rain
2454,2024-01-24,14.836653,120.278125,14.873079,120.23572,17:57:19,18:24:04,Clear
2455,2024-03-04,14.820057,120.284227,14.824006,120.289445,19:26:49,19:31:50,Light Drizzle
2456,2024-01-03,14.840527,120.287029,14.819599,120.284189,08:05:28,08:15:35,Partly Cloudy
2457,2024-12-15,14.840239,120.28601,14.835889,120.283953,07:50:05,07:56:01,Drizzle
2458,2024-10-10,14.838523,120.283083,14.763979,120.253077,18:23:29,19:15:42,Partly Cloudy
2459,2024-10-27,14.848932,120.315352,14.81895,120.278667,12:13:00,12:32:04,Cloudy
2460,2024-08-25,14.851533,120.256254,14.826441,120.272459,12:50:44,13:05:59,Cloudy
2461,2024-07-19,14.81816,120.281601,14.820981,120.272076,19:01:05,19:09:11,Drizzle
2462,2024-02-05,14.839032,120.283899,14.823688,120.300903,21:10:45,21:22:48,Clear
2463,2024-03-04,14.805536,120.323408,14.821074,120.275057,17:27:45,17:51:52,Heavy Rain
2464,2024-07-11,14.843704,120.285282,14.837819,120.278583,06:51:03,06:57:58,Rain
2465,2024-11-28,14.820272,120.284831,14.823575,120.287006,15:58:06,16:01:30,Partly Cloudy
2466,2024-05-29,14.829283,120.280434,14.836379,120.283968,17:54:45,18:01:35,Partly Cloudy
2467,2024-11-17,14.835239,120.282468,14.826381,120.272731,07:36:55,07:46:36,Partly Cloudy
2468,2024-01-08,14.840317,120.284123,14.829829,120.287444,19:01:10,19:09:06,Drizzle
2469,2024-06-16,14.833005,120.281679,14.820433,120.276049,13:19:30,13:26:38,Light Rain
2470,2024-08-15,14.882008,120.236435,14.835355,120.282194,06:00:23,06:49:33,Dense Drizzle
2471,2024-06-25,14.824494,120.283012,14.833118,120.28229,06:55:39,06:59:30,Partly Cloudy
2472,2024-01-22,14.830674,120.289101,14.821059,120.283423,22:23:04,22:29:31,Mostly Clear
2473,2024-10-19,14.838108,120.285693,14.82549,120.281634,20:16:28,20:23:27,Thunderstorm
2474,2024-07-06,14.833059,120.286248,14.83287,120.28207,06:28:05,06:31:22,Cloudy
2475,2024-10-23,14.830397,120.273605,14.836001,120.2819,07:13:27,07:18:28,Clear
2476,2024-10-05,14.877277,120.234732,14.823556,120.286944,18:24:44,19:05:50,Partly Cloudy
2477,2024-04-17,14.839744,120.285078,14.836218,120.282689,08:33:40,08:38:28,Cloudy
2478,2024-10-06,14.836352,120.290196,14.839208,120.284331,14:27:32,14:31:48,Heavy Rain Showers
2479,2024-04-13,14.827076,120.287524,14.849165,120.290541,06:31:12,06:41:51,Clear
2480,2024-09-12,14.842456,120.286567,14.821938,120.271783,18:06:33,18:24:35,Mostly Clear
2481,2024-11-28,14.828859,120.280983,14.826639,120.282791,14:34:36,14:39:04,Cloudy
2482,2024-01-25,14.827007,120.279938,14.836196,120.283299,18:10:34,18:20:03,Rain Showers
2483,2024-08-14,14.825278,120.279574,14.842758,120.288017,08:03:33,08:19:12,Rain Showers
2484,2024-09-30,14.825111,120.281899,14.842013,120.286827,07:34:24,07:47:22,Partly Cloudy
2485,2024-06-12,14.836138,120.286599,14.827915,120.285441,20:56:36,21:02:51,Rain Showers
2486,2024-11-24,14.834762,120.282445,14.839379,120.284988,22:59:53,23:03:05,Heavy Rain Showers
2487,2024-09-06,14.818491,120.281125,14.822579,120.301287,17:40:46,17:53:18,Partly Cloudy
2488,2024-04-10,14.824685,120.279926,14.824684,120.279962,15:34:10,15:37:59,Drizzle
2489,2024-08-13,14.823946,120.279086,14.818686,120.283619,18:16:57,18:23:28,Partly Cloudy
2490,2024-06-24,14.887434,120.237631,14.829162,120.280901,12:09:16,12:51:16,Cloudy
2491,2024-11-11,14.824832,120.276502,14.817285,120.283893,06:06:20,06:13:01,Rain
2492,2024-12-07,14.84047,120.287289,14.82364,120.300416,16:24:08,16:33:41,Clear
2493,2024-07-24,14.876904,120.2336,14.839153,120.284403,08:03:35,08:37:09,Light Rain
2494,2024-03-17,14.806452,120.322947,14.822686,120.272685,14:55:18,15:10:41,Clear
2495,2024-02-24,14.820541,120.276583,14.776603,120.307391,08:37:55,09:16:44,Mostly Clear
2496,2024-11-29,14.857101,120.290418,14.815378,120.283356,05:58:41,06:17:08,Clear
2497,2024-04-11,14.815298,120.283673,14.838971,120.283973,07:23:52,07:35:04,Partly Cloudy
2498,2024-05-09,14.843504,120.285896,14.836691,120.289701,06:01:26,06:08:33,Partly Cloudy
2499,2024-07-01,14.820378,120.276636,14.838807,120.284653,06:18:31,06:29:12,Light Drizzle
2500,2024-09-12,14.815949,120.283623,14.824445,120.283797,19:31:59,19:37:10,Partly Cloudy
2501,2024-02-20,14.835631,120.281965,14.819008,120.284537,19:14:01,19:24:58,Partly Cloudy
2502,2024-06-25,14.837273,120.282504,14.849913,120.265147,16:27:58,16:36:04,Drizzle
2503,2024-07-20,14.829108,120.28108,14.821146,120.284425,20:30:09,20:35:45,Rain
2504,2024-01-12,14.792497,120.294619,14.822362,120.272525,19:18:18,19:41:31,Light Rain
2505,2024-01-26,14.764263,120.252708,14.836231,120.283227,10:18:33,10:47:16,Clear
2506,2024-12-13,14.823674,120.300757,14.829191,120.287253,14:22:07,14:29:24,Clear
2507,2024-11-29,14.830541,120.28862,14.820994,120.283836,17:37:21,17:44:14,Mostly Clear
2508,2024-09-24,14.83658,120.278207,14.817498,120.281275,17:11:25,17:21:52,Cloudy
2509,2024-07-08,14.827346,120.280001,14.82456,120.280216,15:01:39,15:05:47,Light Rain
2510,2024-04-13,14.820647,120.275495,14.887693,120.236821,06:00:49,06:38:56,Mostly Clear
2511,2024-12-24,14.772376,120.258687,14.765052,120.29346,11:39:37,11:57:32,Cloudy
2512,2024-10-06,14.823886,120.279593,14.824818,120.280279,16:58:23,17:02:36,Cloudy
2513,2024-06-10,14.776367,120.307514,14.877041,120.231474,20:20:10,21:03:09,Mostly Clear
2514,2024-04-14,14.877454,120.235371,14.868591,120.292603,19:49:14,20:18:09,Clear
2515,2024-01-11,14.822841,120.287105,14.836913,120.289727,05:10:31,05:18:11,Clear
2516,2024-01-03,14.852058,120.256671,14.848828,120.254801,18:14:32,18:17:17,Partly Cloudy
2517,2024-08-27,14.819532,120.279471,14.832789,120.285642,21:10:45,21:18:25,Partly Cloudy
2518,2024-02-15,14.833175,120.282197,14.841263,120.282417,17:42:16,17:48:37,Cloudy
2519,2024-02-28,14.820682,120.283921,14.817702,120.280837,19:17:20,19:21:40,Cloudy
2520,2024-08-16,14.82408,120.279473,14.830184,120.274379,09:54:22,09:59:38,Mostly Clear
2521,2024-02-15,14.841365,120.282727,14.81808,120.284093,09:50:01,10:03:23,Mostly Clear
2522,2024-08-07,14.820466,120.283359,14.848578,120.254465,09:39:26,09:57:17,Clear
2523,2024-02-11,14.830065,120.273354,14.836697,120.290057,08:23:21,08:38:46,Mostly Clear
2524,2024-06-03,14.84048,120.286766,14.848204,120.253822,06:27:33,06:47:31,Drizzle
2525,2024-08-02,14.827103,120.282031,14.76482,120.292897,14:53:21,15:15:31,Light Drizzle
2526,2024-09-08,14.76496,120.293957,14.840567,120.286404,09:40:57,10:21:58,Rain
2527,2024-08-09,14.825288,120.282141,14.825149,120.279727,06:14:27,06:17:36,Light Drizzle
2528,2024-05-25,14.849306,120.264756,14.818136,120.28092,08:24:43,08:41:55,Partly Cloudy
2529,2024-08-19,14.829746,120.298974,14.823534,120.279376,16:32:58,16:42:41,Cloudy
2530,2024-05-09,14.826919,120.283284,14.820904,120.284117,10:44:14,10:49:49,Clear
2531,2024-04-09,14.806403,120.323173,14.847664,120.255044,11:24:28,12:07:19,Clear
2532,2024-09-30,14.832894,120.285603,14.824763,120.28299,07:19:38,07:25:57,Drizzle
2533,2024-07-10,14.836159,120.286478,14.820089,120.275362,14:40:15,14:48:36,Partly Cloudy
2534,2024-10-24,14.839436,120.283598,14.839062,120.284263,05:17:57,05:20:05,Mostly Clear
2535,2024-04-24,14.82174,120.271331,14.818369,120.284479,10:31:35,10:37:38,Clear
2536,2024-11-15,14.815565,120.284225,14.873134,120.23557,19:03:40,19:59:28,Dense Drizzle
2537,2024-11-07,14.824222,120.279484,14.821501,120.276154,18:56:55,19:01:13,Light Drizzle
2538,2024-12-25,14.876766,120.231863,14.82069,120.2756,18:00:02,18:56:30,Mostly Clear
2539,2024-08-27,14.829083,120.28071,14.835196,120.28782,17:39:17,17:43:59,Partly Cloudy
2540,2024-11-14,14.827812,120.294925,14.848694,120.264507,10:28:58,10:43:22,Drizzle
2541,2024-07-03,14.836732,120.278191,14.820283,120.275727,12:12:44,12:19:43,Light Drizzle
2542,2024-02-21,14.833497,120.281611,14.820401,120.275599,13:55:06,14:04:13,Mostly Clear
2543,2024-04-20,14.856566,120.290533,14.829173,120.287077,11:07:29,11:17:37,Clear
2544,2024-06-27,14.822785,120.28761,14.829905,120.289242,15:50:36,15:57:00,Rain
2545,2024-06-15,14.828757,120.287141,14.836371,120.2906,22:33:02,22:39:03,Cloudy
2546,2024-06-26,14.824485,120.280257,14.823283,120.282359,19:12:55,19:16:25,Light Drizzle
2547,2024-12-12,14.882096,120.236408,14.82709,120.28007,06:59:45,07:31:01,Mostly Clear
2548,2024-02-18,14.835769,120.286999,14.887051,120.237507,12:59:28,13:26:39,Mostly Clear
2549,2024-10-29,14.827745,120.286213,14.837396,120.26778,19:01:55,19:15:12,Drizzle
2550,2024-11-09,14.876616,120.232364,14.820541,120.275481,18:44:47,19:19:50,Light Drizzle
2551,2024-12-02,14.848771,120.314986,14.828438,120.28172,07:53:16,08:13:20,Mostly Clear
2552,2024-10-30,14.82542,120.277126,14.822349,120.301501,11:38:38,11:51:28,Violent Rain Showers
2553,2024-09-21,14.848987,120.265168,14.776296,120.307268,14:00:19,14:30:26,Cloudy
2554,2024-11-02,14.827827,120.281945,14.824165,120.289807,18:58:11,19:04:16,Rain Showers
2555,2024-09-20,14.818437,120.281692,14.826212,120.272821,16:59:24,17:04:31,Cloudy
2556,2024-05-05,14.829354,120.298515,14.887498,120.238218,14:32:01,14:57:58,Clear
2557,2024-04-11,14.806425,120.322588,14.822679,120.27267,19:45:31,20:12:28,Light Drizzle
2558,2024-12-23,14.818074,120.2817,14.847421,120.254297,18:36:31,18:55:29,Clear
2559,2024-02-16,14.839395,120.285416,14.828935,120.287328,22:57:14,23:03:43,Clear
2560,2024-09-07,14.819608,120.278727,14.835513,120.2822,06:19:11,06:36:36,Mostly Clear
2561,2024-06-25,14.839772,120.285023,14.825935,120.282703,18:05:35,18:19:11,Mostly Clear
2562,2024-10-05,14.824631,120.27988,14.825389,120.279695,09:13:42,09:15:50,Rain
2563,2024-05-21,14.873801,120.235791,14.820068,120.284129,08:15:52,08:55:20,Light Drizzle
2564,2024-12-19,14.827215,120.28762,14.837616,120.278866,13:14:15,13:25:02,Partly Cloudy
2565,2024-07-12,14.823285,120.283263,14.837502,120.278914,15:15:02,15:25:18,Partly Cloudy
2566,2024-10-27,14.776267,120.307648,14.817533,120.283828,10:18:00,10:40:21,Light Rain
2567,2024-04-25,14.836845,120.278165,14.827183,120.281844,16:23:30,16:28:10,Clear
2568,2024-07-12,14.821146,120.27521,14.836689,120.27822,08:19:27,08:27:02,Light Rain
2569,2024-05-28,14.823925,120.279224,14.824231,120.301063,19:10:03,19:19:56,Cloudy
2570,2024-10-31,14.825062,120.283647,14.82058,120.283685,18:02:29,18:07:42,Mostly Clear
2571,2024-03-15,14.881921,120.236129,14.84755,120.254435,16:40:18,16:55:15,Cloudy
2572,2024-03-25,14.822766,120.301293,14.839674,120.285383,18:54:35,19:09:40,Partly Cloudy
2573,2024-08-28,14.820476,120.284134,14.820438,120.275844,18:18:21,18:27:00,Partly Cloudy
2574,2024-04-10,14.823686,120.278626,14.820206,120.284617,14:58:58,15:02:01,Mostly Clear
2575,2024-03-22,14.820475,120.276568,14.817637,120.284515,08:07:16,08:16:11,Mostly Clear
2576,2024-04-13,14.820649,120.275511,14.824639,120.279876,09:12:16,09:16:58,Partly Cloudy
2577,2024-02-19,14.83922,120.283668,14.822446,120.273166,18:39:02,18:49:03,Drizzle
2578,2024-10-05,14.82404,120.27902,14.820638,120.284358,19:42:22,19:48:27,Cloudy
2579,2024-03-27,14.868206,120.292241,14.806582,120.322704,07:58:22,08:47:28,Partly Cloudy
2580,2024-03-28,14.851378,120.262954,14.841324,120.28634,06:33:22,06:45:02,Cloudy
2581,2024-06-21,14.826426,120.287102,14.841768,120.286949,09:34:48,09:44:22,Severe Thunderstorm with Hail
2582,2024-01-22,14.828558,120.285926,14.877021,120.234892,13:12:00,13:33:40,Clear
2583,2024-08-08,14.764762,120.252661,14.848916,120.264341,15:50:25,16:19:08,Light Drizzle
2584,2024-01-18,14.817891,120.281241,14.841857,120.287925,15:18:58,15:28:56,Mostly Clear
2585,2024-08-10,14.830151,120.274076,14.820337,120.2761,18:15:07,18:22:51,Mostly Clear
2586,2024-08-31,14.82968,120.298643,14.82444,120.280567,17:31:48,17:40:05,Dense Drizzle
2587,2024-06-06,14.840103,120.287124,14.837791,120.268132,18:33:41,18:42:49,Light Drizzle
2588,2024-08-29,14.84346,120.285717,14.835292,120.281878,10:43:17,10:49:21,Clear
2589,2024-05-14,14.829126,120.287186,14.828746,120.281512,07:55:43,07:59:51,Mostly Clear
2590,2024-09-03,14.857428,120.289807,14.877142,120.231554,11:46:22,12:06:57,Clear
2591,2024-02-20,14.764527,120.253589,14.816115,120.283551,16:34:20,16:54:46,Partly Cloudy
2592,2024-01-24,14.823533,120.287452,14.833357,120.285707,18:30:32,18:37:23,Cloudy
2593,2024-12-09,14.821229,120.276016,14.839758,120.284469,07:51:45,08:06:27,Clear
2594,2024-10-15,14.817896,120.281256,14.824503,120.283522,06:12:28,06:17:34,Partly Cloudy
2595,2024-02-27,14.820004,120.284056,14.820916,120.283218,14:18:31,14:21:27,Partly Cloudy
2596,2024-11-28,14.824612,120.27944,14.820535,120.276361,19:31:51,19:37:36,Cloudy
2597,2024-07-27,14.836335,120.286936,14.805883,120.322781,08:19:04,08:38:08,Clear
2598,2024-06-22,14.839808,120.284499,14.82317,120.287959,11:37:05,11:44:23,Drizzle
2599,2024-04-24,14.797958,120.271248,14.826768,120.287029,05:49:35,06:02:34,Mostly Clear
2600,2024-08-03,14.837057,120.278347,14.837089,120.268439,17:49:11,17:54:45,Clear
2601,2024-12-21,14.840246,120.284023,14.835996,120.277669,17:43:36,17:49:44,Clear
2602,2024-10-14,14.823303,120.289165,14.828144,120.294875,07:35:28,07:41:27,Heavy Rain Showers
2603,2024-01-13,14.823807,120.300665,14.829963,120.28893,11:39:56,11:46:51,Clear
2604,2024-07-30,14.835353,120.287557,14.887664,120.23676,06:56:26,07:43:04,Light Rain
2605,2024-09-25,14.828536,120.284681,14.824306,120.280027,08:17:21,08:23:28,Heavy Rain
2606,2024-07-12,14.833288,120.286252,14.838475,120.283305,07:20:00,07:25:08,Heavy Rain
2607,2024-02-25,14.820024,120.284227,14.819277,120.283594,11:28:46,11:31:18,Mostly Clear
2608,2024-02-16,14.815456,120.283468,14.841649,120.282901,14:39:57,14:49:48,Cloudy
2609,2024-08-24,14.789929,120.282707,14.828115,120.294661,05:55:31,06:20:27,Light Rain
2610,2024-10-28,14.826973,120.280273,14.835047,120.2817,06:04:56,06:11:19,Light Rain
2611,2024-06-23,14.826717,120.273095,14.764783,120.293172,18:20:30,19:05:54,Rain
2612,2024-02-04,14.842719,120.286977,14.826325,120.282833,11:05:28,11:13:36,Clear
2613,2024-04-27,14.848635,120.29154,14.830496,120.289886,14:55:39,15:06:46,Clear
2614,2024-01-11,14.836231,120.290021,14.849262,120.315285,08:34:10,08:49:13,Cloudy
2615,2024-09-21,14.82919,120.287296,14.826499,120.272435,07:40:01,07:48:16,Rain
2616,2024-03-21,14.826379,120.283327,14.824108,120.300356,20:13:56,20:24:12,Partly Cloudy
2617,2024-06-18,14.825017,120.280527,14.839218,120.283558,20:39:38,20:48:33,Cloudy
2618,2024-04-17,14.826259,120.272221,14.876617,120.233579,13:28:55,14:00:19,Mostly Clear
2619,2024-07-13,14.821051,120.283659,14.849423,120.264785,20:23:51,20:39:17,Light Drizzle
2620,2024-08-29,14.829089,120.280442,14.824574,120.282292,19:07:51,19:13:06,Mostly Clear
2621,2024-10-28,14.839874,120.283653,14.826033,120.272495,17:15:43,17:24:19,Heavy Rain
2622,2024-06-01,14.797766,120.272167,14.826288,120.283178,18:37:02,18:59:20,Mostly Clear
2623,2024-10-14,14.828516,120.287437,14.820812,120.283848,07:16:29,07:22:26,Light Drizzle
2624,2024-10-13,14.819962,120.284164,14.849112,120.314814,05:14:20,05:32:30,Clear
2625,2024-08-28,14.832584,120.286299,14.839311,120.285219,08:41:43,08:46:11,Dense Drizzle
2626,2024-07-20,14.820449,120.284208,14.821945,120.297789,09:48:30,09:56:07,Partly Cloudy
2627,2024-04-25,14.823247,120.287376,14.835341,120.281957,14:13:50,14:20:36,Clear
2628,2024-05-09,14.831454,120.288857,14.838416,120.284942,07:36:31,07:44:36,Mostly Clear
2629,2024-01-25,14.82254,120.301542,14.829155,120.287603,21:02:54,21:10:05,Partly Cloudy
2630,2024-01-10,14.84344,120.287419,14.848396,120.254177,18:01:18,18:18:33,Clear
2631,2024-05-19,14.822113,120.271874,14.830728,120.289492,09:59:20,10:07:34,Clear
2632,2024-08-17,14.820606,120.27557,14.876773,120.233688,22:53:36,23:16:25,Light Drizzle
2633,2024-05-11,14.822577,120.300771,14.820124,120.278257,15:25:24,15:34:20,Mostly Clear
2634,2024-02-03,14.828276,120.286664,14.841435,120.286288,07:04:40,07:14:32,Clear
2635,2024-02-02,14.877148,120.232111,14.824206,120.279727,17:14:48,17:47:42,Rain Showers
2636,2024-11-04,14.88773,120.238044,14.82527,120.277216,06:52:21,07:31:12,Drizzle
2637,2024-09-11,14.8181,120.281261,14.820552,120.283325,16:05:53,16:09:58,Light Rain
2638,2024-08-25,14.819227,120.279297,14.856849,120.289909,20:05:32,20:20:11,Partly Cloudy
2639,2024-05-17,14.867639,120.291834,14.82176,120.298855,06:03:25,06:31:46,Clear
2640,2024-06-10,14.836889,120.278027,14.819072,120.283932,06:48:38,06:58:41,Light Drizzle
2641,2024-01-25,14.826252,120.282675,14.805992,120.322617,16:31:15,16:47:31,Light Rain
2642,2024-11-14,14.852071,120.262695,14.825236,120.276592,06:57:21,07:15:03,Rain Showers
2643,2024-10-06,14.837406,120.267871,14.820665,120.28394,11:38:15,11:49:38,Light Drizzle
2644,2024-09-28,14.820687,120.278719,14.848988,120.254448,16:54:00,17:13:47,Clear
2645,2024-11-04,14.820859,120.278165,14.825172,120.279627,19:41:37,19:46:18,Cloudy
2646,2024-08-27,14.820463,120.28409,14.825078,120.276834,06:28:06,06:36:11,Drizzle
2647,2024-03-05,14.842827,120.282002,14.826081,120.283057,08:58:03,09:09:32,Cloudy
2648,2024-05-17,14.820124,120.284087,14.821223,120.275492,19:06:36,19:12:52,Clear
2649,2024-07-21,14.819647,120.283889,14.838056,120.283811,21:16:59,21:27:26,Dense Drizzle
2650,2024-04-22,14.823721,120.28868,14.822008,120.298421,07:23:08,07:30:31,Clear
2651,2024-02-16,14.805531,120.323214,14.8428,120.287251,17:03:53,17:31:52,Clear
2652,2024-07-22,14.873819,120.23543,14.825794,120.283503,07:24:53,07:54:08,Mostly Clear
2653,2024-05-10,14.825123,120.279522,14.830444,120.288569,06:29:10,06:37:04,Clear
2654,2024-11-22,14.820352,120.275408,14.82722,120.279983,14:47:21,14:52:48,Light Rain
2655,2024-11-20,14.842592,120.281595,14.825976,120.282643,18:49:31,18:58:02,Light Rain
2656,2024-07-24,14.833325,120.285617,14.828955,120.280414,06:34:00,06:41:48,Light Rain
2657,2024-06-27,14.838572,120.283387,14.836172,120.286633,06:51:45,06:55:35,Clear
2658,2024-06-27,14.828262,120.285694,14.820654,120.284824,06:24:14,06:30:08,Dense Drizzle
2659,2024-12-31,14.833601,120.282468,14.830657,120.288393,17:10:49,17:18:24,Partly Cloudy
2660,2024-09-21,14.829274,120.287145,14.84858,120.291643,17:54:42,18:04:41,Cloudy
2661,2024-01-04,14.824829,120.279751,14.836934,120.278244,16:26:33,16:32:49,Mostly Clear
2662,2024-10-18,14.815959,120.283008,14.819992,120.275827,18:11:21,18:16:28,Drizzle
2663,2024-07-16,14.828088,120.294081,14.824472,120.283492,19:41:15,19:47:37,Drizzle
2664,2024-02-19,14.822376,120.273007,14.827336,120.281894,14:46:42,14:51:21,Clear
2665,2024-11-22,14.828388,120.286139,14.822089,120.272434,20:45:22,20:52:42,Rain
2666,2024-12-15,14.821929,120.274168,14.819056,120.283633,05:27:11,05:31:48,Rain
2667,2024-10-21,14.873355,120.235483,14.828267,120.281659,06:40:33,07:18:53,Heavy Rain Showers
2668,2024-05-07,14.824835,120.281882,14.8267,120.272806,08:16:06,08:23:21,Mostly Clear
2669,2024-06-03,14.823971,120.289367,14.839659,120.285274,08:40:11,08:53:08,Partly Cloudy
2670,2024-04-05,14.84981,120.264887,14.827186,120.281263,08:49:53,09:07:22,Partly Cloudy
2671,2024-03-07,14.817845,120.281271,14.822928,120.301784,18:33:51,18:46:34,Mostly Clear
2672,2024-12-30,14.825962,120.283367,14.820515,120.283191,13:00:40,13:04:57,Mostly Clear
2673,2024-02-28,14.839333,120.283805,14.876685,120.232377,17:11:29,17:55:47,Cloudy
2674,2024-10-04,14.820611,120.283709,14.887051,120.237933,06:42:12,07:18:13,Drizzle
2675,2024-05-29,14.849247,120.254273,14.82415,120.289009,15:55:14,16:09:54,Clear
2676,2024-10-13,14.840304,120.285407,14.825542,120.281789,22:00:43,22:09:35,Partly Cloudy
2677,2024-11-04,14.823764,120.279692,14.826987,120.283271,19:28:18,19:32:05,Drizzle
2678,2024-07-25,14.841694,120.283175,14.824786,120.282517,08:48:24,08:58:10,Rain Showers
2679,2024-05-01,14.841095,120.286841,14.816086,120.282981,07:11:26,07:34:05,Drizzle
2680,2024-08-21,14.822273,120.27241,14.823983,120.289234,18:55:33,19:07:22,Light Rain
2681,2024-10-19,14.824243,120.289285,14.836282,120.286732,10:13:55,10:18:34,Light Drizzle
2682,2024-10-14,14.82909,120.286901,14.817944,120.281139,08:57:08,09:07:57,Partly Cloudy
2683,2024-03-26,14.821172,120.283163,14.797558,120.271468,14:12:35,14:28:07,Cloudy
2684,2024-04-27,14.826469,120.272652,14.842325,120.287583,13:23:54,13:35:51,Partly Cloudy
2685,2024-08-10,14.837527,120.27872,14.820392,120.276043,18:20:58,18:30:16,Rain Showers
2686,2024-06-01,14.827198,120.281831,14.847997,120.254364,18:40:42,18:59:36,Heavy Rain Showers
2687,2024-03-02,14.821122,120.275441,14.815931,120.283222,07:21:50,07:27:07,Mostly Clear
2688,2024-01-12,14.873103,120.235121,14.81537,120.28405,15:42:11,16:04:42,Clear
2689,2024-12-02,14.828139,120.285242,14.824629,120.289374,13:28:20,13:31:55,Clear
2690,2024-12-18,14.820526,120.276235,14.8223,120.298937,08:46:00,08:58:14,Partly Cloudy
2691,2024-01-03,14.819883,120.283441,14.82265,120.298689,17:36:44,17:46:45,Clear
2692,2024-09-02,14.823131,120.287417,14.851186,120.255813,17:57:03,18:29:28,Partly Cloudy
2693,2024-08-23,14.823158,120.287434,14.828394,120.28495,17:32:00,17:38:20,Cloudy
2694,2024-10-11,14.790027,120.281953,14.842731,120.287314,10:59:32,11:22:13,Rain
2695,2024-07-03,14.83658,120.277992,14.830928,120.289029,18:17:32,18:26:14,Partly Cloudy
2696,2024-05-26,14.789758,120.282137,14.818988,120.27831,17:37:16,17:53:12,Clear
2697,2024-11-04,14.82194,120.298497,14.839422,120.284975,21:06:54,21:16:52,Light Drizzle
2698,2024-03-24,14.815561,120.283142,14.825226,120.280106,17:42:12,17:48:57,Mostly Clear
2699,2024-12-22,14.842122,120.286978,14.815974,120.283153,12:52:12,13:06:03,Clear
2700,2024-07-31,14.836045,120.290142,14.824979,120.281508,07:38:13,07:46:08,Cloudy
2701,2024-08-23,14.830464,120.28909,14.824434,120.289653,18:33:43,18:37:38,Partly Cloudy
2702,2024-12-05,14.840021,120.284085,14.833493,120.285184,17:23:20,17:28:15,Partly Cloudy
2703,2024-07-10,14.836515,120.290125,14.839239,120.284982,19:10:26,19:15:34,Light Rain
2704,2024-05-13,14.838082,120.284048,14.843526,120.286147,17:11:51,17:16:57,Clear
2705,2024-02-22,14.818233,120.281722,14.820067,120.2843,12:38:08,12:40:09,Mostly Clear
2706,2024-02-08,14.832889,120.285531,14.824341,120.282351,08:54:31,09:01:19,Mostly Clear
2707,2024-02-07,14.820105,120.284025,14.823945,120.289475,21:11:37,21:15:16,Partly Cloudy
2708,2024-04-26,14.823882,120.30043,14.820429,120.277216,09:30:08,09:40:20,Clear
2709,2024-03-13,14.823662,120.300607,14.840257,120.287295,11:21:18,11:29:20,Cloudy
2710,2024-02-09,14.835861,120.28316,14.826459,120.280081,11:39:01,11:45:12,Clear
2711,2024-07-10,14.764724,120.293141,14.837451,120.26736,19:14:14,19:53:31,Light Rain
2712,2024-10-23,14.882038,120.236397,14.7894,120.281583,07:45:23,08:43:58,Clear
2713,2024-05-08,14.826286,120.283377,14.834854,120.287536,17:06:29,17:16:41,Mostly Clear
2714,2024-10-29,14.836946,120.278038,14.8246,120.282568,19:45:08,19:52:37,Rain
2715,2024-05-06,14.848801,120.315128,14.843182,120.281453,08:05:48,08:22:50,Partly Cloudy
2716,2024-03-02,14.806006,120.322998,14.821256,120.27546,17:40:18,18:06:52,Clear
2717,2024-09-26,14.820478,120.276617,14.824667,120.27708,10:34:42,10:37:32,Light Rain
2718,2024-11-05,14.823355,120.300815,14.82638,120.272795,08:31:26,08:45:14,Cloudy
2719,2024-10-23,14.815681,120.317197,14.836326,120.283274,11:24:04,11:36:57,Mostly Clear
2720,2024-04-06,14.835824,120.286782,14.825415,120.27992,22:21:27,22:27:29,Cloudy
2721,2024-12-08,14.826515,120.272715,14.819071,120.284124,18:55:29,19:06:54,Clear
2722,2024-09-24,14.851399,120.262887,14.830526,120.289182,09:12:32,09:25:38,Rain
2723,2024-05-29,14.828277,120.285581,14.829134,120.287324,05:56:46,06:00:55,Mostly Clear
2724,2024-12-11,14.836754,120.290275,14.824617,120.280493,19:36:14,19:46:56,Mostly Clear
2725,2024-04-10,14.848121,120.255216,14.83478,120.288025,16:52:51,17:05:26,Light Drizzle
2726,2024-11-08,14.888006,120.237766,14.828989,120.282417,06:37:40,07:23:32,Clear
2727,2024-09-03,14.823655,120.289513,14.828586,120.281539,06:35:27,06:44:43,Heavy Rain Showers
2728,2024-07-13,14.819042,120.283875,14.849252,120.254004,05:35:40,05:51:45,Mostly Clear
2729,2024-12-15,14.840222,120.284577,14.821026,120.278933,19:45:16,19:57:10,Mostly Clear
2730,2024-11-26,14.820738,120.275399,14.841418,120.286318,19:52:16,20:04:31,Mostly Clear
2731,2024-08-08,14.822638,120.271992,14.840234,120.284646,19:14:08,19:33:38,Rain
2732,2024-05-16,14.874195,120.235478,14.839622,120.283276,08:04:21,08:45:17,Mostly Clear
2733,2024-07-24,14.828243,120.285874,14.876625,120.23136,07:35:29,08:01:47,Clear
2734,2024-01-21,14.841735,120.286366,14.829477,120.287224,22:02:06,22:07:07,Partly Cloudy
2735,2024-09-03,14.838078,120.285336,14.873392,120.234753,17:01:17,17:27:17,Clear
2736,2024-10-18,14.877106,120.231941,14.822685,120.287576,05:45:26,06:08:18,Light Rain
2737,2024-07-08,14.848043,120.254578,14.817418,120.281606,11:05:23,11:20:31,Partly Cloudy
2738,2024-05-15,14.820438,120.276575,14.822853,120.301836,06:21:25,06:38:30,Clear
2739,2024-12-29,14.828263,120.294868,14.825184,120.282375,18:54:06,19:02:44,Light Rain
2740,2024-06-27,14.835302,120.282091,14.820891,120.283335,17:31:12,17:39:51,Fog
2741,2024-01-18,14.819114,120.284185,14.819563,120.284123,14:43:37,14:47:03,Partly Cloudy
2742,2024-02-08,14.824523,120.28966,14.836381,120.277712,20:06:49,20:14:17,Light Rain
2743,2024-02-26,14.824127,120.289822,14.820213,120.283877,20:08:42,20:13:35,Clear
2744,2024-03-17,14.806172,120.322885,14.830534,120.28935,12:40:12,12:53:40,Partly Cloudy
2745,2024-07-20,14.823316,120.28326,14.838616,120.284037,12:35:04,12:44:00,Mostly Clear
2746,2024-08-06,14.815085,120.283441,14.8374,120.267893,19:14:42,19:35:53,Rain
2747,2024-04-22,14.823783,120.280268,14.84798,120.254683,18:29:36,18:43:58,Light Rain
2748,2024-02-29,14.819399,120.278015,14.851274,120.256576,14:41:53,14:56:29,Clear
2749,2024-05-18,14.820722,120.275246,14.775658,120.308255,06:47:36,07:16:02,Partly Cloudy
2750,2024-06-26,14.830606,120.288564,14.835933,120.283947,07:41:31,07:49:18,Drizzle
2751,2024-07-03,14.789616,120.282712,14.820559,120.283215,19:53:02,20:10:27,Cloudy
2752,2024-07-09,14.840506,120.286275,14.815692,120.282703,08:48:37,09:04:26,Drizzle
2753,2024-05-01,14.764449,120.293224,14.85116,120.25694,18:28:17,19:21:11,Mostly Clear
2754,2024-04-11,14.839587,120.283387,14.824333,120.280042,09:21:52,09:31:30,Clear
2755,2024-04-11,14.877344,120.235188,14.820944,120.27435,05:13:27,05:39:07,Clear
2756,2024-06-10,14.825336,120.277469,14.839138,120.283667,18:18:12,18:25:59,Partly Cloudy
2757,2024-03-14,14.790231,120.282423,14.824341,120.279145,05:32:09,05:46:21,Mostly Clear
2758,2024-06-30,14.821361,120.278706,14.819622,120.283736,06:36:01,06:40:01,Drizzle
2759,2024-03-05,14.823011,120.283156,14.819202,120.283296,15:44:53,15:48:41,Cloudy
2760,2024-04-02,14.843302,120.286539,14.827292,120.279215,07:22:46,07:33:39,Partly Cloudy
2761,2024-08-18,14.837562,120.2679,14.821921,120.298804,13:12:56,13:25:29,Partly Cloudy
2762,2024-04-24,14.843472,120.287415,14.82445,120.279897,15:57:14,16:05:38,Mostly Clear
2763,2024-07-19,14.827686,120.281847,14.824213,120.279798,09:33:45,09:38:04,Partly Cloudy
2764,2024-04-13,14.789916,120.281638,14.824697,120.282319,19:05:20,19:32:06,Light Drizzle
2765,2024-06-11,14.818578,120.283765,14.84902,120.255341,19:43:10,20:08:07,Light Rain
2766,2024-11-16,14.821396,120.283895,14.824739,120.283026,19:35:25,19:39:08,Clear
2767,2024-11-05,14.828324,120.285504,14.821015,120.27528,13:14:11,13:21:13,Thunderstorm
2768,2024-11-12,14.873437,120.234783,14.825007,120.281039,08:44:31,09:33:32,Rime Fog
2769,2024-11-04,14.836804,120.27866,14.817665,120.284065,22:16:22,22:25:35,Mostly Clear
2770,2024-06-28,14.83888,120.283787,14.820442,120.275435,18:14:33,18:27:10,Light Rain
2771,2024-04-07,14.815725,120.316462,14.822446,120.272513,13:30:50,13:55:48,Clear
2772,2024-04-02,14.829456,120.287415,14.819165,120.284515,15:17:05,15:22:57,Mostly Clear
2773,2024-12-19,14.842236,120.287701,14.821862,120.298436,19:15:26,19:32:58,Clear
2774,2024-12-08,14.851414,120.256849,14.819234,120.27785,07:19:01,07:36:33,Clear
2775,2024-09-23,14.842798,120.287447,14.839911,120.285269,19:30:30,19:33:31,Mostly Clear
2776,2024-11-27,14.819851,120.284212,14.823636,120.279445,14:52:22,14:56:11,Cloudy
2777,2024-05-08,14.775742,120.307663,14.829029,120.287445,17:14:49,17:41:05,Partly Cloudy
2778,2024-10-23,14.821352,120.279203,14.836201,120.285831,07:56:16,08:03:48,Light Rain
2779,2024-11-06,14.823933,120.289395,14.841917,120.286405,07:54:15,08:06:38,Partly Cloudy
2780,2024-03-08,14.824831,120.281784,14.82118,120.27532,20:44:42,20:50:55,Cloudy
2781,2024-10-01,14.817823,120.280717,14.842696,120.286742,12:44:27,12:56:14,Partly Cloudy
2782,2024-05-10,14.836663,120.290383,14.820556,120.283952,10:31:10,10:39:45,Mostly Clear
2783,2024-07-25,14.83538,120.282309,14.824679,120.279384,17:24:59,17:32:15,Cloudy
2784,2024-03-02,14.820515,120.275754,14.823703,120.280299,08:42:25,08:48:13,Partly Cloudy
2785,2024-04-02,14.815476,120.283738,14.823989,120.279439,19:56:59,20:04:54,Mostly Clear
2786,2024-03-29,14.829204,120.287008,14.843292,120.286184,06:38:32,06:46:45,Cloudy
2787,2024-02-03,14.820912,120.271978,14.83086,120.289118,06:54:11,07:06:13,Partly Cloudy
2788,2024-02-29,14.83639,120.29049,14.822055,120.271685,18:57:55,19:15:33,Partly Cloudy
2789,2024-03-30,14.829091,120.286828,14.830943,120.288496,09:02:06,09:05:26,Fog
2790,2024-08-17,14.828188,120.285384,14.822891,120.301681,08:51:30,09:05:26,Rain
2791,2024-07-21,14.828359,120.285874,14.873591,120.235881,20:32:32,20:55:04,Partly Cloudy
2792,2024-10-23,14.828218,120.294351,14.841342,120.286634,08:25:59,08:42:46,Partly Cloudy
2793,2024-11-11,14.817718,120.28433,14.815853,120.284145,10:48:04,10:51:57,Cloudy
2794,2024-03-27,14.823329,120.279063,14.836184,120.28315,17:32:30,17:40:27,Clear
2795,2024-01-02,14.842539,120.287595,14.805386,120.322549,21:23:39,21:41:15,Light Rain
2796,2024-01-20,14.828258,120.285428,14.851383,120.262907,17:00:55,17:18:21,Clear
2797,2024-07-02,14.842589,120.281422,14.828701,120.281673,06:47:56,06:56:44,Light Drizzle
2798,2024-11-14,14.822432,120.298658,14.842587,120.287781,05:38:55,05:48:00,Thunderstorm
2799,2024-06-03,14.840482,120.286707,14.822726,120.301286,07:01:57,07:14:05,Drizzle
2800,2024-05-29,14.849337,120.290944,14.822798,120.301606,08:54:12,09:13:59,Clear
2801,2024-04-22,14.8215,120.278206,14.821224,120.273049,18:47:11,18:50:53,Clear
2802,2024-05-21,14.824466,120.279845,14.824038,120.28862,18:22:06,18:27:13,Drizzle
2803,2024-10-16,14.82071,120.275036,14.825026,120.281876,06:40:00,06:46:53,Heavy Rain
2804,2024-06-19,14.821527,120.275416,14.824974,120.277311,14:33:56,14:37:54,Light Drizzle
2805,2024-03-14,14.838459,120.283436,14.823825,120.289428,19:53:40,20:03:34,Partly Cloudy
2806,2024-10-11,14.837582,120.285493,14.819071,120.278641,18:33:22,18:45:53,Partly Cloudy
2807,2024-02-06,14.840571,120.286475,14.827402,120.281329,08:24:04,08:32:51,Mostly Clear
2808,2024-02-23,14.842851,120.288191,14.822121,120.272542,18:43:20,18:59:46,Cloudy
2809,2024-10-15,14.828856,120.287165,14.833433,120.282649,06:39:12,06:44:31,Clear
2810,2024-07-26,14.820446,120.284732,14.822277,120.301912,10:59:43,11:10:32,Drizzle
2811,2024-01-01,14.828763,120.285374,14.876803,120.232168,06:14:44,06:57:29,Heavy Rain
2812,2024-07-17,14.842986,120.286154,14.826278,120.282928,06:19:18,06:28:15,Drizzle
2813,2024-06-24,14.819207,120.283953,14.867841,120.292021,13:00:39,13:26:42,Fog
2814,2024-02-13,14.818521,120.283578,14.849373,120.290596,17:29:18,17:47:53,Clear
2815,2024-06-22,14.826988,120.279868,14.82487,120.283137,19:22:45,19:27:08,Drizzle
2816,2024-03-28,14.828779,120.287658,14.881936,120.236222,06:01:57,06:55:09,Mostly Clear
2817,2024-02-26,14.837202,120.279194,14.817919,120.281452,11:06:18,11:16:51,Clear
2818,2024-02-29,14.828565,120.287193,14.83903,120.283576,07:19:53,07:26:18,Mostly Clear
2819,2024-08-30,14.819623,120.283807,14.820152,120.276518,18:03:47,18:09:43,Partly Cloudy
2820,2024-02-02,14.791804,120.294508,14.839792,120.285413,07:44:27,08:24:04,Rime Fog
2821,2024-09-12,14.8356,120.281442,14.835738,120.28773,18:40:11,18:44:45,Partly Cloudy
2822,2024-11-28,14.821496,120.273937,14.821229,120.283492,10:13:48,10:20:16,Rain
2823,2024-08-29,14.829118,120.286871,14.827131,120.279997,07:37:31,07:42:33,Clear
2824,2024-04-10,14.840373,120.286807,14.822847,120.301334,07:59:59,08:13:05,Partly Cloudy
2825,2024-04-15,14.819874,120.283766,14.836875,120.283575,18:41:35,18:53:45,Clear
2826,2024-03-20,14.837342,120.268037,14.829051,120.287043,12:49:32,12:57:00,Mostly Clear
2827,2024-07-22,14.824436,120.283293,14.826376,120.27213,22:29:07,22:36:02,Partly Cloudy
2828,2024-08-01,14.820026,120.28402,14.839157,120.284986,18:23:44,18:38:04,Mostly Clear
2829,2024-04-19,14.819446,120.278302,14.842469,120.287582,12:40:49,12:49:57,Light Drizzle
2830,2024-11-24,14.825434,120.280699,14.887806,120.237795,08:23:21,09:12:39,Drizzle
2831,2024-07-01,14.819138,120.283906,14.828747,120.287312,18:03:23,18:10:22,Heavy Rain
2832,2024-05-18,14.82663,120.28315,14.827662,120.281845,08:47:08,08:51:45,Light Drizzle
2833,2024-02-24,14.839398,120.284176,14.819998,120.284262,16:29:26,16:39:44,Partly Cloudy
2834,2024-07-18,14.82969,120.28716,14.82768,120.280161,20:12:50,20:17:38,Light Rain
2835,2024-06-20,14.820141,120.276871,14.819086,120.284071,16:16:17,16:21:16,Dense Drizzle
2836,2024-01-17,14.873783,120.236005,14.841871,120.287033,07:47:02,08:32:01,Clear
2837,2024-10-22,14.823659,120.300606,14.836961,120.277295,07:22:14,07:37:17,Mostly Clear
2838,2024-03-14,14.8488,120.255094,14.776086,120.30794,08:55:21,09:33:11,Rime Fog
2839,2024-08-18,14.818033,120.281333,14.824681,120.282914,16:48:56,16:54:03,Partly Cloudy
2840,2024-03-25,14.838297,120.283277,14.82079,120.278481,18:02:17,18:14:43,Dense Drizzle
2841,2024-03-27,14.828879,120.286939,14.825183,120.283615,08:23:20,08:28:03,Cloudy
2842,2024-01-18,14.80608,120.32277,14.820942,120.276889,17:03:09,17:36:56,Clear
2843,2024-12-04,14.843352,120.286994,14.829391,120.287174,17:21:00,17:29:14,Clear
2844,2024-10-02,14.822912,120.301436,14.76434,120.253161,13:55:05,14:25:05,Clear
2845,2024-02-29,14.81795,120.281248,14.822158,120.30111,18:07:11,18:21:24,Mostly Clear
2846,2024-10-06,14.815675,120.283365,14.821141,120.271078,18:50:55,18:58:26,Rain
2847,2024-04-30,14.868094,120.29216,14.82447,120.283014,08:35:13,09:02:22,Mostly Clear
2848,2024-09-24,14.827615,120.280175,14.826158,120.283175,17:34:01,17:36:32,Cloudy
2849,2024-01-03,14.797894,120.271981,14.824674,120.280243,16:02:15,16:12:48,Partly Cloudy
2850,2024-10-23,14.823349,120.300583,14.833257,120.281772,07:46:45,07:57:49,Rain
2851,2024-09-18,14.815935,120.283021,14.829713,120.287694,17:43:30,17:56:07,Fog
2852,2024-01-16,14.837022,120.290176,14.839592,120.283585,17:16:01,17:21:54,Cloudy
2853,2024-12-19,14.843685,120.285272,14.840495,120.286999,22:30:11,22:34:29,Clear
2854,2024-04-05,14.877595,120.235016,14.849523,120.264865,18:23:06,18:50:03,Clear
2855,2024-04-12,14.815471,120.283336,14.817504,120.284895,08:00:47,08:03:41,Light Drizzle
2856,2024-12-03,14.829749,120.286866,14.805998,120.321974,08:36:07,08:55:03,Light Drizzle
2857,2024-02-02,14.819386,120.279168,14.824037,120.300389,15:56:47,16:08:08,Mostly Clear
2858,2024-08-14,14.887494,120.237617,14.819996,120.284471,17:12:24,17:54:12,Mostly Clear
2859,2024-11-06,14.849299,120.264958,14.820382,120.283621,07:12:07,07:28:35,Rain
2860,2024-04-08,14.819837,120.278785,14.828245,120.285469,09:42:46,09:49:46,Drizzle
2861,2024-10-03,14.836843,120.278809,14.819227,120.28408,17:32:47,17:42:43,Thunderstorm with Hail
2862,2024-02-03,14.827209,120.287184,14.828279,120.286265,09:38:43,09:41:07,Mostly Clear
2863,2024-05-13,14.824419,120.279619,14.830143,120.299115,11:15:59,11:24:17,Clear
2864,2024-07-22,14.818857,120.279029,14.825549,120.280414,10:36:41,10:41:06,Light Drizzle
2865,2024-10-20,14.824438,120.289736,14.817752,120.281451,09:48:36,09:55:43,Partly Cloudy
2866,2024-08-02,14.820089,120.284271,14.819199,120.283731,08:27:07,08:31:40,Light Rain
2867,2024-05-01,14.828879,120.285275,14.806041,120.323142,07:44:16,08:06:30,Partly Cloudy
2868,2024-11-14,14.839697,120.283512,14.840966,120.286683,10:38:27,10:40:41,Cloudy
2869,2024-08-15,14.824197,120.280568,14.764798,120.252675,18:20:47,19:00:44,Violent Rain Showers
2870,2024-06-16,14.839626,120.284601,14.824681,120.282224,12:25:53,12:32:47,Rain
2871,2024-09-01,14.825398,120.279935,14.822506,120.301354,07:52:37,08:04:50,Partly Cloudy
2872,2024-09-16,14.851202,120.262818,14.839836,120.28666,10:12:07,10:27:01,Dense Drizzle
2873,2024-12-09,14.819578,120.284671,14.837309,120.267789,19:29:56,19:44:51,Mostly Clear
2874,2024-08-03,14.827235,120.287326,14.841697,120.2825,17:04:29,17:14:54,Drizzle
2875,2024-09-23,14.818612,120.284338,14.825351,120.27749,16:49:42,16:56:02,Dense Drizzle
2876,2024-05-21,14.820022,120.283865,14.848997,120.314926,19:53:49,20:11:16,Mostly Clear
2877,2024-07-18,14.88752,120.236934,14.82684,120.279647,19:23:31,20:30:51,Cloudy
2878,2024-04-28,14.836155,120.286578,14.821134,120.27835,19:56:28,20:05:22,Mostly Clear
2879,2024-04-26,14.823444,120.279067,14.829965,120.299071,17:23:46,17:40:45,Clear
2880,2024-10-26,14.820577,120.275953,14.836534,120.290068,05:04:50,05:15:06,Partly Cloudy
2881,2024-05-03,14.842906,120.282186,14.835939,120.28651,08:01:16,08:10:21,Cloudy
2882,2024-11-20,14.823703,120.279525,14.82378,120.289308,19:55:26,20:02:56,Light Rain
2883,2024-05-10,14.820761,120.28317,14.877241,120.232779,22:16:51,22:43:26,Partly Cloudy
2884,2024-11-16,14.828318,120.284882,14.838619,120.285552,11:18:45,11:25:18,Rain
2885,2024-02-21,14.820433,120.283699,14.819846,120.276208,16:10:05,16:14:00,Partly Cloudy
2886,2024-09-23,14.851474,120.256268,14.837796,120.286018,06:34:51,07:00:46,Dense Drizzle
2887,2024-07-01,14.856698,120.289852,14.824757,120.280866,17:50:22,18:13:08,Dense Drizzle
2888,2024-03-24,14.827907,120.286387,14.819299,120.284109,06:14:32,06:21:21,Partly Cloudy
2889,2024-09-02,14.82424,120.279768,14.849121,120.290592,19:15:39,19:29:25,Thunderstorm
2890,2024-04-20,14.851555,120.256649,14.828756,120.287089,12:34:42,12:46:46,Mostly Clear
2891,2024-06-18,14.820753,120.278022,14.824546,120.28237,05:04:00,05:08:58,Light Drizzle
2892,2024-06-07,14.84879,120.315091,14.821523,120.273949,07:17:03,07:41:08,Clear
2893,2024-06-25,14.764476,120.253097,14.829341,120.28716,22:57:40,23:29:39,Partly Cloudy
2894,2024-09-06,14.76459,120.252782,14.822717,120.28809,17:09:58,17:59:21,Light Rain
2895,2024-08-06,14.83305,120.282428,14.826116,120.283222,21:47:13,21:51:14,Heavy Rain
2896,2024-09-07,14.848727,120.290709,14.83953,120.285244,06:13:19,06:21:49,Partly Cloudy
2897,2024-11-02,14.82821,120.294472,14.827102,120.287766,19:19:55,19:24:25,Cloudy
2898,2024-05-29,14.836958,120.28347,14.829382,120.287035,13:34:27,13:38:54,Partly Cloudy
2899,2024-07-06,14.7643,120.253159,14.820652,120.284079,05:25:29,06:04:28,Rain
2900,2024-06-18,14.827562,120.280141,14.824513,120.289601,18:55:10,19:04:55,Cloudy
2901,2024-09-16,14.824426,120.280536,14.805592,120.32345,10:32:23,10:57:44,Mostly Clear
2902,2024-06-20,14.849081,120.314314,14.825038,120.277219,06:35:00,06:59:58,Rain
2903,2024-09-18,14.835224,120.282721,14.848756,120.290856,18:40:05,18:52:14,Partly Cloudy
2904,2024-09-13,14.77183,120.257783,14.837172,120.26797,12:36:38,13:00:54,Light Drizzle
2905,2024-06-22,14.825027,120.277333,14.848967,120.26428,18:41:43,18:57:21,Light Drizzle
2906,2024-05-02,14.835076,120.288697,14.82097,120.279243,19:34:39,19:49:11,Light Rain
2907,2024-02-01,14.832613,120.282655,14.882042,120.236412,19:31:23,20:22:11,Clear
2908,2024-09-20,14.828731,120.280966,14.822626,120.301858,18:20:17,18:33:18,Rain
2909,2024-08-26,14.821605,120.283052,14.842765,120.287145,15:53:50,16:03:13,Light Rain
2910,2024-02-21,14.85696,120.289575,14.837758,120.279103,19:13:24,19:25:24,Clear
2911,2024-11-02,14.829092,120.281431,14.82046,120.27657,09:52:23,09:59:02,Clear
2912,2024-03-27,14.823533,120.288866,14.824623,120.280589,13:52:04,13:56:52,Cloudy
2913,2024-04-15,14.876892,120.232682,14.842556,120.287905,20:16:56,20:41:57,Partly Cloudy
2914,2024-05-04,14.824382,120.28941,14.830173,120.299038,22:30:56,22:36:00,Partly Cloudy
2915,2024-04-29,14.820531,120.276786,14.829224,120.287266,20:20:56,20:31:00,Cloudy
2916,2024-02-20,14.838785,120.283561,14.79252,120.294641,19:26:15,19:47:32,Clear
2917,2024-01-28,14.887826,120.237196,14.791919,120.294507,19:52:45,21:05:23,Rain
2918,2024-12-08,14.82617,120.282812,14.820791,120.284212,20:37:01,20:41:02,Cloudy
2919,2024-11-30,14.828775,120.280432,14.835304,120.282263,11:54:40,12:00:17,Dense Drizzle
2920,2024-10-20,14.836363,120.290274,14.851673,120.256384,19:05:31,19:24:40,Cloudy
2921,2024-08-02,14.764952,120.293559,14.826977,120.282899,18:11:05,18:42:50,Partly Cloudy
2922,2024-11-21,14.829136,120.282243,14.815741,120.284131,21:52:13,21:57:17,Partly Cloudy
2923,2024-11-06,14.82054,120.284811,14.830579,120.273786,19:20:01,19:28:12,Cloudy
2924,2024-06-29,14.839693,120.284167,14.836616,120.289886,19:57:48,20:03:14,Partly Cloudy
2925,2024-05-25,14.821143,120.275531,14.821011,120.274927,08:51:23,08:54:30,Clear
2926,2024-10-13,14.842874,120.281817,14.836168,120.287101,05:16:15,05:21:40,Rain Showers
2927,2024-06-23,14.82919,120.287348,14.817512,120.284712,06:31:31,06:39:10,Partly Cloudy
2928,2024-02-20,14.837662,120.28345,14.819165,120.284391,17:14:55,17:31:44,Partly Cloudy
2929,2024-11-05,14.826852,120.280348,14.836612,120.28318,18:29:13,18:35:24,Heavy Rain Showers
2930,2024-04-25,14.818859,120.283873,14.847562,120.25456,08:17:51,08:35:46,Drizzle
2931,2024-11-04,14.877395,120.234982,14.823152,120.287421,10:35:07,11:11:41,Light Rain
2932,2024-06-12,14.815731,120.283502,14.824282,120.300834,17:12:18,17:22:29,Light Rain
2933,2024-11-16,14.792045,120.293723,14.822758,120.301912,05:55:01,06:09:48,Drizzle
2934,2024-12-01,14.83649,120.290699,14.776477,120.307973,15:48:10,16:26:31,Mostly Clear
2935,2024-11-13,14.764844,120.253628,14.822387,120.301399,20:27:59,21:08:47,Thunderstorm with Hail
2936,2024-05-28,14.839598,120.283438,14.849309,120.25526,13:11:02,13:27:50,Mostly Clear
2937,2024-09-16,14.835069,120.288027,14.8392,120.284311,07:22:54,07:27:57,Clear
2938,2024-03-11,14.826838,120.280006,14.771662,120.257798,17:01:02,17:32:04,Mostly Clear
2939,2024-11-23,14.821451,120.273888,14.820215,120.284493,09:47:44,09:55:43,Clear
2940,2024-03-22,14.818352,120.28425,14.838078,120.278582,07:08:21,07:21:13,Clear
2941,2024-08-20,14.829238,120.287055,14.842592,120.287811,16:46:59,16:55:53,Light Rain
2942,2024-12-10,14.820736,120.276675,14.848891,120.315962,06:27:38,06:55:24,Mostly Clear
2943,2024-05-10,14.84233,120.287244,14.821271,120.271615,18:47:54,19:00:26,Clear
2944,2024-03-28,14.838553,120.283649,14.828116,120.286353,13:38:50,13:45:04,Light Rain
2945,2024-12-01,14.843609,120.285588,14.806027,120.322686,05:44:41,06:12:24,Fog
2946,2024-04-30,14.843525,120.285548,14.817954,120.284011,20:38:23,20:52:04,Clear
2947,2024-05-13,14.819783,120.284206,14.792025,120.294075,19:50:03,20:04:38,Clear
2948,2024-05-14,14.792148,120.293773,14.821007,120.283858,15:23:48,15:40:19,Heavy Rain
2949,2024-06-04,14.824771,120.282494,14.821458,120.278393,18:20:25,18:24:28,Mostly Clear
2950,2024-06-11,14.820186,120.283319,14.826403,120.272855,17:21:33,17:28:40,Rain
2951,2024-05-25,14.843473,120.286094,14.819199,120.283987,08:41:36,08:54:59,Mostly Clear
2952,2024-06-11,14.805892,120.322855,14.822293,120.272426,18:22:28,18:49:11,Drizzle
2953,2024-09-03,14.806299,120.322833,14.792057,120.29426,19:18:04,19:34:55,Clear
2954,2024-02-16,14.776078,120.308627,14.838763,120.284031,17:48:15,18:23:03,Clear
2955,2024-08-01,14.837371,120.267867,14.878259,120.235303,10:28:22,10:47:14,Cloudy
2956,2024-01-27,14.826601,120.280475,14.847808,120.254498,17:04:32,17:18:29,Clear
2957,2024-09-12,14.818947,120.28391,14.836573,120.286506,06:58:09,07:09:54,Rain
2958,2024-10-06,14.877091,120.232959,14.836414,120.278273,22:24:36,22:46:08,Clear
2959,2024-02-26,14.8821,120.236507,14.839941,120.285276,06:50:51,07:18:23,Mostly Clear
2960,2024-07-16,14.826415,120.283409,14.820186,120.283771,06:04:57,06:10:05,Mostly Clear
2961,2024-02-12,14.837314,120.283732,14.764598,120.293529,21:50:09,22:14:24,Heavy Rain
2962,2024-03-28,14.836218,120.289729,14.839658,120.285438,19:49:08,19:52:39,Clear
2963,2024-07-24,14.830825,120.288302,14.836392,120.290644,08:08:00,08:12:00,Heavy Rain
2964,2024-11-10,14.818262,120.280767,14.839261,120.284293,18:39:27,18:53:36,Cloudy
2965,2024-11-29,14.81888,120.284819,14.881949,120.236599,17:58:40,18:50:40,Partly Cloudy
2966,2024-07-27,14.822478,120.272825,14.817339,120.283824,17:15:44,17:21:52,Rain Showers
2967,2024-03-29,14.823786,120.279026,14.848426,120.254071,14:27:20,14:45:28,Mostly Clear
2968,2024-11-17,14.820127,120.275696,14.838448,120.285407,08:01:46,08:12:08,Thunderstorm
2969,2024-04-20,14.821576,120.279144,14.817307,120.283725,07:46:15,07:51:32,Partly Cloudy
2970,2024-11-20,14.840199,120.28679,14.828204,120.294781,06:53:44,07:01:28,Partly Cloudy
2971,2024-02-15,14.821215,120.278888,14.839019,120.284264,08:49:33,08:58:15,Partly Cloudy
2972,2024-02-02,14.82707,120.279289,14.82151,120.275917,18:56:40,19:02:04,Clear
2973,2024-11-25,14.823776,120.289649,14.83621,120.283643,06:00:02,06:13:06,Mostly Clear
2974,2024-04-11,14.839598,120.28404,14.838143,120.286374,14:51:28,14:55:06,Rime Fog
2975,2024-08-31,14.805305,120.323115,14.8271,120.287536,12:06:17,12:23:57,Light Rain
2976,2024-02-27,14.829531,120.29928,14.819835,120.283633,08:12:53,08:21:47,Clear
2977,2024-08-30,14.81913,120.283845,14.824031,120.280463,19:18:31,19:23:12,Mostly Clear
2978,2024-05-27,14.840189,120.286312,14.852045,120.256777,17:46:41,18:07:43,Clear
2979,2024-11-28,14.8738,120.235946,14.838448,120.283743,08:39:34,09:01:17,Dense Drizzle
2980,2024-03-06,14.76466,120.253546,14.841403,120.286987,22:22:12,22:59:28,Clear
2981,2024-07-02,14.819331,120.284243,14.82072,120.275505,08:53:31,09:00:34,Rain
2982,2024-11-19,14.877701,120.23331,14.842875,120.28805,07:27:37,08:09:12,Dense Drizzle
2983,2024-02-12,14.83668,120.277847,14.797333,120.272175,13:50:52,14:07:44,Clear
2984,2024-04-13,14.839978,120.286169,14.823894,120.280011,14:05:49,14:14:27,Partly Cloudy
2985,2024-08-29,14.829805,120.286869,14.857043,120.290066,06:25:42,06:44:25,Light Rain
2986,2024-06-09,14.830464,120.289555,14.841597,120.286694,22:25:33,22:29:57,Cloudy
2987,2024-11-22,14.829429,120.287479,14.827798,120.295226,13:19:01,13:24:16,Cloudy
2988,2024-03-27,14.841324,120.286518,14.836447,120.290145,06:35:20,06:39:45,Mostly Clear
2989,2024-11-27,14.856901,120.289909,14.837125,120.278012,16:18:43,16:29:02,Heavy Rain Showers
2990,2024-09-07,14.815969,120.283168,14.829117,120.280543,08:56:18,09:05:32,Heavy Rain
2991,2024-12-27,14.823938,120.289417,14.829264,120.279746,07:47:22,07:53:57,Dense Drizzle
2992,2024-10-21,14.841074,120.283177,14.820701,120.27569,13:01:32,13:10:37,Mostly Clear
2993,2024-05-10,14.829668,120.299174,14.824535,120.280145,19:45:16,19:54:41,Clear
2994,2024-02-04,14.827171,120.280088,14.848579,120.314595,17:57:32,18:30:50,Cloudy
2995,2024-10-13,14.77633,120.308063,14.837709,120.268111,09:39:34,10:03:41,Light Rain
2996,2024-02-22,14.887342,120.238188,14.848656,120.255157,18:45:28,19:21:46,Cloudy
2997,2024-08-11,14.835645,120.281774,14.820772,120.275551,18:31:12,18:41:39,Light Rain
2998,2024-06-25,14.828583,120.287452,14.822545,120.301374,07:27:42,07:36:59,Light Rain
2999,2024-05-08,14.873553,120.235307,14.822095,120.298769,06:34:05,07:25:57,Light Rain
3000,2024-08-13,14.823341,120.289327,14.822873,120.301578,08:18:27,08:27:00,Partly Cloudy
3001,2024-06-15,14.817815,120.281416,14.824927,120.279871,18:17:52,18:23:27,Drizzle
3002,2024-08-07,14.829015,120.280374,14.805849,120.322924,11:34:31,11:54:09,Dense Drizzle
3003,2024-11-23,14.815615,120.282647,14.792363,120.294266,17:01:27,17:19:55,Clear
3004,2024-08-03,14.835373,120.282388,14.837615,120.267507,21:03:55,21:09:21,Light Rain
3005,2024-12-16,14.817904,120.281266,14.805578,120.32208,07:57:07,08:17:59,Clear
3006,2024-12-16,14.819914,120.283757,14.832432,120.282638,17:43:46,17:54:47,Mostly Clear
3007,2024-09-17,14.805791,120.322373,14.837372,120.267535,19:29:33,20:12:41,Clear
3008,2024-11-04,14.81931,120.279188,14.852178,120.256064,14:04:41,14:21:31,Clear
3009,2024-11-28,14.837382,120.282684,14.831166,120.288935,22:49:47,22:55:36,Light Drizzle
3010,2024-09-25,14.831018,120.288639,14.805886,120.322873,06:11:24,06:46:59,Rain
3011,2024-04-24,14.828321,120.28507,14.805625,120.321976,08:18:38,08:37:40,Clear
3012,2024-10-29,14.820341,120.275409,14.822606,120.301593,07:13:33,07:28:04,Partly Cloudy
3013,2024-02-04,14.825357,120.282716,14.820253,120.274929,22:14:54,22:19:58,Rime Fog
3014,2024-12-31,14.829522,120.287299,14.873223,120.236034,11:59:04,12:18:59,Clear
3015,2024-02-23,14.816155,120.283028,14.823821,120.27892,15:02:13,15:06:07,Clear
3016,2024-11-16,14.828829,120.28136,14.818184,120.2808,19:57:30,20:04:43,Drizzle
3017,2024-03-31,14.820849,120.275311,14.84931,120.263994,18:08:31,18:26:45,Clear
3018,2024-05-20,14.841867,120.282304,14.818666,120.278895,21:55:46,22:10:10,Clear
3019,2024-02-17,14.820364,120.284666,14.837583,120.267528,18:20:59,18:34:10,Rain
3020,2024-03-03,14.820627,120.28359,14.877313,120.234504,19:12:54,20:20:56,Partly Cloudy
3021,2024-08-05,14.887746,120.237527,14.839804,120.284067,22:17:19,22:40:42,Drizzle
3022,2024-01-21,14.764428,120.292539,14.82325,120.30087,18:27:57,19:06:40,Clear
3023,2024-12-29,14.820748,120.278752,14.815796,120.283805,06:46:37,06:51:53,Fog
3024,2024-06-16,14.825041,120.281882,14.842818,120.28186,18:56:20,19:07:16,Clear
3025,2024-03-24,14.851149,120.263856,14.8189,120.283669,06:44:51,07:05:33,Mostly Clear
3026,2024-03-15,14.837883,120.283204,14.877136,120.23295,12:31:28,13:09:34,Mostly Clear
3027,2024-09-27,14.822328,120.272971,14.823385,120.30085,14:17:07,14:27:39,Drizzle
3028,2024-11-09,14.82507,120.279761,14.826537,120.273374,11:32:12,11:36:32,Cloudy
3029,2024-03-03,14.825478,120.28073,14.827841,120.286871,11:35:55,11:41:51,Partly Cloudy
3030,2024-12-29,14.848852,120.290848,14.837801,120.285496,11:30:34,11:37:58,Partly Cloudy
3031,2024-01-16,14.829264,120.28653,14.837612,120.283395,11:59:18,12:03:54,Partly Cloudy
3032,2024-04-04,14.805618,120.32299,14.82022,120.275204,18:25:28,18:57:20,Mostly Clear
3033,2024-10-22,14.8381,120.28572,14.817113,120.284492,19:50:36,20:04:54,Partly Cloudy
3034,2024-10-11,14.842418,120.288129,14.825962,120.272284,15:12:24,15:26:11,Partly Cloudy
3035,2024-07-23,14.82705,120.286683,14.824767,120.276911,07:11:16,07:18:19,Partly Cloudy
3036,2024-04-26,14.836552,120.283066,14.821139,120.274875,18:33:49,18:42:55,Light Drizzle
3037,2024-06-09,14.824632,120.277293,14.824989,120.280829,13:04:55,13:09:08,Heavy Rain Showers
3038,2024-06-13,14.834809,120.287588,14.776029,120.307932,07:39:36,08:09:48,Dense Drizzle
3039,2024-06-14,14.840225,120.286797,14.836855,120.283536,11:02:00,11:06:34,Drizzle
3040,2024-12-20,14.839425,120.285423,14.852096,120.263125,19:44:02,19:59:12,Clear
3041,2024-06-24,14.792035,120.294345,14.818873,120.284361,05:01:25,05:12:17,Light Drizzle
3042,2024-12-04,14.828756,120.285808,14.839301,120.284937,07:16:20,07:25:55,Partly Cloudy
3043,2024-12-01,14.828829,120.286944,14.835321,120.282069,08:38:12,08:44:04,Clear
3044,2024-08-08,14.824885,120.282611,14.828944,120.280423,11:26:57,11:29:47,Rain
3045,2024-01-13,14.838336,120.285833,14.822537,120.287204,20:50:38,20:59:20,Light Drizzle
3046,2024-07-22,14.839602,120.283486,14.82198,120.298462,17:00:49,17:13:19,Cloudy
3047,2024-05-14,14.828992,120.287683,14.84853,120.254481,16:22:47,16:35:40,Clear
3048,2024-08-07,14.824153,120.289337,14.851274,120.256446,06:39:49,07:05:21,Light Rain
3049,2024-01-25,14.823208,120.300034,14.836066,120.290776,14:00:37,14:07:39,Cloudy
3050,2024-04-23,14.772202,120.258238,14.841781,120.286852,05:26:25,05:58:43,Fog
3051,2024-11-25,14.833355,120.282045,14.849103,120.254514,18:31:34,18:48:30,Clear
3052,2024-04-07,14.848159,120.254602,14.820886,120.284288,08:50:49,09:12:59,Mostly Clear
3053,2024-05-08,14.83965,120.285003,14.819747,120.283549,11:10:05,11:18:40,Partly Cloudy
3054,2024-10-09,14.82333,120.287393,14.832403,120.282007,06:00:39,06:08:22,Heavy Rain
3055,2024-09-20,14.819547,120.283958,14.849544,120.254426,18:26:20,18:57:58,Drizzle
3056,2024-12-24,14.836648,120.286076,14.827176,120.279768,16:07:20,16:13:16,Rain
3057,2024-08-20,14.820063,120.283994,14.792002,120.29485,17:30:29,17:47:09,Drizzle
3058,2024-02-28,14.817586,120.283976,14.764448,120.253041,12:27:26,12:56:09,Fog
3059,2024-07-21,14.820411,120.276385,14.851751,120.262892,18:18:54,18:35:54,Clear
3060,2024-12-05,14.839983,120.284615,14.828053,120.282218,06:14:57,06:24:15,Mostly Clear
3061,2024-12-30,14.835935,120.282468,14.823932,120.289485,19:23:48,19:34:13,Clear
3062,2024-04-06,14.828217,120.294756,14.823983,120.289335,19:50:12,19:55:56,Mostly Clear
3063,2024-10-06,14.776041,120.307654,14.849018,120.264809,18:42:12,19:22:49,Light Drizzle
3064,2024-08-02,14.824056,120.279778,14.842767,120.287346,18:21:28,18:32:31,Partly Cloudy
3065,2024-10-26,14.839422,120.285026,14.830344,120.274087,21:08:18,21:16:00,Dense Drizzle
3066,2024-01-25,14.82377,120.279379,14.8377,120.28327,21:42:24,21:48:27,Cloudy
3067,2024-07-14,14.839715,120.285123,14.828435,120.285301,12:27:43,12:33:13,Clear
3068,2024-11-12,14.847997,120.254599,14.829385,120.281552,08:31:32,08:50:58,Dense Drizzle
3069,2024-07-02,14.839382,120.283277,14.825596,120.282226,19:31:54,19:40:54,Clear
3070,2024-10-03,14.824304,120.30074,14.815847,120.282875,07:45:10,08:00:35,Clear
3071,2024-12-09,14.8292,120.28725,14.837783,120.279263,08:07:43,08:16:44,Clear
3072,2024-04-15,14.792067,120.294575,14.830783,120.289027,11:53:27,12:07:57,Clear
3073,2024-04-17,14.820623,120.275918,14.825348,120.279555,07:48:52,07:53:53,Clear
3074,2024-12-12,14.805494,120.322249,14.839542,120.283576,20:37:27,20:59:59,Light Drizzle
3075,2024-12-24,14.82871,120.281712,14.839179,120.284601,08:15:07,08:25:05,Partly Cloudy
3076,2024-05-27,14.839103,120.283788,14.819149,120.284132,10:27:02,10:37:01,Drizzle
3077,2024-04-06,14.821314,120.271553,14.841239,120.286466,19:19:23,19:34:45,Clear
3078,2024-09-20,14.791723,120.294579,14.830278,120.289354,16:43:56,17:00:21,Light Rain
3079,2024-02-10,14.824116,120.290065,14.820367,120.275651,17:14:41,17:24:22,Clear
3080,2024-06-18,14.82973,120.299045,14.820948,120.275409,15:18:36,15:31:08,Partly Cloudy
3081,2024-01-19,14.823869,120.279159,14.818026,120.281329,11:21:44,11:25:48,Fog
3082,2024-08-09,14.8496,120.254541,14.821088,120.275521,22:36:40,22:49:38,Mostly Clear
3083,2024-10-06,14.829256,120.287492,14.821007,120.27555,17:51:13,18:01:02,Mostly Clear
3084,2024-06-30,14.841697,120.282921,14.820005,120.283572,09:16:08,09:26:38,Cloudy
3085,2024-06-21,14.764457,120.293066,14.828204,120.281542,12:20:07,12:42:53,Drizzle
3086,2024-11-06,14.843342,120.286292,14.82473,120.283015,08:19:11,08:31:00,Clear
3087,2024-06-23,14.83905,120.285306,14.822837,120.287273,17:11:12,17:25:53,Rain
3088,2024-06-17,14.848026,120.254546,14.836461,120.290185,08:37:14,08:58:29,Light Drizzle
3089,2024-11-06,14.820279,120.283541,14.822287,120.272545,17:36:41,17:43:47,Clear
3090,2024-05-28,14.851561,120.262987,14.797841,120.272056,07:54:58,08:31:42,Mostly Clear
3091,2024-08-10,14.828214,120.294897,14.83898,120.2837,19:23:52,19:33:48,Partly Cloudy
3092,2024-08-24,14.830326,120.289544,14.835939,120.282561,18:46:23,18:51:40,Light Drizzle
3093,2024-01-22,14.83628,120.286383,14.829191,120.287346,19:48:21,19:52:45,Clear
3094,2024-06-25,14.839677,120.283436,14.824292,120.279729,16:27:02,16:35:49,Rain
3095,2024-11-12,14.820217,120.276029,14.82481,120.276926,07:47:06,07:51:50,Partly Cloudy
3096,2024-07-31,14.824801,120.276683,14.828422,120.285707,17:51:26,17:58:25,Partly Cloudy
3097,2024-10-01,14.821987,120.271719,14.841179,120.285766,15:18:45,15:31:23,Light Rain
3098,2024-04-05,14.824343,120.28002,14.772512,120.258174,18:32:54,19:12:18,Clear
3099,2024-09-06,14.828795,120.285872,14.820666,120.284066,07:37:45,07:44:03,Mostly Clear
3100,2024-06-28,14.836748,120.286829,14.823201,120.288092,11:31:38,11:38:32,Cloudy
3101,2024-08-27,14.877361,120.233732,14.819557,120.283763,08:07:20,08:37:08,Rain Showers
3102,2024-04-30,14.84803,120.254459,14.827924,120.295046,06:38:26,07:07:57,Cloudy
3103,2024-01-16,14.849761,120.265188,14.824662,120.282905,21:41:19,21:56:53,Clear
3104,2024-06-05,14.836364,120.290053,14.792441,120.293983,17:21:05,17:49:03,Light Rain
3105,2024-08-16,14.823654,120.279413,14.789708,120.28223,20:13:45,20:30:01,Drizzle
3106,2024-01-01,14.849195,120.315735,14.877561,120.231689,14:18:00,14:54:38,Clear
3107,2024-08-23,14.82166,120.278501,14.838264,120.28335,07:56:21,08:09:28,Drizzle
3108,2024-04-12,14.829178,120.28704,14.835696,120.287245,14:59:19,15:03:36,Mostly Clear
3109,2024-08-02,14.887705,120.238024,14.841568,120.282898,18:39:27,19:35:30,Cloudy
3110,2024-10-14,14.820536,120.284091,14.815187,120.283871,22:35:08,22:38:06,Rain
3111,2024-05-24,14.836384,120.290247,14.825018,120.281885,16:22:07,16:30:54,Rain
3112,2024-03-17,14.82797,120.286492,14.841372,120.286458,19:56:11,20:05:50,Clear
3113,2024-04-07,14.821081,120.275437,14.82945,120.280629,07:33:38,07:41:28,Cloudy
3114,2024-02-06,14.823161,120.299982,14.819285,120.278189,07:13:01,07:23:33,Partly Cloudy
3115,2024-01-19,14.841214,120.282654,14.819551,120.284233,06:50:13,07:02:25,Cloudy
3116,2024-08-28,14.823316,120.289728,14.837157,120.268091,11:34:52,11:49:10,Drizzle
3117,2024-12-31,14.764539,120.292526,14.837894,120.286,07:51:55,08:26:16,Mostly Clear
3118,2024-06-07,14.820949,120.284315,14.792044,120.29441,16:40:19,16:53:58,Clear
3119,2024-01-03,14.82418,120.301161,14.835996,120.286047,08:13:37,08:29:28,Heavy Rain Showers
3120,2024-08-20,14.851685,120.25709,14.876507,120.232171,12:36:21,12:52:10,Heavy Rain Showers
3121,2024-03-13,14.817909,120.281188,14.824642,120.283168,12:41:16,12:45:36,Cloudy
3122,2024-09-23,14.830805,120.289067,14.823508,120.300574,13:55:07,14:00:26,Light Rain
3123,2024-05-30,14.826976,120.28728,14.833464,120.281856,07:59:10,08:04:49,Mostly Clear
3124,2024-02-07,14.828431,120.280713,14.836607,120.278414,09:26:18,09:33:33,Clear
3125,2024-02-21,14.823036,120.300479,14.851814,120.262482,10:53:38,11:11:08,Mostly Clear
3126,2024-03-02,14.84282,120.286894,14.819445,120.283624,05:06:18,05:17:34,Partly Cloudy
3127,2024-02-19,14.805806,120.32296,14.849547,120.26507,05:34:07,06:13:43,Mostly Clear
3128,2024-10-25,14.820405,120.284104,14.82906,120.280281,19:35:35,19:45:01,Light Rain
3129,2024-06-27,14.817191,120.281402,14.82149,120.2754,05:41:52,05:47:20,Partly Cloudy
3130,2024-12-26,14.827014,120.287631,14.805813,120.32311,08:11:19,08:35:09,Partly Cloudy
3131,2024-04-23,14.818934,120.278484,14.82395,120.289444,17:48:01,17:55:21,Clear
3132,2024-01-14,14.829981,120.274255,14.825181,120.281651,07:04:30,07:11:41,Clear
3133,2024-11-02,14.822763,120.287184,14.827089,120.280201,07:49:33,07:57:36,Rain Showers
3134,2024-09-12,14.827972,120.281406,14.848889,120.254648,10:05:50,10:26:16,Drizzle
3135,2024-05-19,14.84156,120.2869,14.824076,120.289049,17:30:47,17:41:19,Clear
3136,2024-10-06,14.789776,120.282669,14.817896,120.281217,16:36:13,16:50:29,Rain Showers
3137,2024-12-21,14.78969,120.282626,14.832778,120.285847,17:53:26,18:19:40,Rain
3138,2024-03-01,14.832441,120.281876,14.791758,120.29421,17:06:33,17:33:21,Mostly Clear
3139,2024-06-22,14.837005,120.283867,14.835422,120.281635,17:22:01,17:25:27,Cloudy
3140,2024-12-08,14.828384,120.295652,14.820305,120.284537,16:47:12,16:54:20,Clear
3141,2024-03-04,14.83474,120.281867,14.815519,120.316674,05:04:45,05:23:40,Light Drizzle
3142,2024-06-25,14.839249,120.285325,14.831042,120.289264,19:36:42,19:45:42,Clear
3143,2024-06-15,14.825325,120.281882,14.836912,120.268309,10:43:58,10:52:55,Fog
3144,2024-04-08,14.822937,120.287668,14.82059,120.275607,14:56:17,15:04:48,Partly Cloudy
3145,2024-08-31,14.824481,120.282298,14.843266,120.285992,15:58:45,16:10:09,Mostly Clear
3146,2024-05-19,14.830802,120.274176,14.820421,120.275873,21:39:29,21:46:22,Cloudy
3147,2024-01-19,14.842509,120.287539,14.819067,120.283278,18:21:59,18:35:50,Drizzle
3148,2024-08-14,14.820645,120.283995,14.824761,120.279436,18:55:01,18:59:20,Rain
3149,2024-12-02,14.873021,120.235136,14.828764,120.295206,12:13:35,12:42:33,Mostly Clear
3150,2024-12-17,14.830313,120.273958,14.843606,120.286002,13:53:28,14:01:29,Mostly Clear
3151,2024-05-31,14.817924,120.281249,14.849117,120.29079,18:51:57,19:15:00,Cloudy
3152,2024-12-06,14.835623,120.286054,14.823596,120.288884,18:36:59,18:44:56,Mostly Clear
3153,2024-08-02,14.840463,120.286576,14.842198,120.287641,08:23:07,08:26:28,Mostly Clear
3154,2024-01-14,14.832906,120.28245,14.825109,120.282449,19:44:21,19:50:19,Mostly Clear
3155,2024-03-21,14.823601,120.289215,14.818034,120.281285,06:01:10,06:07:20,Partly Cloudy
3156,2024-01-15,14.836591,120.283789,14.764328,120.293106,21:29:11,22:10:34,Light Drizzle
3157,2024-09-03,14.791635,120.294928,14.836388,120.278649,14:31:30,14:46:33,Partly Cloudy
3158,2024-08-02,14.849159,120.290682,14.847619,120.254672,16:38:32,16:51:26,Dense Drizzle
3159,2024-08-12,14.821037,120.28389,14.856519,120.289312,07:23:05,07:44:42,Mostly Clear
3160,2024-12-07,14.820075,120.284226,14.839592,120.285834,17:20:06,17:33:21,Clear
3161,2024-08-16,14.82244,120.297729,14.823276,120.287378,09:01:12,09:06:44,Clear
3162,2024-07-28,14.820429,120.27632,14.840235,120.283081,16:50:33,16:59:46,Rain
3163,2024-08-28,14.876808,120.232891,14.830508,120.289288,06:09:52,07:01:46,Rain
3164,2024-12-30,14.827526,120.281542,14.848226,120.253802,19:41:53,19:57:12,Clear
3165,2024-01-08,14.83601,120.282268,14.820121,120.283958,22:22:36,22:32:33,Clear
3166,2024-03-09,14.872904,120.235008,14.776271,120.307863,07:21:09,08:35:18,Cloudy
3167,2024-03-22,14.822673,120.301585,14.823823,120.300701,15:45:07,15:49:21,Mostly Clear
3168,2024-08-14,14.830334,120.28922,14.824165,120.279683,13:52:54,13:57:15,Mostly Clear
3169,2024-12-05,14.815274,120.283949,14.835761,120.28204,09:35:50,09:45:15,Mostly Clear
3170,2024-07-18,14.82131,120.28327,14.820702,120.283629,15:13:08,15:15:28,Clear
3171,2024-03-14,14.821357,120.275563,14.826579,120.282679,08:33:17,08:41:49,Drizzle
3172,2024-08-05,14.824171,120.280451,14.822187,120.302128,18:32:57,18:48:09,Mostly Clear
3173,2024-01-22,14.832977,120.285592,14.851867,120.256925,07:37:15,08:06:17,Mostly Clear
3174,2024-04-17,14.821206,120.278648,14.805257,120.322602,07:18:53,07:46:45,Clear
3175,2024-03-22,14.834788,120.282212,14.817916,120.281636,14:01:30,14:08:51,Clear
3176,2024-11-21,14.819752,120.276116,14.82107,120.284206,17:08:13,17:14:56,Light Rain
3177,2024-06-23,14.84056,120.286784,14.836631,120.277937,20:26:34,20:32:09,Fog
3178,2024-09-23,14.823887,120.2787,14.826825,120.287052,19:13:01,19:19:22,Violent Rain Showers
3179,2024-11-29,14.805981,120.322547,14.797962,120.271549,10:53:53,11:10:24,Partly Cloudy
3180,2024-02-26,14.833263,120.282741,14.851428,120.256905,18:51:33,19:11:29,Mostly Clear
3181,2024-07-09,14.820052,120.283971,14.823201,120.287577,17:51:36,17:56:13,Clear
3182,2024-03-20,14.830288,120.28894,14.835394,120.287881,08:00:11,08:04:43,Mostly Clear
3183,2024-09-09,14.826617,120.272235,14.851707,120.256146,18:37:45,18:54:11,Light Drizzle
3184,2024-01-14,14.836743,120.286769,14.843286,120.28265,17:56:59,18:04:56,Clear
3185,2024-07-02,14.828764,120.281752,14.821306,120.283777,19:36:33,19:43:11,Light Drizzle
3186,2024-02-21,14.838859,120.284873,14.828307,120.281712,15:12:36,15:18:49,Clear
3187,2024-08-26,14.826355,120.283254,14.815511,120.284214,11:07:27,11:13:29,Mostly Clear
3188,2024-08-25,14.849347,120.264655,14.843078,120.288051,05:59:44,06:09:44,Drizzle
3189,2024-06-09,14.830879,120.289556,14.848255,120.254496,08:26:24,08:58:22,Rain
3190,2024-12-23,14.856413,120.290061,14.82672,120.283904,18:16:12,18:29:12,Partly Cloudy
3191,2024-04-24,14.806128,120.322871,14.836921,120.278293,17:41:46,18:11:58,Clear
3192,2024-12-23,14.842863,120.287564,14.817397,120.284485,05:01:56,05:12:14,Clear
3193,2024-04-15,14.822381,120.301903,14.851327,120.255567,16:42:36,17:14:36,Partly Cloudy
3194,2024-11-20,14.839782,120.284039,14.822604,120.287385,19:01:32,19:11:44,Drizzle
3195,2024-10-02,14.829175,120.287479,14.827545,120.279912,08:59:40,09:06:21,Mostly Clear
3196,2024-07-25,14.822678,120.298217,14.841525,120.287621,13:29:02,13:41:52,Cloudy
3197,2024-07-24,14.877203,120.232993,14.838742,120.284662,08:52:36,09:29:24,Light Drizzle
3198,2024-12-26,14.825879,120.283436,14.825449,120.283095,05:27:44,05:29:54,Cloudy
3199,2024-10-11,14.856616,120.289911,14.839533,120.284915,17:45:01,17:58:18,Light Drizzle
3200,2024-03-09,14.823697,120.279055,14.820861,120.276226,19:06:33,19:10:23,Clear
3201,2024-01-15,14.83666,120.278008,14.823229,120.28713,19:57:48,20:06:29,Mostly Clear
3202,2024-05-05,14.830348,120.298578,14.841369,120.286528,06:46:54,06:57:47,Clear
3203,2024-08-19,14.832516,120.28185,14.839133,120.284181,15:32:50,15:38:59,Cloudy
3204,2024-08-30,14.837005,120.289811,14.826088,120.283314,18:42:06,18:50:06,Drizzle
3205,2024-09-14,14.833507,120.282417,14.837795,120.285232,17:50:03,17:55:53,Clear
3206,2024-05-06,14.839244,120.284829,14.824073,120.289464,21:36:10,21:42:44,Clear
3207,2024-08-17,14.822681,120.300777,14.847701,120.254814,12:20:24,12:37:02,Light Rain
3208,2024-04-10,14.824051,120.289381,14.805359,120.322725,07:39:48,08:00:09,Clear
3209,2024-09-18,14.819043,120.284067,14.82774,120.294951,11:33:56,11:42:45,Mostly Clear
3210,2024-07-25,14.790397,120.281931,14.847847,120.254061,17:24:46,17:55:45,Cloudy
3211,2024-05-31,14.789658,120.281795,14.824511,120.279565,22:27:23,22:46:01,Cloudy
3212,2024-09-16,14.826441,120.272557,14.824309,120.289112,18:02:46,18:12:11,Light Rain
3213,2024-08-10,14.776112,120.30825,14.848896,120.29027,18:28:03,18:55:14,Mostly Clear
3214,2024-05-07,14.825582,120.281304,14.818451,120.28119,19:51:28,19:56:40,Cloudy
3215,2024-09-12,14.839579,120.283466,14.821263,120.283037,17:32:33,17:52:13,Drizzle
3216,2024-06-26,14.805994,120.322546,14.822717,120.301583,11:49:19,11:59:36,Cloudy
3217,2024-03-04,14.824058,120.289716,14.841487,120.285833,06:18:39,06:30:48,Partly Cloudy
3218,2024-12-21,14.836534,120.283764,14.838001,120.26812,15:11:17,15:17:35,Fog
3219,2024-08-05,14.849148,120.264364,14.817476,120.280896,08:04:32,08:19:48,Light Drizzle
3220,2024-12-08,14.835063,120.281892,14.881983,120.236554,10:11:05,10:45:46,Clear
3221,2024-05-01,14.835157,120.282283,14.848963,120.290783,18:57:45,19:08:03,Clear
3222,2024-06-03,14.819925,120.283915,14.877126,120.233321,09:22:41,09:53:36,Cloudy
3223,2024-05-30,14.828929,120.287447,14.836825,120.277461,07:54:41,08:02:23,Mostly Clear
3224,2024-11-16,14.84066,120.286624,14.836234,120.277694,18:04:19,18:11:57,Partly Cloudy
3225,2024-06-28,14.836551,120.278125,14.831183,120.28953,09:53:33,09:59:56,Heavy Rain
3226,2024-03-15,14.80599,120.32288,14.824049,120.288532,09:03:02,09:16:20,Mostly Clear
3227,2024-08-29,14.839575,120.284804,14.820137,120.284051,22:39:35,22:50:43,Light Rain
3228,2024-03-18,14.821236,120.283278,14.827125,120.281906,14:08:20,14:13:03,Clear
3229,2024-05-30,14.817896,120.28126,14.82072,120.275385,22:06:08,22:10:25,Drizzle
3230,2024-12-01,14.819738,120.284242,14.848733,120.254176,12:23:07,12:37:32,Mostly Clear
3231,2024-11-09,14.830727,120.288929,14.824015,120.289578,10:15:14,10:20:28,Light Rain
3232,2024-10-05,14.83647,120.290179,14.842388,120.288412,22:08:45,22:13:57,Partly Cloudy
3233,2024-08-16,14.838233,120.283036,14.829609,120.287472,09:48:53,09:54:03,Heavy Rain
3234,2024-07-23,14.827616,120.287199,14.820486,120.283708,07:00:13,07:06:29,Heavy Rain Showers
3235,2024-05-09,14.828756,120.282022,14.829867,120.2872,07:55:35,07:59:45,Partly Cloudy
3236,2024-05-22,14.823237,120.300277,14.825455,120.277429,06:28:27,06:43:43,Clear
3237,2024-06-02,14.838634,120.286285,14.84762,120.255182,21:34:48,21:48:39,Cloudy
3238,2024-05-15,14.827689,120.281861,14.822531,120.30079,17:47:20,17:59:32,Rain Showers
3239,2024-05-12,14.836134,120.287429,14.876834,120.232039,12:35:59,13:01:13,Partly Cloudy
3240,2024-01-03,14.821368,120.271186,14.839991,120.284643,06:46:03,07:01:14,Clear
3241,2024-03-31,14.820971,120.284444,14.836507,120.277608,05:41:45,05:51:26,Rime Fog
3242,2024-10-24,14.833153,120.28261,14.837433,120.283217,19:00:10,19:04:16,Fog
3243,2024-09-26,14.815793,120.284229,14.847948,120.25505,19:51:47,20:16:40,Cloudy
3244,2024-09-30,14.82326,120.289346,14.836364,120.282951,07:03:57,07:12:48,Rain Showers
3245,2024-02-13,14.817911,120.281258,14.867636,120.292077,10:41:55,11:01:26,Drizzle
3246,2024-02-22,14.797619,120.272693,14.838098,120.285502,09:23:37,09:42:45,Partly Cloudy
3247,2024-01-11,14.820878,120.283527,14.829726,120.29806,10:20:38,10:28:32,Mostly Clear
3248,2024-12-04,14.820708,120.283706,14.848441,120.254097,18:19:42,18:47:39,Mostly Clear
3249,2024-12-09,14.836339,120.285975,14.817551,120.283322,15:03:02,15:13:29,Clear
3250,2024-06-27,14.836378,120.286599,14.876912,120.23272,09:40:59,10:05:35,Thunderstorm
3251,2024-08-03,14.839578,120.283594,14.85171,120.256264,19:41:17,19:57:04,Partly Cloudy
3252,2024-05-11,14.830621,120.28953,14.851473,120.256494,19:09:46,19:36:55,Clear
3253,2024-01-01,14.823447,120.287434,14.815602,120.28344,20:34:03,20:40:10,Cloudy
3254,2024-10-18,14.817434,120.281258,14.771769,120.258265,13:05:42,13:30:01,Light Drizzle
3255,2024-06-26,14.797659,120.27178,14.836802,120.277948,08:35:57,09:07:13,Drizzle
3256,2024-02-05,14.82982,120.286806,14.819197,120.284306,08:20:25,08:27:28,Clear
3257,2024-12-24,14.824838,120.28065,14.816024,120.283639,07:00:21,07:07:51,Clear
3258,2024-06-15,14.830494,120.289429,14.824716,120.279619,05:34:24,05:41:28,Rain
3259,2024-08-10,14.823996,120.278457,14.837066,120.268104,18:56:36,19:12:04,Light Rain
3260,2024-07-11,14.835289,120.282046,14.851649,120.256305,22:40:42,22:54:16,Cloudy
3261,2024-05-07,14.868498,120.292649,14.820577,120.275311,10:20:21,10:41:12,Light Drizzle
3262,2024-02-18,14.824235,120.279771,14.817884,120.281841,08:55:17,09:00:28,Mostly Clear
3263,2024-02-17,14.839876,120.283667,14.826393,120.273511,07:34:19,07:45:12,Partly Cloudy
3264,2024-01-15,14.836308,120.290662,14.824489,120.28036,20:01:21,20:08:00,Clear
3265,2024-11-10,14.820917,120.283803,14.838887,120.284475,19:13:50,19:26:12,Rain
3266,2024-02-23,14.764693,120.252887,14.836219,120.28323,13:30:37,14:01:53,Mostly Clear
3267,2024-10-08,14.841753,120.282904,14.85205,120.25679,06:43:51,07:01:34,Cloudy
3268,2024-08-02,14.8877,120.238211,14.835093,120.287906,19:28:11,20:23:06,Rain
3269,2024-01-03,14.818008,120.281314,14.824297,120.288944,19:08:13,19:13:26,Partly Cloudy
3270,2024-01-09,14.818977,120.284127,14.824919,120.279904,09:34:59,09:39:17,Mostly Clear
3271,2024-10-11,14.839084,120.28484,14.817919,120.281594,13:12:43,13:25:11,Dense Drizzle
3272,2024-10-27,14.821892,120.278904,14.819259,120.284304,08:29:48,08:34:44,Clear
3273,2024-03-20,14.815547,120.283865,14.823399,120.282832,09:53:44,10:00:00,Mostly Clear
3274,2024-04-01,14.877403,120.234928,14.824488,120.289378,19:12:18,19:43:41,Drizzle
3275,2024-12-30,14.823888,120.289706,14.839587,120.284186,07:28:53,07:37:00,Rain
3276,2024-11-12,14.839063,120.284445,14.819175,120.284818,10:13:00,10:19:58,Thunderstorm
3277,2024-12-04,14.833262,120.2858,14.837251,120.278381,22:51:54,22:57:07,Clear
3278,2024-11-10,14.834919,120.288035,14.823916,120.289321,17:53:50,18:01:08,Clear
3279,2024-12-21,14.823233,120.30214,14.792106,120.294049,11:04:02,11:18:56,Clear
3280,2024-10-26,14.82035,120.276457,14.842742,120.287072,07:34:51,07:48:54,Heavy Rain
3281,2024-11-03,14.821133,120.275075,14.826628,120.282573,06:11:19,06:17:54,Light Drizzle
3282,2024-11-01,14.824412,120.279449,14.835345,120.281767,16:36:06,16:42:28,Dense Drizzle
3283,2024-02-03,14.817417,120.281391,14.82129,120.278744,14:02:46,14:05:49,Clear
3284,2024-10-20,14.82032,120.283901,14.820137,120.283748,12:29:50,12:32:25,Violent Rain Showers
3285,2024-02-11,14.827056,120.279875,14.841713,120.28692,10:07:40,10:17:50,Clear
3286,2024-04-29,14.829386,120.280867,14.824082,120.289916,10:28:25,10:35:25,Partly Cloudy
3287,2024-03-16,14.825076,120.283788,14.833201,120.281526,22:36:49,22:40:51,Light Rain
3288,2024-12-12,14.820516,120.278761,14.825287,120.280043,08:39:46,08:45:39,Light Rain
3289,2024-10-08,14.821523,120.271587,14.822917,120.301446,16:59:43,17:11:34,Drizzle
3290,2024-06-13,14.830648,120.273826,14.822772,120.301031,07:32:07,07:46:41,Rain Showers
3291,2024-12-11,14.823442,120.27969,14.83672,120.277992,18:14:52,18:25:13,Partly Cloudy
3292,2024-02-05,14.82405,120.289491,14.836686,120.283504,06:15:34,06:23:43,Clear
3293,2024-02-10,14.825306,120.280277,14.836519,120.287241,07:56:38,08:08:01,Light Drizzle
3294,2024-09-12,14.837465,120.283731,14.85117,120.262967,19:28:02,19:42:54,Clear
3295,2024-12-05,14.828307,120.28545,14.817945,120.281315,08:54:18,09:01:00,Clear
3296,2024-12-16,14.828459,120.281846,14.820586,120.282948,14:46:16,14:52:46,Clear
3297,2024-03-30,14.849396,120.315182,14.877087,120.235685,08:16:58,08:56:48,Partly Cloudy
3298,2024-10-09,14.840004,120.28632,14.816419,120.283567,13:20:00,13:29:39,Mostly Clear
3299,2024-10-13,14.826347,120.272138,14.873809,120.235015,19:12:37,19:59:31,Rain Showers
3300,2024-04-02,14.843607,120.28624,14.805956,120.32276,07:46:12,08:13:27,Mostly Clear
3301,2024-03-23,14.829118,120.287335,14.821878,120.271956,06:57:01,07:06:01,Partly Cloudy
3302,2024-08-14,14.826623,120.279582,14.823233,120.28731,17:03:59,17:10:08,Clear
3303,2024-02-23,14.836313,120.282573,14.817325,120.281427,15:06:16,15:13:46,Partly Cloudy
3304,2024-07-24,14.82422,120.283222,14.824275,120.279799,10:08:37,10:11:08,Dense Drizzle
3305,2024-07-25,14.771943,120.258014,14.842932,120.281798,11:00:49,11:33:52,Light Drizzle
3306,2024-09-13,14.836039,120.278273,14.83968,120.28439,18:31:52,18:38:25,Mostly Clear
3307,2024-05-31,14.820788,120.283997,14.82851,120.295034,08:07:06,08:15:24,Mostly Clear
3308,2024-05-06,14.820208,120.283625,14.821232,120.278747,17:20:05,17:23:50,Clear
3309,2024-03-07,14.830102,120.273942,14.835938,120.282037,07:51:19,07:58:22,Partly Cloudy
3310,2024-03-29,14.776133,120.307859,14.873707,120.23574,19:09:16,20:15:59,Clear
3311,2024-06-17,14.828971,120.281243,14.822047,120.272671,19:29:03,19:37:13,Mostly Clear
3312,2024-08-23,14.826902,120.27219,14.836322,120.283989,17:44:07,17:53:13,Rain Showers
3313,2024-01-24,14.838653,120.283101,14.829144,120.281631,19:01:44,19:08:07,Mostly Clear
3314,2024-03-08,14.837205,120.283849,14.791986,120.29416,16:58:45,17:18:46,Mostly Clear
3315,2024-02-11,14.776573,120.307485,14.838546,120.283281,19:38:10,20:27:45,Partly Cloudy
3316,2024-10-31,14.841364,120.286457,14.83539,120.282193,08:30:46,08:37:13,Clear
3317,2024-06-12,14.829216,120.287587,14.797836,120.272141,11:49:57,12:02:54,Rain
3318,2024-09-21,14.839747,120.283431,14.824678,120.282872,19:42:05,19:56:05,Cloudy
3319,2024-07-21,14.835914,120.281757,14.817747,120.284299,18:05:02,18:16:14,Mostly Clear
3320,2024-05-13,14.849889,120.264808,14.820072,120.278474,07:16:28,07:32:29,Clear
3321,2024-06-24,14.827856,120.281613,14.823993,120.279169,15:12:02,15:16:18,Mostly Clear
3322,2024-01-26,14.836287,120.283261,14.823983,120.30045,05:25:42,05:35:01,Cloudy
3323,2024-09-16,14.848148,120.25546,14.839373,120.285055,18:05:46,18:22:58,Rain Showers
3324,2024-10-30,14.851585,120.25573,14.839106,120.28366,12:50:43,13:09:33,Heavy Rain
3325,2024-03-02,14.836735,120.277701,14.831145,120.289504,17:29:38,17:40:46,Clear
3326,2024-08-16,14.821868,120.29873,14.838223,120.283511,08:44:53,08:59:50,Partly Cloudy
3327,2024-06-01,14.827582,120.281452,14.830247,120.289057,19:50:32,19:57:55,Thunderstorm
3328,2024-10-21,14.848224,120.254601,14.842768,120.282614,11:43:43,11:54:26,Light Rain
3329,2024-12-16,14.829513,120.280461,14.841676,120.282897,19:40:12,19:49:46,Partly Cloudy
3330,2024-07-08,14.83617,120.277384,14.797799,120.271821,05:50:49,06:07:54,Rain
3331,2024-10-16,14.833124,120.285893,14.840011,120.283685,06:41:37,06:48:00,Drizzle
3332,2024-08-02,14.842387,120.281667,14.818514,120.283598,07:53:29,08:08:35,Cloudy
3333,2024-11-09,14.819865,120.27829,14.824032,120.27932,22:26:54,22:30:54,Cloudy
3334,2024-03-30,14.839525,120.284326,14.837407,120.267834,17:00:47,17:09:41,Clear
3335,2024-12-19,14.828591,120.286033,14.789692,120.281222,13:10:07,13:31:38,Partly Cloudy
3336,2024-04-23,14.828676,120.281706,14.820265,120.275839,18:55:14,19:01:58,Partly Cloudy
3337,2024-06-03,14.815512,120.316619,14.876777,120.23223,22:21:40,22:58:52,Light Rain
3338,2024-10-31,14.829002,120.279999,14.828952,120.282397,08:18:48,08:23:00,Thunderstorm
3339,2024-02-02,14.820648,120.275177,14.824915,120.283337,06:30:54,06:38:22,Cloudy
3340,2024-04-16,14.848212,120.255111,14.817938,120.284438,10:20:03,10:38:35,Clear
3341,2024-12-21,14.839744,120.283268,14.821262,120.274744,18:58:30,19:10:52,Clear
3342,2024-07-19,14.840046,120.286811,14.824635,120.283009,08:47:16,09:00:03,Light Rain
3343,2024-04-14,14.841573,120.286892,14.877531,120.235075,16:31:33,16:54:39,Clear
3344,2024-12-31,14.776404,120.307812,14.825015,120.280454,09:23:27,09:55:35,Mostly Clear
3345,2024-03-07,14.80605,120.323223,14.776401,120.307603,16:55:18,17:07:18,Mostly Clear
3346,2024-12-22,14.82935,120.287377,14.82994,120.298495,06:11:02,06:17:17,Clear
3347,2024-02-19,14.820053,120.284068,14.824622,120.279445,18:03:39,18:08:50,Partly Cloudy
3348,2024-07-13,14.822717,120.298326,14.837399,120.267538,17:35:18,17:55:13,Cloudy
3349,2024-07-25,14.789802,120.282008,14.825814,120.283325,18:40:51,18:57:49,Mostly Clear
3350,2024-06-22,14.877241,120.231369,14.84888,120.314986,19:20:03,20:06:10,Light Drizzle
3351,2024-07-06,14.821168,120.278754,14.824228,120.280164,21:00:15,21:04:19,Cloudy
3352,2024-09-05,14.805604,120.323028,14.848912,120.25463,18:20:57,18:54:02,Cloudy
3353,2024-03-10,14.832818,120.281878,14.81909,120.284577,17:31:24,17:41:23,Mostly Clear
3354,2024-12-06,14.821178,120.271358,14.822146,120.297989,22:33:17,22:43:44,Clear
3355,2024-10-30,14.8234,120.300783,14.817914,120.281737,06:05:42,06:16:11,Clear
3356,2024-05-14,14.835951,120.282407,14.827578,120.286154,17:31:23,17:39:25,Clear
3357,2024-12-15,14.821455,120.275423,14.887265,120.238249,06:26:21,07:00:41,Cloudy
3358,2024-08-06,14.772551,120.258514,14.830544,120.288751,16:40:02,17:05:11,Mostly Clear
3359,2024-04-02,14.819748,120.28431,14.829957,120.273808,19:48:20,19:58:22,Mostly Clear
3360,2024-07-10,14.837874,120.285784,14.829796,120.287622,12:48:46,12:54:16,Cloudy
3361,2024-01-27,14.830399,120.289515,14.842517,120.286887,21:22:52,21:28:07,Rain Showers
3362,2024-10-27,14.829773,120.28682,14.819774,120.284189,07:16:25,07:24:44,Partly Cloudy
3363,2024-06-20,14.818684,120.2837,14.838968,120.28449,17:32:33,17:46:23,Heavy Rain Showers
3364,2024-03-30,14.856267,120.289474,14.824971,120.27727,14:27:27,14:44:31,Clear
3365,2024-01-21,14.83502,120.28204,14.837379,120.268456,19:26:25,19:38:00,Clear
3366,2024-09-10,14.840534,120.285899,14.848094,120.254636,14:22:00,14:39:09,Mostly Clear
3367,2024-04-13,14.821989,120.297632,14.851279,120.263254,19:57:10,20:20:52,Cloudy
3368,2024-01-25,14.839115,120.283497,14.839631,120.283503,15:56:43,16:00:27,Clear
3369,2024-02-29,14.8772,120.233704,14.832989,120.285375,07:35:48,08:23:27,Clear
3370,2024-01-16,14.842189,120.287941,14.805849,120.322179,21:14:28,21:34:03,Light Rain
3371,2024-11-08,14.876828,120.233078,14.823853,120.30097,21:55:56,22:25:00,Cloudy
3372,2024-07-03,14.821178,120.275756,14.828403,120.28148,08:01:04,08:08:07,Partly Cloudy
3373,2024-01-04,14.851596,120.256541,14.772053,120.257753,18:17:36,18:59:12,Clear
3374,2024-11-23,14.836676,120.286904,14.822288,120.272427,16:34:42,16:45:42,Heavy Rain
3375,2024-01-04,14.828981,120.287117,14.82663,120.273292,07:38:30,07:47:05,Clear
3376,2024-03-25,14.820742,120.284048,14.876705,120.23253,22:41:20,23:09:50,Clear
3377,2024-11-26,14.823795,120.278822,14.836847,120.267741,17:29:00,17:38:28,Light Drizzle
3378,2024-12-03,14.837464,120.27916,14.841728,120.286567,09:29:56,09:34:49,Clear
3379,2024-05-07,14.820319,120.275615,14.825094,120.282477,13:21:13,13:26:32,Mostly Clear
3380,2024-08-05,14.832932,120.281499,14.838263,120.285592,11:19:33,11:25:10,Partly Cloudy
3381,2024-09-04,14.836444,120.286288,14.819078,120.283929,17:15:33,17:33:27,Dense Drizzle
3382,2024-01-11,14.819209,120.278491,14.815712,120.284078,06:02:23,06:08:17,Mostly Clear
3383,2024-07-25,14.887263,120.237618,14.822572,120.301822,18:23:20,19:00:59,Mostly Clear
3384,2024-03-30,14.820397,120.27679,14.81607,120.282972,06:38:13,06:45:41,Mostly Clear
3385,2024-04-07,14.83055,120.273783,14.826156,120.283849,07:38:35,07:47:24,Partly Cloudy
3386,2024-09-21,14.838281,120.286334,14.82054,120.276812,18:09:48,18:22:02,Light Rain
3387,2024-08-10,14.838236,120.283198,14.827433,120.28728,19:09:29,19:18:45,Cloudy
3388,2024-11-21,14.828959,120.286684,14.868199,120.292126,07:48:32,08:08:30,Cloudy
3389,2024-08-27,14.835348,120.281749,14.842775,120.28785,18:20:01,18:26:38,Cloudy
3390,2024-11-06,14.821535,120.273864,14.8368,120.267833,09:05:23,09:13:09,Light Rain
3391,2024-07-31,14.820245,120.284552,14.821504,120.271779,18:48:25,18:54:46,Partly Cloudy
3392,2024-06-19,14.829042,120.279895,14.848455,120.254177,14:56:35,15:08:40,Dense Drizzle
3393,2024-03-29,14.820904,120.2772,14.83964,120.284131,08:30:50,08:42:25,Cloudy
3394,2024-02-01,14.817553,120.280653,14.824464,120.280618,17:56:05,18:02:56,Partly Cloudy
3395,2024-01-09,14.822864,120.287909,14.805824,120.323035,20:34:31,20:55:49,Rain
3396,2024-03-17,14.876726,120.231334,14.835495,120.281965,17:59:36,18:27:18,Mostly Clear
3397,2024-11-28,14.877598,120.232314,14.852203,120.255855,19:08:40,19:32:23,Rain
3398,2024-01-12,14.805483,120.323505,14.848005,120.255054,15:48:34,16:26:35,Mostly Clear
3399,2024-07-12,14.87323,120.235499,14.839472,120.284439,10:06:35,10:27:36,Partly Cloudy
3400,2024-05-18,14.815724,120.283487,14.822029,120.297942,19:51:37,20:02:49,Partly Cloudy
3401,2024-02-22,14.826533,120.272385,14.824763,120.283223,18:10:21,18:17:01,Mostly Clear
3402,2024-09-23,14.823689,120.300713,14.851125,120.263723,16:53:41,17:15:39,Violent Rain Showers
3403,2024-08-17,14.824254,120.280009,14.836399,120.283125,12:41:25,12:50:29,Fog
3404,2024-12-17,14.829569,120.286569,14.828625,120.279671,22:21:08,22:26:46,Partly Cloudy
3405,2024-04-19,14.829023,120.286773,14.843208,120.285729,12:08:59,12:14:58,Cloudy
3406,2024-01-28,14.821217,120.27829,14.827546,120.282141,08:26:15,08:33:47,Mostly Clear
3407,2024-06-13,14.821029,120.275698,14.797591,120.272469,09:53:14,10:03:57,Rain
3408,2024-10-24,14.83991,120.283379,14.839105,120.284557,19:13:05,19:15:36,Partly Cloudy
3409,2024-02-27,14.851382,120.263047,14.832722,120.281621,08:50:29,09:04:40,Rain Showers
3410,2024-07-22,14.877841,120.23511,14.82366,120.300668,18:30:43,19:27:17,Light Drizzle
3411,2024-04-23,14.830151,120.298182,14.848645,120.264372,18:54:21,19:24:01,Heavy Rain
3412,2024-07-05,14.836593,120.277813,14.83751,120.283164,14:05:10,14:09:17,Cloudy
3413,2024-04-14,14.848629,120.315124,14.818844,120.284467,08:10:54,08:37:35,Partly Cloudy
3414,2024-12-25,14.821287,120.283944,14.824355,120.279699,18:28:44,18:33:53,Partly Cloudy
3415,2024-05-08,14.829208,120.281554,14.836851,120.267828,21:35:09,21:42:14,Partly Cloudy
3416,2024-10-11,14.842112,120.287361,14.83692,120.277592,12:52:01,12:57:25,Drizzle
3417,2024-12-02,14.877023,120.232024,14.828739,120.281773,09:58:30,10:20:41,Mostly Clear
3418,2024-06-17,14.820299,120.284126,14.827851,120.281924,16:36:41,16:43:00,Light Drizzle
3419,2024-02-29,14.840858,120.286609,14.822849,120.287878,08:59:11,09:08:28,Clear
3420,2024-04-26,14.828273,120.285335,14.836136,120.277655,08:04:00,08:14:43,Clear
3421,2024-07-17,14.848555,120.254628,14.821049,120.275173,19:10:14,19:29:18,Fog
3422,2024-05-24,14.840479,120.286681,14.838168,120.283702,06:15:18,06:20:51,Clear
3423,2024-02-15,14.838196,120.285599,14.83895,120.284125,19:50:56,19:55:09,Partly Cloudy
3424,2024-01-27,14.823008,120.300518,14.827877,120.295355,06:17:24,06:22:22,Cloudy
3425,2024-08-20,14.830428,120.289568,14.84799,120.254751,15:33:38,15:52:08,Clear
3426,2024-11-09,14.821544,120.275376,14.820484,120.274599,07:46:01,07:51:09,Rain Showers
3427,2024-04-06,14.820608,120.275429,14.836568,120.28343,16:12:28,16:21:06,Light Rain
3428,2024-02-29,14.819801,120.284493,14.836512,120.29053,05:16:53,05:27:35,Partly Cloudy
3429,2024-02-28,14.832946,120.282065,14.819144,120.284499,19:51:08,20:01:01,Mostly Clear
3430,2024-10-02,14.837182,120.283611,14.839557,120.284377,19:13:31,19:17:18,Cloudy
3431,2024-01-04,14.836138,120.28659,14.821866,120.299189,19:53:43,20:05:29,Clear
3432,2024-08-29,14.830429,120.274017,14.823133,120.30216,20:40:05,20:52:57,Partly Cloudy
3433,2024-03-16,14.835802,120.282139,14.826795,120.282961,16:14:05,16:19:31,Cloudy
3434,2024-04-11,14.824605,120.280205,14.821506,120.29795,14:04:19,14:14:48,Partly Cloudy
3435,2024-10-01,14.848264,120.253839,14.819971,120.284019,06:00:25,06:20:14,Light Rain
3436,2024-06-24,14.824757,120.280062,14.840881,120.286705,16:37:13,16:46:24,Cloudy
3437,2024-04-27,14.86788,120.292395,14.829634,120.287323,19:57:56,20:31:32,Clear
3438,2024-05-17,14.851334,120.263277,14.842483,120.287564,07:18:08,07:35:06,Clear
3439,2024-02-03,14.775619,120.307561,14.839792,120.283396,19:55:05,20:42:38,Heavy Rain
3440,2024-06-03,14.829308,120.286986,14.818277,120.283593,08:43:24,08:50:45,Rain Showers
3441,2024-11-08,14.877208,120.231713,14.819134,120.28355,18:40:34,19:32:37,Dense Drizzle
3442,2024-06-07,14.824997,120.281951,14.82632,120.283217,19:46:09,19:48:51,Light Rain
3443,2024-09-15,14.833544,120.282262,14.848441,120.254614,18:38:58,18:56:46,Heavy Rain
3444,2024-05-12,14.823256,120.287161,14.821554,120.271884,07:30:13,07:37:27,Clear
3445,2024-12-13,14.838233,120.285729,14.821195,120.275182,17:55:11,18:06:01,Clear
3446,2024-06-07,14.829318,120.280567,14.836505,120.28602,22:51:53,22:56:53,Clear
3447,2024-02-19,14.835226,120.287218,14.821464,120.298106,07:53:17,08:03:56,Mostly Clear
3448,2024-05-31,14.836686,120.277975,14.826083,120.282448,11:14:03,11:19:41,Mostly Clear
3449,2024-09-19,14.805683,120.322598,14.83868,120.28295,11:21:00,11:42:31,Drizzle
3450,2024-10-18,14.839665,120.283638,14.877536,120.232925,12:49:15,13:13:48,Rain
3451,2024-06-21,14.825155,120.277879,14.836312,120.282423,19:03:54,19:11:43,Cloudy
3452,2024-04-18,14.830285,120.288491,14.820187,120.275679,22:17:25,22:25:52,Clear
3453,2024-08-20,14.820427,120.28355,14.820707,120.28402,17:17:01,17:21:02,Cloudy
3454,2024-05-03,14.827391,120.279397,14.825054,120.27999,19:27:12,19:31:37,Cloudy
3455,2024-07-11,14.798081,120.272294,14.824393,120.280226,08:10:16,08:34:58,Clear
3456,2024-03-15,14.839488,120.283491,14.878036,120.234487,18:00:42,18:27:07,Cloudy
3457,2024-08-10,14.821161,120.276211,14.877024,120.232155,07:37:08,08:18:51,Cloudy
3458,2024-04-11,14.82732,120.279907,14.822714,120.301581,10:00:22,10:11:28,Partly Cloudy
3459,2024-04-28,14.849092,120.291202,14.837374,120.278806,08:17:35,08:26:09,Clear
3460,2024-01-06,14.830831,120.274124,14.820273,120.284252,06:03:34,06:12:43,Fog
3461,2024-04-20,14.830553,120.288402,14.833577,120.282015,08:18:14,08:23:13,Mostly Clear
3462,2024-09-30,14.825057,120.281847,14.792169,120.295115,17:14:29,17:34:48,Cloudy
3463,2024-03-13,14.842855,120.281824,14.820847,120.284742,08:52:26,09:09:00,Clear
3464,2024-11-08,14.83652,120.277843,14.772204,120.258202,17:30:44,18:06:44,Fog
3465,2024-11-27,14.828848,120.280399,14.821277,120.279201,17:52:20,17:58:35,Drizzle
3466,2024-09-11,14.824584,120.27932,14.815557,120.316561,16:55:58,17:14:49,Light Rain
3467,2024-07-28,14.823739,120.279384,14.820906,120.283458,07:28:12,07:32:18,Rain
3468,2024-11-27,14.815729,120.282926,14.851777,120.25631,19:07:35,19:40:28,Dense Drizzle
3469,2024-11-23,14.818836,120.284076,14.840992,120.287089,19:48:53,19:59:45,Cloudy
3470,2024-04-07,14.820158,120.283942,14.820032,120.284025,15:53:44,15:57:08,Clear
3471,2024-01-31,14.823126,120.288101,14.821188,120.283467,05:38:21,05:41:51,Clear
3472,2024-07-02,14.825055,120.27763,14.805985,120.323612,15:18:30,15:44:51,Clear
3473,2024-09-16,14.827837,120.284934,14.832625,120.285797,17:39:13,17:43:42,Rain
3474,2024-06-21,14.820513,120.275008,14.806051,120.322439,10:51:06,11:10:01,Drizzle
3475,2024-03-21,14.81748,120.283919,14.838303,120.283507,22:30:03,22:38:56,Partly Cloudy
3476,2024-08-17,14.821881,120.298452,14.824996,120.277002,20:17:51,20:26:27,Light Rain
3477,2024-10-28,14.848777,120.26527,14.841305,120.286954,15:38:06,15:52:23,Clear
3478,2024-08-26,14.818216,120.281465,14.821037,120.282967,17:13:45,17:16:34,Fog
3479,2024-08-20,14.789877,120.282675,14.764499,120.25306,19:24:09,19:43:37,Partly Cloudy
3480,2024-07-29,14.83617,120.286058,14.824375,120.279819,17:02:39,17:08:32,Rain
3481,2024-03-19,14.820636,120.275459,14.848289,120.254444,22:39:02,22:51:22,Cloudy
3482,2024-08-19,14.828877,120.281915,14.842091,120.286931,11:39:24,11:46:48,Drizzle
3483,2024-05-21,14.829427,120.28759,14.835709,120.282589,08:14:49,08:22:25,Fog
3484,2024-10-24,14.820939,120.278614,14.819012,120.283629,22:46:34,22:50:12,Clear
3485,2024-10-14,14.821051,120.279018,14.825233,120.28143,06:43:19,06:46:43,Fog
3486,2024-01-27,14.829148,120.287153,14.821132,120.278599,08:12:12,08:20:05,Clear
3487,2024-10-12,14.82444,120.289606,14.833197,120.281893,07:10:28,07:17:11,Light Rain
3488,2024-03-09,14.819358,120.277908,14.824312,120.289743,18:44:20,18:52:03,Clear
3489,2024-12-31,14.848886,120.254595,14.821497,120.273858,17:59:05,18:19:11,Clear
3490,2024-03-26,14.829003,120.286864,14.848865,120.290863,06:09:01,06:20:45,Cloudy
3491,2024-01-14,14.824688,120.28018,14.824826,120.282438,06:36:50,06:41:16,Clear
3492,2024-11-02,14.817412,120.281329,14.792035,120.294396,10:26:09,10:38:36,Mostly Clear
3493,2024-12-20,14.817711,120.281143,14.851887,120.263216,06:19:15,06:52:04,Partly Cloudy
3494,2024-10-09,14.824953,120.280569,14.839025,120.283874,07:04:03,07:11:53,Cloudy
3495,2024-06-09,14.84937,120.264895,14.791824,120.293817,08:06:09,08:37:39,Partly Cloudy
3496,2024-05-08,14.848767,120.314686,14.838157,120.285284,20:28:41,20:42:24,Clear
3497,2024-02-16,14.821283,120.283719,14.828257,120.285355,17:10:41,17:16:42,Clear
3498,2024-01-08,14.827232,120.279871,14.849188,120.264861,19:35:24,19:46:00,Clear
3499,2024-11-26,14.822753,120.301544,14.839659,120.283967,18:14:10,18:33:01,Light Drizzle
3500,2024-03-19,14.824924,120.281262,14.841597,120.286524,19:44:25,19:54:16,Mostly Clear
3501,2024-05-18,14.836461,120.290191,14.843085,120.286752,18:51:21,18:55:43,Rain Showers
3502,2024-11-24,14.829726,120.298728,14.839198,120.285057,10:08:39,10:16:21,Clear
3503,2024-11-27,14.829293,120.287231,14.805355,120.322967,14:01:31,14:23:41,Mostly Clear
3504,2024-08-14,14.887018,120.237545,14.820815,120.276347,10:34:46,10:57:26,Cloudy
3505,2024-05-31,14.821168,120.278639,14.81803,120.284072,07:49:56,07:56:36,Light Drizzle
3506,2024-02-23,14.823747,120.278519,14.82103,120.271309,18:13:05,18:20:09,Partly Cloudy
3507,2024-11-19,14.806028,120.323148,14.840963,120.286808,17:00:17,17:25:45,Partly Cloudy
3508,2024-10-03,14.8514,120.263104,14.841557,120.28757,08:54:52,09:08:33,Partly Cloudy
3509,2024-11-23,14.789947,120.282307,14.815726,120.283463,12:49:17,13:00:03,Dense Drizzle
3510,2024-03-08,14.833076,120.28259,14.825546,120.281396,19:39:01,19:45:19,Clear
3511,2024-07-17,14.842259,120.287455,14.821371,120.27172,15:28:03,15:38:42,Light Drizzle
3512,2024-02-23,14.867698,120.292838,14.841178,120.28644,10:23:14,10:32:32,Cloudy
3513,2024-08-04,14.829356,120.287029,14.817833,120.281826,06:06:08,06:16:12,Cloudy
3514,2024-02-07,14.832528,120.282199,14.848773,120.314889,18:53:34,19:14:57,Mostly Clear
3515,2024-07-20,14.82417,120.280025,14.824297,120.279746,07:11:03,07:15:21,Thunderstorm
3516,2024-04-15,14.822035,120.298364,14.887391,120.237412,12:12:25,12:55:09,Mostly Clear
3517,2024-08-05,14.828205,120.286542,14.819102,120.283848,07:18:25,07:26:18,Cloudy
3518,2024-02-13,14.83684,120.283026,14.826609,120.27287,20:42:38,20:50:23,Clear
3519,2024-11-17,14.838102,120.286058,14.772076,120.25817,15:44:52,16:10:15,Mostly Clear
3520,2024-01-15,14.821888,120.272671,14.830236,120.274477,17:15:09,17:20:35,Mostly Clear
3521,2024-05-10,14.829222,120.287471,14.81802,120.284112,20:45:45,20:52:05,Mostly Clear
3522,2024-07-02,14.826844,120.280132,14.824631,120.280153,17:58:28,18:00:53,Partly Cloudy
3523,2024-04-23,14.821977,120.298416,14.818973,120.284292,16:43:48,16:50:52,Clear
3524,2024-06-01,14.828342,120.285402,14.836316,120.290319,06:18:09,06:28:45,Cloudy
3525,2024-07-17,14.820928,120.283546,14.827311,120.281917,05:58:22,06:02:41,Light Rain
3526,2024-04-24,14.797818,120.271854,14.837674,120.267364,17:19:49,17:37:11,Cloudy
3527,2024-09-15,14.791744,120.294058,14.824882,120.282716,17:17:53,17:49:56,Cloudy
3528,2024-10-09,14.805958,120.322645,14.848737,120.255045,18:25:05,18:57:23,Rain
3529,2024-05-21,14.87717,120.231271,14.849275,120.264818,18:22:58,18:53:04,Mostly Clear
3530,2024-09-04,14.823856,120.27912,14.842778,120.286636,18:29:49,18:43:00,Light Rain
3531,2024-12-10,14.821162,120.278839,14.824723,120.28299,07:34:37,07:41:38,Cloudy
3532,2024-04-22,14.835232,120.2878,14.841389,120.286412,13:53:38,13:58:19,Light Rain
3533,2024-07-23,14.821396,120.271869,14.839068,120.284802,14:00:23,14:11:12,Rime Fog
3534,2024-09-18,14.828775,120.287493,14.878153,120.235269,07:52:31,08:29:02,Clear
3535,2024-11-10,14.818993,120.278632,14.815788,120.282702,07:56:27,08:01:42,Heavy Rain Showers
3536,2024-02-14,14.821046,120.272208,14.827817,120.281642,09:20:15,09:27:51,Clear
3537,2024-04-29,14.820121,120.284076,14.838502,120.282629,07:35:47,07:46:23,Partly Cloudy
3538,2024-07-15,14.840234,120.284478,14.848445,120.255288,07:32:31,07:53:23,Cloudy
3539,2024-01-09,14.839985,120.283996,14.819684,120.284037,19:01:09,19:14:30,Mostly Clear
3540,2024-07-09,14.80558,120.323096,14.827392,120.279701,10:06:30,10:22:55,Partly Cloudy
3541,2024-06-04,14.820386,120.277281,14.822367,120.283531,22:35:01,22:40:08,Rain
3542,2024-08-20,14.821062,120.283603,14.819127,120.278589,18:40:27,18:45:20,Mostly Clear
3543,2024-09-03,14.797505,120.271515,14.828822,120.281332,14:13:38,14:27:03,Rime Fog
3544,2024-12-14,14.819642,120.284229,14.873812,120.234828,13:37:58,14:00:53,Partly Cloudy
3545,2024-02-25,14.792121,120.294308,14.819168,120.283717,20:57:40,21:09:22,Clear
3546,2024-07-30,14.830672,120.288762,14.839086,120.284183,08:06:56,08:13:10,Partly Cloudy
3547,2024-03-30,14.833217,120.282295,14.877368,120.235047,10:24:59,10:50:17,Clear
3548,2024-01-24,14.815329,120.283208,14.82694,120.286984,19:39:28,19:51:46,Clear
3549,2024-12-11,14.828514,120.285205,14.805625,120.323068,22:49:16,23:12:50,Partly Cloudy
3550,2024-07-20,14.823943,120.279767,14.825201,120.281643,07:57:12,08:02:07,Clear
3551,2024-07-16,14.771797,120.258386,14.776105,120.308011,13:46:43,14:06:26,Partly Cloudy
3552,2024-05-26,14.828545,120.28737,14.835546,120.28802,05:45:24,05:49:30,Rain Showers
3553,2024-11-24,14.823286,120.286911,14.821478,120.271798,21:51:45,22:00:42,Partly Cloudy
3554,2024-12-22,14.821039,120.275079,14.820869,120.278892,07:51:23,07:54:55,Clear
3555,2024-03-19,14.841633,120.287042,14.828813,120.285518,05:34:24,05:40:28,Clear
3556,2024-10-20,14.856776,120.289862,14.821135,120.278397,18:33:35,18:56:12,Partly Cloudy
3557,2024-06-08,14.826943,120.287437,14.7651,120.293925,07:52:23,08:37:58,Dense Drizzle
3558,2024-10-27,14.828976,120.286331,14.827925,120.294931,06:48:12,06:56:27,Light Rain
3559,2024-11-13,14.832436,120.282634,14.837626,120.267395,17:59:43,18:08:07,Thunderstorm
3560,2024-02-14,14.819101,120.284048,14.828594,120.286966,13:37:03,13:43:50,Clear
3561,2024-02-25,14.882437,120.236737,14.821623,120.299046,07:46:01,08:39:30,Partly Cloudy
3562,2024-12-19,14.824428,120.27778,14.821599,120.27501,12:50:54,12:54:05,Clear
3563,2024-10-29,14.82948,120.287819,14.815504,120.283935,08:17:52,08:30:01,Cloudy
3564,2024-05-23,14.838544,120.283074,14.848526,120.254596,18:04:32,18:29:48,Mostly Clear
3565,2024-04-10,14.820112,120.277072,14.818894,120.283845,06:56:57,07:01:27,Partly Cloudy
3566,2024-10-21,14.848799,120.315034,14.830145,120.298192,07:45:27,08:09:20,Cloudy
3567,2024-04-02,14.877538,120.234927,14.828649,120.281766,22:04:24,22:43:56,Mostly Clear
3568,2024-02-19,14.851373,120.263263,14.821322,120.283904,08:13:53,08:32:29,Mostly Clear
3569,2024-05-06,14.822861,120.283394,14.764493,120.253233,21:04:45,21:30:47,Cloudy
3570,2024-09-27,14.824448,120.277768,14.819072,120.278615,17:58:47,18:03:36,Cloudy
3571,2024-03-21,14.837422,120.267718,14.825062,120.282718,15:47:02,15:54:07,Mostly Clear
3572,2024-06-06,14.821064,120.275903,14.771879,120.257658,11:07:55,11:27:07,Rain Showers
3573,2024-12-09,14.823655,120.300576,14.819967,120.284066,06:11:23,06:22:25,Partly Cloudy
3574,2024-05-20,14.83076,120.288706,14.838963,120.283492,07:38:53,07:45:33,Mostly Clear
3575,2024-09-12,14.828698,120.282219,14.822899,120.300996,19:07:47,19:16:37,Mostly Clear
3576,2024-11-07,14.839203,120.284397,14.877312,120.232242,18:16:49,18:56:21,Drizzle
3577,2024-12-31,14.836585,120.277761,14.824636,120.282965,15:03:40,15:12:17,Clear
3578,2024-11-11,14.819999,120.27939,14.873916,120.234651,18:50:33,19:36:35,Drizzle
3579,2024-05-31,14.828065,120.285381,14.82465,120.280689,15:58:12,16:02:35,Clear
3580,2024-12-07,14.83745,120.283382,14.849384,120.291199,22:52:23,23:00:14,Clear
3581,2024-05-05,14.847873,120.254224,14.826564,120.272381,06:22:22,06:45:37,Mostly Clear
3582,2024-03-02,14.820018,120.275771,14.839538,120.284248,18:09:29,18:19:12,Clear
3583,2024-05-16,14.856236,120.290513,14.836107,120.283118,18:19:47,18:37:42,Clear
3584,2024-11-16,14.823568,120.300587,14.764907,120.293615,05:04:06,05:36:22,Dense Drizzle
3585,2024-06-30,14.824035,120.279379,14.815579,120.283183,21:41:21,21:46:21,Light Drizzle
3586,2024-05-04,14.817719,120.281362,14.882313,120.236531,22:59:54,23:30:46,Mostly Clear
3587,2024-02-08,14.834932,120.282029,14.827678,120.294466,07:41:31,07:52:56,Mostly Clear
3588,2024-04-24,14.81631,120.283516,14.82325,120.287693,11:27:26,11:31:32,Partly Cloudy
3589,2024-12-02,14.83962,120.283425,14.836323,120.283325,17:54:35,17:57:25,Violent Rain Showers
3590,2024-11-16,14.789261,120.282203,14.824146,120.279405,19:21:24,19:41:24,Light Rain
3591,2024-07-16,14.840357,120.286822,14.83077,120.288883,12:20:32,12:24:25,Light Rain
3592,2024-05-19,14.82363,120.299849,14.83731,120.277907,07:51:56,08:04:35,Clear
3593,2024-01-02,14.835179,120.287767,14.842257,120.287842,07:08:03,07:14:25,Clear
3594,2024-12-19,14.837595,120.279041,14.821472,120.273463,17:48:59,18:02:07,Mostly Clear
3595,2024-07-26,14.821094,120.283723,14.815406,120.283858,07:19:50,07:25:38,Light Rain
3596,2024-07-08,14.836234,120.289979,14.817531,120.281456,12:03:03,12:13:49,Light Drizzle
3597,2024-06-09,14.848646,120.254711,14.825515,120.281522,22:44:57,23:00:27,Clear
3598,2024-12-23,14.82871,120.286808,14.836496,120.290272,06:56:18,07:01:50,Mostly Clear
3599,2024-05-10,14.820853,120.278772,14.824987,120.277395,06:19:55,06:23:07,Partly Cloudy
3600,2024-04-25,14.828675,120.285157,14.842643,120.28834,06:24:47,06:33:57,Rime Fog
3601,2024-06-12,14.824011,120.279179,14.848264,120.254669,19:21:07,19:36:13,Cloudy
3602,2024-01-17,14.844055,120.28634,14.82305,120.287537,06:59:19,07:15:03,Clear
3603,2024-07-01,14.819561,120.278963,14.877093,120.232967,16:34:00,17:00:13,Heavy Rain Showers
3604,2024-11-04,14.835937,120.286382,14.823404,120.287051,06:54:55,07:08:46,Partly Cloudy
3605,2024-01-16,14.829153,120.287146,14.828762,120.280146,07:40:31,07:45:24,Clear
3606,2024-01-15,14.833145,120.285585,14.877442,120.231599,08:33:02,09:07:49,Drizzle
3607,2024-06-07,14.850949,120.25636,14.82084,120.27495,14:24:55,14:40:54,Cloudy
3608,2024-04-05,14.873669,120.235924,14.881834,120.235817,11:05:38,11:12:47,Clear
3609,2024-10-04,14.840895,120.286576,14.842513,120.287527,08:58:35,09:02:06,Clear
3610,2024-08-01,14.829992,120.297933,14.835197,120.287851,14:32:42,14:39:59,Drizzle
3611,2024-09-08,14.836494,120.277859,14.825114,120.282933,08:02:06,08:12:14,Partly Cloudy
3612,2024-06-11,14.825005,120.279935,14.826494,120.283963,15:11:23,15:14:14,Clear
3613,2024-04-14,14.837638,120.267649,14.827258,120.2796,06:00:07,06:11:38,Mostly Clear
3614,2024-11-16,14.841711,120.282687,14.821906,120.298772,18:54:43,19:07:35,Dense Drizzle
3615,2024-02-14,14.821631,120.278392,14.85104,120.256432,08:56:11,09:15:11,Mostly Clear
3616,2024-09-08,14.829312,120.287485,14.841275,120.286617,07:31:48,07:42:37,Light Drizzle
3617,2024-11-07,14.843685,120.286406,14.822081,120.2981,06:59:01,07:11:53,Thunderstorm
3618,2024-08-29,14.836586,120.29017,14.851687,120.256107,06:06:08,06:31:09,Partly Cloudy
3619,2024-12-03,14.821708,120.271939,14.832929,120.285573,12:55:30,13:03:04,Partly Cloudy
3620,2024-09-14,14.823063,120.30115,14.840443,120.286615,20:38:41,20:50:55,Drizzle
3621,2024-06-25,14.815827,120.283426,14.839714,120.285207,17:12:57,17:30:18,Drizzle
3622,2024-11-17,14.836882,120.289707,14.815673,120.283715,12:19:58,12:30:04,Mostly Clear
3623,2024-02-20,14.828872,120.287739,14.822913,120.287798,07:08:53,07:14:36,Mostly Clear
3624,2024-07-15,14.827003,120.280085,14.821123,120.278857,17:14:09,17:19:29,Cloudy
3625,2024-10-06,14.819735,120.283486,14.829188,120.287251,05:52:53,05:59:31,Clear
3626,2024-04-02,14.848478,120.314302,14.821124,120.274672,15:22:28,15:38:05,Clear
3627,2024-11-24,14.824489,120.279703,14.82678,120.279813,07:44:16,07:47:05,Dense Drizzle
3628,2024-02-17,14.828794,120.281384,14.840745,120.28645,10:50:35,10:56:58,Clear
3629,2024-03-29,14.849258,120.264939,14.87658,120.232305,10:38:50,10:57:33,Cloudy
3630,2024-10-07,14.836233,120.282811,14.826412,120.272749,13:17:54,13:25:41,Light Rain
3631,2024-08-26,14.84952,120.26444,14.818592,120.278243,14:44:06,14:57:37,Partly Cloudy
3632,2024-02-23,14.827958,120.294078,14.833334,120.286045,19:59:33,20:04:25,Partly Cloudy
3633,2024-08-08,14.828129,120.281478,14.817419,120.284526,19:34:21,19:40:20,Rain
3634,2024-05-27,14.851515,120.262596,14.816056,120.283749,09:42:23,10:07:01,Cloudy
3635,2024-09-07,14.836445,120.277895,14.881893,120.235887,16:31:12,16:57:27,Drizzle
3636,2024-12-22,14.827118,120.283078,14.877108,120.232709,20:20:18,20:48:56,Partly Cloudy
3637,2024-12-09,14.822375,120.272455,14.820138,120.275729,18:06:14,18:11:15,Light Rain
3638,2024-03-30,14.839062,120.283951,14.832979,120.285317,19:39:43,19:44:35,Mostly Clear
3639,2024-10-15,14.830856,120.288843,14.828897,120.280467,10:22:49,10:28:18,Partly Cloudy
3640,2024-08-15,14.789504,120.28242,14.823652,120.300594,17:27:25,17:47:27,Thunderstorm
3641,2024-12-18,14.817417,120.281684,14.835946,120.283085,16:49:45,16:56:55,Light Rain
3642,2024-12-18,14.818478,120.28434,14.842001,120.282709,07:08:28,07:23:02,Light Drizzle
3643,2024-03-15,14.837161,120.277656,14.821427,120.283559,19:59:34,20:09:53,Clear
3644,2024-06-02,14.818027,120.28446,14.830438,120.273805,12:18:15,12:25:19,Rain
3645,2024-01-19,14.847939,120.254488,14.826287,120.282721,08:21:52,08:41:44,Clear
3646,2024-08-21,14.835832,120.287958,14.835828,120.289948,19:41:13,19:45:15,Cloudy
3647,2024-07-07,14.876996,120.231657,14.821383,120.273651,09:38:31,10:16:16,Light Drizzle
3648,2024-05-10,14.81763,120.283693,14.819261,120.284224,07:26:17,07:30:34,Light Rain
3649,2024-07-27,14.829448,120.287671,14.827985,120.294011,06:17:22,06:22:59,Cloudy
3650,2024-02-21,14.828882,120.28705,14.817724,120.283963,18:39:41,18:51:10,Drizzle
3651,2024-03-07,14.80621,120.322308,14.826258,120.273575,08:22:47,08:48:12,Cloudy
3652,2024-08-22,14.821471,120.278265,14.822649,120.298617,10:51:31,11:00:26,Cloudy
3653,2024-05-27,14.772176,120.258059,14.820278,120.275852,15:04:36,15:29:06,Clear
3654,2024-08-25,14.82718,120.286917,14.823981,120.289394,09:55:14,09:58:03,Light Drizzle
3655,2024-03-29,14.839431,120.283668,14.832954,120.285614,17:46:16,17:50:59,Light Drizzle
3656,2024-01-26,14.815434,120.316784,14.824096,120.289533,12:54:32,13:05:23,Partly Cloudy
3657,2024-08-07,14.839882,120.283937,14.841403,120.287274,17:38:30,17:42:08,Partly Cloudy
3658,2024-08-27,14.828548,120.284638,14.81569,120.283305,07:26:17,07:37:14,Light Rain
3659,2024-05-22,14.820241,120.28429,14.829189,120.287029,11:10:19,11:15:45,Clear
3660,2024-11-20,14.824103,120.28915,14.839088,120.284091,06:00:01,06:14:34,Cloudy
3661,2024-01-30,14.837806,120.278817,14.824387,120.279776,19:58:14,20:11:37,Light Rain
3662,2024-10-29,14.827045,120.280066,14.8487,120.253892,17:20:17,17:34:57,Dense Drizzle
3663,2024-06-19,14.851644,120.262907,14.837085,120.278231,06:50:06,06:59:15,Dense Drizzle
3664,2024-02-26,14.821184,120.275431,14.830714,120.289257,06:24:51,06:38:33,Clear
3665,2024-12-22,14.840432,120.28675,14.822367,120.297682,09:30:37,09:43:42,Fog
3666,2024-07-28,14.819498,120.28404,14.821486,120.273876,18:07:07,18:14:24,Cloudy
3667,2024-02-15,14.820746,120.284164,14.797736,120.271592,06:12:51,06:34:04,Drizzle
3668,2024-07-12,14.764446,120.253703,14.849384,120.315103,09:21:14,09:57:06,Clear
3669,2024-10-10,14.835767,120.286636,14.825442,120.279848,18:59:28,19:07:18,Cloudy
3670,2024-11-14,14.832708,120.282085,14.821314,120.274236,18:07:32,18:17:02,Rain
3671,2024-07-11,14.848081,120.254555,14.836285,120.283208,08:21:49,08:38:29,Partly Cloudy
3672,2024-05-07,14.817791,120.280938,14.828307,120.295334,06:06:58,06:18:33,Clear
3673,2024-04-10,14.819772,120.283748,14.843631,120.286437,13:38:52,13:48:34,Drizzle
3674,2024-09-29,14.82274,120.286921,14.827098,120.279961,09:49:22,09:54:11,Cloudy
3675,2024-01-10,14.78983,120.281809,14.835201,120.287021,17:15:21,17:48:11,Mostly Clear
3676,2024-10-30,14.772336,120.258094,14.849188,120.264662,19:53:52,20:49:43,Light Rain
3677,2024-12-17,14.823742,120.278498,14.837718,120.278775,12:22:50,12:30:16,Mostly Clear
3678,2024-07-16,14.830179,120.273658,14.838141,120.284165,08:52:38,09:00:39,Light Drizzle
3679,2024-06-26,14.828267,120.294671,14.824824,120.277872,21:07:39,21:14:58,Fog
3680,2024-05-25,14.824752,120.283036,14.823912,120.279266,05:46:49,05:49:18,Partly Cloudy
3681,2024-06-29,14.857228,120.289895,14.848759,120.315092,19:42:33,19:58:25,Light Drizzle
3682,2024-11-07,14.849732,120.26448,14.821313,120.283644,06:40:52,06:59:13,Fog
3683,2024-08-28,14.819653,120.284078,14.822217,120.299023,19:10:12,19:19:12,Cloudy
3684,2024-03-02,14.839604,120.283425,14.873743,120.234483,20:40:42,21:06:32,Clear
3685,2024-03-17,14.833519,120.285127,14.838687,120.283796,08:36:29,08:41:58,Partly Cloudy
3686,2024-11-09,14.840154,120.283103,14.820995,120.275919,17:23:40,17:35:36,Rain Showers
3687,2024-10-22,14.842572,120.286679,14.81989,120.276766,19:44:56,20:03:33,Clear
3688,2024-02-13,14.822731,120.283023,14.836483,120.286197,22:22:22,22:27:42,Light Drizzle
3689,2024-12-19,14.827498,120.280135,14.868105,120.292654,18:17:50,18:42:05,Mostly Clear
3690,2024-09-18,14.843014,120.2814,14.818866,120.283887,07:21:59,07:39:27,Light Rain
3691,2024-08-16,14.823117,120.300319,14.836838,120.278409,07:03:00,07:21:13,Light Drizzle
3692,2024-12-09,14.887971,120.237503,14.78996,120.282108,20:28:16,21:21:32,Partly Cloudy
3693,2024-12-03,14.856849,120.289971,14.819799,120.284751,21:11:43,21:33:06,Partly Cloudy
3694,2024-03-11,14.84804,120.254632,14.851645,120.256349,16:51:43,16:54:34,Mostly Clear
3695,2024-02-26,14.849309,120.314522,14.822782,120.301862,08:20:40,08:35:51,Partly Cloudy
3696,2024-09-02,14.877154,120.23555,14.849408,120.315151,22:54:13,23:32:04,Clear
3697,2024-06-24,14.877201,120.232014,14.837392,120.278682,05:45:26,06:09:14,Light Rain
3698,2024-01-21,14.823262,120.287522,14.856901,120.290194,06:58:33,07:13:41,Partly Cloudy
3699,2024-02-11,14.81515,120.283183,14.823687,120.289717,17:18:56,17:25:05,Clear
3700,2024-11-28,14.820276,120.275452,14.820393,120.283932,14:50:32,14:56:02,Partly Cloudy
3701,2024-01-27,14.772082,120.257892,14.877467,120.235012,11:56:05,12:37:57,Clear
3702,2024-11-27,14.827613,120.281605,14.82447,120.282073,20:16:39,20:20:13,Light Rain
3703,2024-03-27,14.820483,120.28361,14.835803,120.285977,11:03:30,11:15:48,Dense Drizzle
3704,2024-10-11,14.829555,120.280769,14.824489,120.28005,17:32:15,17:36:50,Mostly Clear
3705,2024-01-23,14.830979,120.289882,14.820573,120.283731,08:41:17,08:51:25,Partly Cloudy
3706,2024-06-18,14.829998,120.298399,14.815772,120.28347,17:36:17,17:50:28,Rain
3707,2024-01-06,14.820674,120.275736,14.825937,120.273071,05:34:32,05:39:49,Clear
3708,2024-04-01,14.82808,120.285315,14.829644,120.29866,07:50:37,07:58:02,Rime Fog
3709,2024-12-30,14.825216,120.280098,14.835318,120.28207,20:43:38,20:49:04,Clear
3710,2024-08-20,14.821233,120.283448,14.832859,120.281863,13:54:58,14:01:16,Drizzle
3711,2024-09-10,14.817202,120.281145,14.842238,120.283324,18:08:14,18:19:09,Cloudy
3712,2024-12-15,14.823184,120.287422,14.828414,120.285592,19:58:23,20:04:15,Mostly Clear
3713,2024-05-07,14.849122,120.291433,14.829092,120.281066,07:37:25,07:54:33,Clear
3714,2024-03-20,14.828618,120.287061,14.848849,120.315276,19:52:57,20:14:41,Clear
3715,2024-10-04,14.877965,120.235067,14.823799,120.28979,18:25:52,19:05:33,Drizzle
3716,2024-12-09,14.84805,120.254669,14.867473,120.291781,22:14:12,22:30:14,Mostly Clear
3717,2024-06-28,14.829273,120.286609,14.824926,120.279633,12:19:26,12:26:54,Clear
3718,2024-12-03,14.877103,120.231927,14.817819,120.284606,14:49:48,15:15:19,Cloudy
3719,2024-02-29,14.833535,120.28227,14.817929,120.280896,18:51:55,19:01:30,Clear
3720,2024-09-11,14.836725,120.27884,14.775671,120.307667,19:00:28,19:54:42,Light Rain
3721,2024-07-19,14.856587,120.289337,14.841586,120.286868,11:17:39,11:27:46,Light Rain
3722,2024-06-14,14.806479,120.323113,14.828857,120.281264,20:04:45,20:31:16,Light Drizzle
3723,2024-06-12,14.867869,120.291695,14.840738,120.286577,06:32:26,06:49:50,Partly Cloudy
3724,2024-05-12,14.830351,120.273855,14.832969,120.282154,06:42:20,06:48:16,Rain
3725,2024-11-24,14.830273,120.288781,14.848778,120.315087,20:07:42,20:20:06,Fog
3726,2024-07-13,14.840215,120.285958,14.836692,120.290318,07:59:27,08:05:44,Partly Cloudy
3727,2024-03-17,14.820735,120.284033,14.836029,120.283303,18:12:27,18:24:03,Clear
3728,2024-11-26,14.833245,120.285371,14.851596,120.256281,07:10:48,07:29:57,Clear
3729,2024-11-30,14.820698,120.284042,14.819906,120.276263,20:15:50,20:20:56,Light Drizzle
3730,2024-11-04,14.837826,120.285809,14.820572,120.274753,22:22:29,22:32:57,Light Drizzle
3731,2024-06-06,14.823633,120.300842,14.843102,120.288016,06:49:21,07:02:35,Partly Cloudy
3732,2024-06-12,14.790036,120.282354,14.825416,120.283028,17:52:23,18:08:02,Mostly Clear
3733,2024-06-10,14.835741,120.288301,14.825031,120.277246,06:15:13,06:23:55,Partly Cloudy
3734,2024-08-03,14.819074,120.283827,14.851476,120.263044,17:32:11,17:59:27,Light Drizzle
3735,2024-12-05,14.849021,120.255144,14.823212,120.287274,16:30:37,16:48:26,Partly Cloudy
3736,2024-08-04,14.805487,120.322756,14.815173,120.283941,05:10:01,05:26:34,Partly Cloudy
3737,2024-04-14,14.825796,120.272556,14.828814,120.287618,21:51:58,21:57:58,Cloudy
3738,2024-09-05,14.824866,120.280204,14.81997,120.28459,20:27:32,20:31:43,Rain Showers
3739,2024-09-28,14.837057,120.277829,14.828183,120.285055,21:46:24,21:53:30,Heavy Rain
3740,2024-05-10,14.824169,120.279761,14.821108,120.273947,10:59:57,11:03:24,Mostly Clear
3741,2024-11-27,14.771939,120.258196,14.836906,120.27863,09:21:57,09:45:51,Light Drizzle
3742,2024-05-09,14.839739,120.283989,14.848927,120.253837,12:20:15,12:35:41,Clear
3743,2024-12-08,14.842688,120.287569,14.8489,120.265276,18:53:56,19:13:34,Partly Cloudy
3744,2024-08-28,14.833057,120.281885,14.821432,120.278208,18:07:06,18:14:22,Mostly Clear
3745,2024-10-27,14.819944,120.276844,14.877012,120.232356,13:01:38,13:33:48,Dense Drizzle
3746,2024-02-03,14.842864,120.287591,14.838425,120.283436,18:28:47,18:34:23,Light Rain
3747,2024-11-27,14.82818,120.285931,14.823929,120.289782,11:27:22,11:31:53,Clear
3748,2024-12-27,14.887373,120.236986,14.824947,120.280366,05:20:21,05:50:14,Thunderstorm
3749,2024-02-15,14.848754,120.291738,14.77611,120.307817,15:46:08,16:23:25,Clear
3750,2024-03-15,14.820614,120.275971,14.828989,120.280491,08:03:07,08:09:21,Drizzle
3751,2024-08-28,14.827038,120.279882,14.835737,120.283635,18:26:09,18:34:20,Clear
3752,2024-09-17,14.823607,120.279772,14.838644,120.284425,07:51:45,08:01:07,Light Rain
3753,2024-10-29,14.828059,120.285221,14.818729,120.284448,08:35:48,08:42:30,Light Rain
3754,2024-06-11,14.825504,120.282339,14.830861,120.289145,15:14:53,15:19:54,Light Drizzle
3755,2024-04-13,14.825051,120.277378,14.821222,120.283746,19:34:01,19:39:08,Partly Cloudy
3756,2024-10-29,14.828682,120.280344,14.843019,120.282098,17:17:43,17:27:44,Clear
3757,2024-05-04,14.856886,120.289782,14.877063,120.231909,18:20:48,18:53:12,Mostly Clear
3758,2024-06-19,14.82862,120.281828,14.820976,120.271424,17:43:36,17:51:05,Light Rain
3759,2024-12-26,14.763989,120.252767,14.821718,120.275104,15:37:33,15:59:56,Light Drizzle
3760,2024-10-22,14.840625,120.286548,14.843324,120.286098,08:15:33,08:20:04,Cloudy
3761,2024-07-21,14.847744,120.254079,14.841583,120.286491,18:26:44,18:42:13,Partly Cloudy
3762,2024-10-11,14.797791,120.272168,14.821115,120.283556,05:48:53,05:59:53,Light Rain
3763,2024-04-23,14.829294,120.28757,14.823412,120.289342,09:18:55,09:23:37,Clear
3764,2024-05-19,14.805861,120.322286,14.824667,120.279973,16:35:55,16:55:46,Clear
3765,2024-08-26,14.824614,120.277096,14.856989,120.289868,17:59:09,18:16:03,Clear
3766,2024-03-27,14.820829,120.284442,14.848103,120.254555,22:05:15,22:30:11,Clear
3767,2024-03-16,14.820601,120.275355,14.817699,120.280666,07:20:23,07:25:17,Cloudy
3768,2024-10-30,14.820397,120.277064,14.887536,120.237543,07:53:06,08:35:09,Mostly Clear
3769,2024-03-04,14.828169,120.286347,14.821028,120.283722,07:07:14,07:11:53,Partly Cloudy
3770,2024-11-22,14.830572,120.273728,14.764827,120.29336,22:34:20,23:07:55,Light Rain
3771,2024-11-12,14.820731,120.284067,14.839568,120.28543,17:44:48,17:54:34,Rain
3772,2024-12-04,14.828802,120.281005,14.791787,120.294038,19:55:15,20:14:17,Clear
3773,2024-12-06,14.839664,120.284348,14.826733,120.286571,19:54:53,20:02:16,Drizzle
3774,2024-06-03,14.819935,120.283799,14.820301,120.284664,16:33:08,16:35:37,Mostly Clear
3775,2024-09-10,14.7903,120.28198,14.852017,120.256789,17:41:44,18:24:54,Drizzle
3776,2024-02-18,14.821441,120.298591,14.843151,120.281692,14:28:53,14:44:48,Mostly Clear
3777,2024-10-22,14.836925,120.290355,14.83094,120.289247,06:15:41,06:21:21,Rain
3778,2024-10-21,14.841347,120.286486,14.772527,120.258249,17:45:43,18:14:28,Partly Cloudy
3779,2024-12-17,14.820465,120.276552,14.837818,120.278783,07:47:41,07:59:38,Clear
3780,2024-08-30,14.838361,120.283466,14.791661,120.294445,13:42:47,14:00:34,Rain
3781,2024-04-24,14.805599,120.322524,14.821921,120.298281,17:12:34,17:26:07,Mostly Clear
3782,2024-12-18,14.83263,120.282748,14.824264,120.283287,18:16:21,18:24:43,Partly Cloudy
3783,2024-11-06,14.805657,120.322279,14.824318,120.288942,05:16:56,05:32:35,Light Rain
3784,2024-01-09,14.851648,120.262341,14.817711,120.281155,07:17:38,07:46:41,Cloudy
3785,2024-05-01,14.882666,120.23621,14.82049,120.28308,18:42:32,19:53:40,Cloudy
3786,2024-06-23,14.827189,120.280417,14.831128,120.28953,18:28:34,18:34:02,Light Drizzle
3787,2024-03-23,14.842374,120.282717,14.817148,120.284416,06:55:58,07:08:22,Partly Cloudy
3788,2024-04-23,14.877345,120.233127,14.851334,120.263462,18:52:43,19:15:36,Mostly Clear
3789,2024-05-26,14.849162,120.290929,14.837447,120.283236,12:59:24,13:06:46,Mostly Clear
3790,2024-03-17,14.843023,120.287065,14.822945,120.286812,18:16:44,18:33:02,Mostly Clear
3791,2024-06-23,14.832988,120.286303,14.877321,120.232625,06:05:03,06:39:05,Cloudy
3792,2024-03-29,14.832518,120.282341,14.818377,120.281535,07:26:11,07:35:08,Clear
3793,2024-08-28,14.819211,120.284621,14.839022,120.284449,14:30:24,14:39:49,Mostly Clear
3794,2024-12-10,14.868381,120.291957,14.791785,120.293973,21:42:23,22:12:47,Mostly Clear
3795,2024-09-09,14.842871,120.287536,14.830757,120.273481,19:23:54,19:38:13,Mostly Clear
3796,2024-02-20,14.824228,120.279491,14.819724,120.284387,21:09:05,21:15:48,Cloudy
3797,2024-01-23,14.877619,120.234908,14.82897,120.287484,10:31:43,11:03:28,Mostly Clear
3798,2024-12-20,14.839796,120.284389,14.825351,120.280012,15:40:07,15:46:56,Drizzle
3799,2024-12-27,14.856706,120.290616,14.824259,120.279865,19:28:11,19:51:36,Drizzle
3800,2024-11-26,14.827825,120.294361,14.835963,120.283804,19:15:13,19:29:10,Thunderstorm
3801,2024-12-08,14.829612,120.298423,14.821794,120.271878,17:38:34,17:53:42,Clear
3802,2024-10-04,14.837136,120.278562,14.842976,120.287259,20:28:55,20:33:42,Cloudy
3803,2024-07-21,14.815958,120.284267,14.792573,120.294767,19:06:12,19:20:22,Clear
3804,2024-10-14,14.776419,120.307522,14.824879,120.276888,13:54:41,14:14:02,Rain
3805,2024-03-27,14.820188,120.27572,14.821744,120.297849,19:29:04,19:43:28,Light Drizzle
3806,2024-11-12,14.838006,120.28603,14.821143,120.274818,18:58:51,19:13:11,Cloudy
3807,2024-11-23,14.820701,120.275627,14.824761,120.283116,06:03:22,06:11:06,Light Drizzle
3808,2024-06-29,14.815802,120.283531,14.82203,120.271779,18:36:48,18:45:33,Drizzle
3809,2024-04-12,14.805982,120.323094,14.824441,120.277524,14:11:07,14:26:33,Mostly Clear
3810,2024-03-06,14.839808,120.284596,14.842852,120.286529,11:40:34,11:43:19,Clear
3811,2024-07-24,14.838151,120.285726,14.824279,120.279197,17:57:07,18:06:36,Partly Cloudy
3812,2024-06-14,14.837263,120.277664,14.848377,120.315421,20:49:14,21:09:11,Rain
3813,2024-04-15,14.820504,120.276717,14.82895,120.285543,08:05:01,08:13:44,Rain Showers
3814,2024-10-04,14.826113,120.273022,14.851237,120.255913,17:12:21,17:36:28,Partly Cloudy
3815,2024-02-21,14.824858,120.28017,14.848276,120.254699,21:27:33,21:43:10,Mostly Clear
3816,2024-04-29,14.81565,120.283561,14.82834,120.287182,19:16:24,19:30:05,Light Rain
3817,2024-09-09,14.840468,120.286694,14.83968,120.285703,07:14:32,07:18:05,Drizzle
3818,2024-10-03,14.817778,120.284576,14.820906,120.283753,21:16:11,21:19:26,Light Rain
3819,2024-09-18,14.815668,120.283178,14.824868,120.280014,06:33:48,06:40:19,Cloudy
3820,2024-07-11,14.841882,120.286993,14.843224,120.285888,18:50:00,18:53:46,Drizzle
3821,2024-06-02,14.821347,120.283959,14.817447,120.281868,21:48:13,21:52:46,Drizzle
3822,2024-12-18,14.832656,120.285432,14.820397,120.274792,18:49:52,18:58:15,Clear
3823,2024-05-14,14.825067,120.280855,14.842847,120.287715,06:35:28,06:46:35,Clear
3824,2024-07-13,14.821699,120.298304,14.837142,120.268611,17:24:20,17:51:30,Rain
3825,2024-07-29,14.835445,120.287727,14.824914,120.279602,12:27:13,12:34:26,Rain
3826,2024-06-20,14.832943,120.28546,14.820022,120.283956,07:29:57,07:38:51,Drizzle
3827,2024-09-16,14.828294,120.285384,14.839426,120.284807,12:57:16,13:03:38,Mostly Clear
3828,2024-09-29,14.840561,120.286889,14.836277,120.283251,06:58:14,07:02:44,Heavy Rain Showers
3829,2024-03-06,14.820872,120.275736,14.840118,120.284796,18:59:20,19:09:10,Clear
3830,2024-05-17,14.764931,120.293357,14.843164,120.287136,15:28:29,16:03:49,Light Drizzle
3831,2024-09-18,14.828274,120.295021,14.821886,120.297767,09:05:33,09:09:14,Mostly Clear
3832,2024-11-24,14.822812,120.286752,14.827295,120.28173,05:42:32,05:46:31,Partly Cloudy
3833,2024-09-17,14.789809,120.281484,14.806005,120.322715,16:18:10,16:33:34,Cloudy
3834,2024-06-10,14.789698,120.281974,14.832922,120.282222,18:35:33,18:56:11,Partly Cloudy
3835,2024-03-29,14.851495,120.256118,14.817096,120.283778,21:19:53,21:44:56,Clear
3836,2024-08-27,14.820479,120.28395,14.848761,120.253928,17:36:08,17:55:47,Light Rain
3837,2024-06-09,14.827957,120.281856,14.819132,120.283947,18:01:02,18:10:18,Partly Cloudy
3838,2024-04-22,14.838897,120.284564,14.820053,120.275366,19:09:46,19:31:09,Mostly Clear
3839,2024-02-04,14.84954,120.290797,14.867343,120.292406,20:57:58,21:06:31,Partly Cloudy
3840,2024-06-24,14.828653,120.285373,14.825122,120.281132,15:35:16,15:38:39,Rain Showers
3841,2024-11-24,14.833101,120.284769,14.842729,120.287217,06:45:46,06:53:02,Mostly Clear
3842,2024-11-04,14.823743,120.280207,14.823186,120.287507,17:32:41,17:38:22,Light Rain
3843,2024-10-19,14.830316,120.289638,14.838479,120.283288,05:27:41,05:35:29,Cloudy
3844,2024-02-02,14.833334,120.282739,14.822633,120.301472,12:27:54,12:35:31,Rain Showers
3845,2024-08-04,14.840266,120.286114,14.823199,120.301052,08:55:57,09:05:18,Cloudy
3846,2024-03-24,14.87356,120.235451,14.882449,120.236775,14:08:03,14:12:58,Partly Cloudy
3847,2024-09-13,14.876961,120.232916,14.824927,120.281777,08:07:05,08:42:45,Heavy Rain
3848,2024-05-24,14.842102,120.287541,14.851617,120.256138,19:33:57,19:52:46,Mostly Clear
3849,2024-11-25,14.849043,120.265497,14.825294,120.281586,20:11:45,20:26:27,Clear
3850,2024-06-20,14.877204,120.233076,14.806336,120.322742,15:20:22,16:28:46,Light Rain
3851,2024-06-02,14.819633,120.284354,14.867783,120.292326,18:43:06,19:16:25,Light Rain
3852,2024-06-09,14.837507,120.267691,14.841398,120.286631,12:21:31,12:30:18,Rain
3853,2024-04-12,14.824187,120.28259,14.842634,120.287975,07:36:30,07:52:29,Clear
3854,2024-02-19,14.81764,120.282023,14.838363,120.286036,13:45:51,13:53:20,Mostly Clear
3855,2024-12-27,14.825323,120.277274,14.82245,120.301469,05:27:42,05:37:09,Clear
3856,2024-09-08,14.843477,120.282382,14.838368,120.2837,07:04:00,07:08:57,Light Rain
3857,2024-12-18,14.850948,120.262423,14.823841,120.279111,08:17:38,08:43:42,Cloudy
3858,2024-02-20,14.84365,120.286099,14.824669,120.281692,08:40:23,08:51:47,Cloudy
3859,2024-03-01,14.805523,120.322706,14.820532,120.277303,18:47:04,19:13:12,Fog
3860,2024-10-09,14.817827,120.281268,14.847891,120.254165,17:49:35,18:15:05,Dense Drizzle
3861,2024-06-23,14.815565,120.283224,14.820142,120.284057,13:53:30,13:56:51,Light Rain
3862,2024-11-13,14.840209,120.286424,14.887484,120.237579,06:26:18,06:57:15,Rain
3863,2024-12-25,14.877045,120.232818,14.828026,120.295332,10:38:25,11:21:05,Partly Cloudy
3864,2024-04-28,14.82048,120.275415,14.836583,120.286426,06:10:47,06:23:46,Mostly Clear
3865,2024-03-06,14.82824,120.285414,14.838685,120.284175,06:09:53,06:18:52,Dense Drizzle
3866,2024-12-02,14.856532,120.289338,14.848016,120.25468,19:09:10,19:44:26,Clear
3867,2024-04-01,14.824028,120.289368,14.824497,120.279804,05:46:22,05:51:40,Mostly Clear
3868,2024-03-04,14.839397,120.285673,14.824994,120.280299,18:01:42,18:08:51,Mostly Clear
3869,2024-07-21,14.824756,120.281024,14.815082,120.283529,08:03:37,08:12:00,Mostly Clear
3870,2024-07-14,14.828947,120.28044,14.856678,120.290152,16:50:07,17:03:43,Rain Showers
3871,2024-02-03,14.838396,120.286463,14.838942,120.284246,15:21:56,15:25:47,Partly Cloudy
3872,2024-12-04,14.820644,120.283975,14.817758,120.281279,15:21:00,15:25:15,Drizzle
3873,2024-05-18,14.820281,120.276988,14.826625,120.272953,21:59:40,22:06:30,Mostly Clear
3874,2024-08-19,14.82452,120.282398,14.828067,120.295515,07:58:08,08:10:43,Cloudy
3875,2024-10-14,14.881428,120.236556,14.836454,120.282991,08:04:20,08:29:38,Rime Fog
3876,2024-05-05,14.789589,120.282667,14.81907,120.28434,18:03:47,18:25:41,Partly Cloudy
3877,2024-06-25,14.823692,120.287028,14.843042,120.285445,19:06:45,19:21:44,Rain
3878,2024-03-22,14.839075,120.283913,14.830379,120.273914,19:29:05,19:39:49,Cloudy
3879,2024-11-16,14.848874,120.264616,14.824253,120.280292,08:30:42,08:50:50,Light Drizzle
3880,2024-01-25,14.83638,120.283531,14.81955,120.283881,05:38:41,05:47:22,Mostly Clear
3881,2024-01-01,14.848071,120.254188,14.826019,120.272882,17:52:23,18:07:10,Clear
3882,2024-05-17,14.831028,120.289015,14.87713,120.235081,14:43:49,15:27:01,Mostly Clear
3883,2024-04-24,14.824459,120.283693,14.818769,120.278558,11:48:03,11:53:12,Cloudy
3884,2024-01-24,14.806294,120.322153,14.887438,120.237691,07:58:48,09:05:17,Clear
3885,2024-05-11,14.832775,120.284853,14.826598,120.283319,08:09:27,08:14:11,Drizzle
3886,2024-08-05,14.820178,120.284154,14.856137,120.289963,20:23:45,20:40:54,Rain
3887,2024-08-11,14.887047,120.237744,14.828924,120.280198,15:15:27,15:41:09,Mostly Clear
3888,2024-06-26,14.817925,120.281211,14.818781,120.283627,08:35:05,08:37:45,Thunderstorm
3889,2024-07-03,14.820375,120.284035,14.764571,120.29285,19:50:32,20:22:07,Cloudy
3890,2024-05-15,14.829119,120.279597,14.842919,120.282444,19:30:34,19:42:03,Mostly Clear
3891,2024-06-09,14.839545,120.283849,14.842265,120.286854,17:32:29,17:37:13,Partly Cloudy
3892,2024-02-01,14.842558,120.287674,14.820687,120.283875,17:35:46,17:46:51,Partly Cloudy
3893,2024-08-15,14.877646,120.235126,14.8214,120.273382,19:14:19,20:03:48,Heavy Rain
3894,2024-09-09,14.815706,120.283866,14.82165,120.271457,18:21:08,18:31:53,Drizzle
3895,2024-10-23,14.877208,120.23294,14.805994,120.322856,07:17:37,08:14:24,Partly Cloudy
3896,2024-06-13,14.829544,120.298159,14.848928,120.291798,19:52:42,20:07:46,Clear
3897,2024-09-13,14.832993,120.282118,14.822735,120.301577,18:46:11,19:02:57,Rain
3898,2024-05-27,14.877387,120.235112,14.832822,120.282159,12:38:09,13:05:22,Partly Cloudy
3899,2024-06-18,14.817894,120.2814,14.838149,120.283541,13:17:36,13:24:51,Light Drizzle
3900,2024-09-01,14.76489,120.293115,14.822227,120.302157,18:37:37,19:04:41,Light Drizzle
3901,2024-12-02,14.836773,120.277953,14.843141,120.281912,13:46:45,13:51:14,Clear
3902,2024-10-14,14.828532,120.286221,14.789425,120.281841,08:40:38,09:01:37,Light Drizzle
3903,2024-07-04,14.835444,120.287305,14.827752,120.281795,06:37:48,06:44:59,Cloudy
3904,2024-01-24,14.839733,120.283684,14.827668,120.281859,14:06:48,14:15:21,Dense Drizzle
3905,2024-08-12,14.83809,120.285963,14.826184,120.283131,17:35:08,17:48:47,Mostly Clear
3906,2024-06-07,14.830344,120.289121,14.841562,120.286791,17:29:23,17:38:41,Mostly Clear
3907,2024-09-23,14.829223,120.287794,14.822002,120.298361,19:34:15,19:42:49,Clear
3908,2024-09-10,14.822151,120.272156,14.843416,120.281718,18:10:34,18:23:38,Partly Cloudy
3909,2024-03-15,14.815626,120.283344,14.851425,120.262935,17:10:57,17:29:05,Clear
3910,2024-03-17,14.829949,120.298673,14.823262,120.288008,13:24:06,13:32:47,Clear
3911,2024-09-16,14.819993,120.283592,14.828292,120.294844,22:05:46,22:11:33,Mostly Clear
3912,2024-03-28,14.836985,120.278537,14.837465,120.26827,18:51:38,18:58:41,Partly Cloudy
3913,2024-11-08,14.873379,120.235188,14.817885,120.281139,08:23:53,08:58:59,Mostly Clear
3914,2024-10-14,14.805721,120.322267,14.821852,120.273221,17:51:16,18:26:12,Thunderstorm
3915,2024-02-09,14.819683,120.284531,14.822679,120.287978,18:21:13,18:27:31,Mostly Clear
3916,2024-07-04,14.827826,120.281744,14.837691,120.286132,09:41:34,09:47:16,Partly Cloudy
3917,2024-10-09,14.856942,120.290535,14.840203,120.285145,17:45:46,18:03:24,Partly Cloudy
3918,2024-10-03,14.820807,120.283552,14.838666,120.283737,10:40:27,10:48:19,Partly Cloudy
3919,2024-09-03,14.839634,120.283039,14.829755,120.274126,18:51:18,19:04:11,Partly Cloudy
3920,2024-02-11,14.821005,120.275405,14.824945,120.283348,08:59:33,09:05:17,Mostly Clear
3921,2024-07-21,14.790124,120.281433,14.817924,120.281088,17:03:44,17:19:23,Drizzle
3922,2024-02-20,14.823394,120.287387,14.81937,120.283969,14:24:19,14:28:47,Drizzle
3923,2024-06-19,14.820338,120.284062,14.827304,120.280376,10:12:39,10:18:11,Clear
3924,2024-04-05,14.827144,120.287852,14.815939,120.284321,06:52:33,07:01:58,Light Rain
3925,2024-04-18,14.836802,120.277832,14.835862,120.290183,19:38:14,19:45:12,Clear
3926,2024-12-05,14.873448,120.235193,14.821393,120.271731,15:09:47,15:32:39,Clear
3927,2024-07-04,14.848445,120.290518,14.805779,120.323189,05:58:26,06:15:10,Dense Drizzle
3928,2024-10-24,14.820111,120.284079,14.839963,120.284977,18:53:43,19:03:48,Partly Cloudy
3929,2024-03-09,14.821251,120.284379,14.828699,120.287274,14:20:47,14:26:15,Mostly Clear
3930,2024-03-19,14.877911,120.234858,14.820658,120.284497,18:58:23,19:29:01,Light Drizzle
3931,2024-04-19,14.815046,120.283429,14.838535,120.282834,05:51:04,06:05:17,Mostly Clear
3932,2024-03-18,14.827067,120.28014,14.825403,120.277794,21:20:30,21:23:59,Partly Cloudy
3933,2024-02-22,14.805621,120.322113,14.882476,120.235713,18:35:33,20:04:26,Partly Cloudy
3934,2024-04-26,14.836451,120.290437,14.826462,120.282983,10:09:26,10:15:50,Mostly Clear
3935,2024-08-12,14.820445,120.276667,14.832781,120.282097,07:06:40,07:14:41,Dense Drizzle
3936,2024-10-17,14.829109,120.282355,14.824635,120.279649,18:38:26,18:43:12,Mostly Clear
3937,2024-08-05,14.825305,120.282849,14.876733,120.232306,22:44:27,23:10:04,Cloudy
3938,2024-06-03,14.83897,120.282908,14.764754,120.253798,20:10:58,20:37:10,Cloudy
3939,2024-05-22,14.820919,120.275474,14.820598,120.284386,16:11:21,16:16:43,Clear
3940,2024-12-05,14.829448,120.28779,14.824517,120.27967,06:46:47,06:51:53,Mostly Clear
3941,2024-02-01,14.819468,120.283843,14.824243,120.279748,15:08:24,15:13:00,Clear
3942,2024-01-25,14.789716,120.281949,14.825123,120.280371,15:29:36,15:47:01,Clear
3943,2024-10-18,14.835265,120.287931,14.838626,120.283683,13:21:00,13:24:24,Light Rain
3944,2024-01-28,14.838894,120.283312,14.826916,120.272666,08:24:17,08:37:24,Mostly Clear
3945,2024-05-08,14.836861,120.278103,14.828862,120.280577,11:30:02,11:35:01,Mostly Clear
3946,2024-01-31,14.887968,120.237735,14.837414,120.28356,05:36:33,06:08:59,Rime Fog
3947,2024-02-29,14.823733,120.30073,14.873589,120.23532,18:41:12,19:45:49,Mostly Clear
3948,2024-07-21,14.824079,120.279641,14.820791,120.283803,17:05:27,17:10:30,Light Drizzle
3949,2024-05-22,14.821909,120.29832,14.851233,120.256127,07:17:39,07:52:04,Mostly Clear
3950,2024-06-19,14.819794,120.276451,14.819361,120.28406,06:39:58,06:47:38,Light Rain
3951,2024-07-13,14.849466,120.254306,14.819094,120.284157,09:58:26,10:13:37,Partly Cloudy
3952,2024-04-22,14.82689,120.279834,14.821923,120.271372,18:16:17,18:22:44,Rain
3953,2024-11-09,14.824367,120.289727,14.824377,120.27854,07:41:48,07:50:52,Thunderstorm
3954,2024-03-12,14.839995,120.283219,14.821993,120.298375,18:01:09,18:12:47,Cloudy
3955,2024-01-17,14.824289,120.289729,14.843155,120.286224,05:49:43,05:58:17,Partly Cloudy
3956,2024-01-04,14.823951,120.289453,14.822606,120.301922,22:35:26,22:40:33,Clear
3957,2024-07-09,14.87714,120.231686,14.829483,120.280068,17:32:46,18:09:37,Cloudy
3958,2024-06-25,14.822719,120.301566,14.836577,120.278636,11:27:33,11:40:19,Clear
3959,2024-01-22,14.829017,120.280482,14.848852,120.315158,21:08:59,21:21:54,Rain
3960,2024-06-26,14.877303,120.231761,14.824285,120.288918,19:18:04,20:02:59,Cloudy
3961,2024-08-26,14.835278,120.288676,14.824293,120.279912,17:39:21,17:53:59,Rain
3962,2024-02-10,14.849862,120.264897,14.851372,120.262474,18:30:52,18:35:09,Clear
3963,2024-12-29,14.824358,120.279823,14.815524,120.284114,05:24:42,05:29:52,Partly Cloudy
3964,2024-03-07,14.83258,120.282089,14.825045,120.28187,21:48:36,21:52:21,Rain Showers
3965,2024-08-18,14.818454,120.278461,14.830214,120.298929,07:13:00,07:25:46,Light Rain
3966,2024-03-16,14.84285,120.287187,14.789283,120.28239,05:05:07,05:31:15,Drizzle
3967,2024-02-23,14.772584,120.258304,14.824833,120.280157,15:56:23,16:15:03,Light Drizzle
3968,2024-06-28,14.837461,120.279534,14.827628,120.280058,21:21:27,21:25:37,Clear
3969,2024-03-10,14.821375,120.27855,14.805908,120.322868,15:20:14,15:37:54,Clear
3970,2024-07-27,14.823933,120.301321,14.836677,120.278005,07:49:45,08:00:59,Light Drizzle
3971,2024-07-30,14.81597,120.28288,14.839931,120.285278,16:39:29,16:53:58,Rain
3972,2024-03-21,14.818171,120.281016,14.82052,120.276,18:14:28,18:18:57,Clear
3973,2024-04-27,14.848601,120.290454,14.823705,120.288938,17:29:24,17:44:44,Partly Cloudy
3974,2024-07-22,14.827881,120.282074,14.840461,120.286683,13:39:44,13:45:00,Drizzle
3975,2024-10-28,14.817823,120.284367,14.838772,120.284244,18:33:59,18:49:35,Clear
3976,2024-12-17,14.848142,120.255161,14.819972,120.284345,08:37:14,08:58:28,Mostly Clear
3977,2024-04-08,14.836303,120.283434,14.819763,120.278159,22:43:03,22:52:49,Clear
3978,2024-02-05,14.877636,120.234616,14.837954,120.285853,19:00:46,19:48:27,Mostly Clear
3979,2024-07-05,14.824495,120.277077,14.848656,120.255403,17:03:56,17:26:38,Heavy Rain Showers
3980,2024-03-31,14.83986,120.285571,14.815545,120.2835,13:08:39,13:24:36,Partly Cloudy
3981,2024-06-19,14.830511,120.274072,14.839706,120.283365,07:33:55,07:41:48,Partly Cloudy
3982,2024-03-11,14.821885,120.298348,14.872899,120.235641,19:37:57,20:20:25,Light Drizzle
3983,2024-05-06,14.829625,120.287707,14.836548,120.289992,08:08:43,08:16:46,Clear
3984,2024-10-16,14.83062,120.273144,14.824865,120.280158,06:37:45,06:43:31,Cloudy
3985,2024-10-12,14.837393,120.267504,14.83562,120.286078,15:26:09,15:34:49,Light Rain
3986,2024-09-05,14.819357,120.279022,14.821777,120.278772,10:04:41,10:07:22,Rain
3987,2024-05-28,14.815202,120.283442,14.882058,120.236471,17:19:23,18:07:50,Partly Cloudy
3988,2024-08-28,14.843266,120.286348,14.829078,120.280841,07:19:14,07:29:12,Light Rain
3989,2024-12-28,14.868431,120.29285,14.824289,120.280067,08:18:24,08:40:02,Partly Cloudy
3990,2024-02-22,14.868038,120.29239,14.820989,120.275449,15:59:38,16:17:52,Partly Cloudy
3991,2024-03-24,14.828215,120.286193,14.841494,120.283469,18:40:46,18:49:14,Clear
3992,2024-03-29,14.821205,120.275054,14.85098,120.262542,09:41:53,09:54:27,Mostly Clear
3993,2024-08-03,14.823212,120.279465,14.842933,120.281888,19:45:25,19:59:24,Cloudy
3994,2024-10-06,14.816334,120.283027,14.88207,120.236448,18:37:31,19:30:58,Drizzle
3995,2024-08-15,14.815836,120.284181,14.839887,120.286833,05:38:53,05:50:30,Partly Cloudy
3996,2024-08-08,14.824066,120.30032,14.827263,120.280216,06:52:28,07:04:42,Cloudy
3997,2024-02-24,14.818416,120.2811,14.820954,120.277154,19:29:30,19:34:53,Clear
3998,2024-07-02,14.848151,120.255019,14.820633,120.276433,08:36:43,08:58:29,Rain
3999,2024-02-04,14.825108,120.280551,14.825938,120.273318,20:46:04,20:50:38,Clear
4000,2024-09-08,14.828439,120.295342,14.829238,120.286818,18:14:51,18:21:38,Drizzle
4001,2024-09-05,14.876575,120.23207,14.829431,120.286994,21:17:15,21:48:23,Cloudy
4002,2024-12-31,14.824899,120.281057,14.85684,120.290608,12:33:27,12:49:31,Partly Cloudy
4003,2024-11-09,14.836716,120.29016,14.824386,120.28332,15:09:39,15:16:42,Clear
4004,2024-10-10,14.827809,120.294274,14.842934,120.281748,19:21:55,19:36:01,Light Rain
4005,2024-11-19,14.844084,120.285826,14.820067,120.284135,06:46:26,07:00:58,Light Drizzle
4006,2024-05-12,14.849239,120.264872,14.820045,120.284043,16:30:54,16:47:15,Clear
4007,2024-08-18,14.842697,120.286995,14.792461,120.29446,09:23:33,09:42:01,Rain
4008,2024-11-25,14.825241,120.276924,14.824307,120.289679,18:21:31,18:30:26,Heavy Rain
4009,2024-05-24,14.828702,120.294844,14.822736,120.301548,14:23:18,14:27:41,Partly Cloudy
4010,2024-06-18,14.764319,120.25322,14.840879,120.286096,14:31:56,15:19:07,Light Drizzle
4011,2024-12-02,14.830175,120.273485,14.764996,120.293388,08:47:02,09:11:38,Clear
4012,2024-10-25,14.830466,120.288791,14.832404,120.285587,19:29:48,19:33:11,Light Drizzle
4013,2024-12-03,14.837855,120.283355,14.824039,120.290038,17:16:02,17:26:33,Partly Cloudy
4014,2024-02-12,14.877355,120.235551,14.838092,120.285468,19:04:09,19:39:06,Partly Cloudy
4015,2024-08-05,14.839,120.283856,14.791971,120.294626,07:50:48,08:29:01,Clear
4016,2024-01-18,14.828647,120.286275,14.817706,120.28403,06:55:54,07:02:27,Light Drizzle
4017,2024-10-01,14.873543,120.235876,14.836018,120.286881,07:32:32,07:57:09,Heavy Rain Showers
4018,2024-05-30,14.841683,120.286429,14.776228,120.307988,14:17:06,14:47:46,Light Rain
4019,2024-07-31,14.820938,120.274804,14.827074,120.286584,08:20:23,08:28:01,Cloudy
4020,2024-09-07,14.823786,120.300059,14.823474,120.283139,07:08:33,07:18:57,Light Drizzle
4021,2024-07-29,14.82298,120.287616,14.839617,120.28477,19:46:20,19:56:47,Dense Drizzle
4022,2024-03-04,14.835223,120.287807,14.830288,120.273473,05:39:26,05:49:08,Mostly Clear
4023,2024-06-18,14.828745,120.281711,14.789729,120.282327,17:36:43,17:59:50,Drizzle
4024,2024-01-04,14.819323,120.278745,14.818252,120.280685,08:35:59,08:40:01,Partly Cloudy
4025,2024-06-23,14.836996,120.278718,14.823848,120.27911,05:14:06,05:22:33,Cloudy
4026,2024-12-06,14.821452,120.273468,14.80588,120.322836,14:35:41,14:51:26,Clear
4027,2024-08-28,14.838278,120.284297,14.829122,120.287242,20:39:46,20:46:45,Partly Cloudy
4028,2024-05-24,14.823261,120.28316,14.824538,120.289183,09:28:51,09:35:11,Clear
4029,2024-04-22,14.764775,120.2936,14.848875,120.290937,21:50:19,22:17:35,Clear
4030,2024-11-15,14.816156,120.283266,14.833088,120.282047,22:11:32,22:22:32,Cloudy
4031,2024-07-01,14.838526,120.284283,14.832919,120.282194,19:25:22,19:30:15,Mostly Clear
4032,2024-10-12,14.82017,120.274775,14.816073,120.284121,07:48:53,07:56:14,Mostly Clear
4033,2024-09-08,14.842901,120.286971,14.849405,120.265177,18:10:50,18:30:24,Clear
4034,2024-04-07,14.839866,120.284529,14.817457,120.283943,20:23:23,20:32:04,Mostly Clear
4035,2024-05-31,14.842286,120.287356,14.835589,120.282144,08:50:30,08:59:08,Mostly Clear
4036,2024-08-10,14.82914,120.287186,14.877489,120.235287,06:04:49,06:45:18,Cloudy
4037,2024-04-03,14.848723,120.290979,14.839537,120.283873,06:55:08,07:04:36,Mostly Clear
4038,2024-04-06,14.87715,120.232005,14.877013,120.232913,21:32:56,21:35:18,Clear
4039,2024-01-07,14.821404,120.271268,14.837301,120.28329,05:47:37,05:55:29,Mostly Clear
4040,2024-05-15,14.825138,120.277384,14.839556,120.284223,15:48:18,15:55:37,Partly Cloudy
4041,2024-08-01,14.776117,120.30792,14.822648,120.272324,17:09:28,17:50:15,Drizzle
4042,2024-06-13,14.820188,120.284531,14.847814,120.254708,17:54:20,18:23:10,Heavy Rain
4043,2024-12-10,14.820258,120.276991,14.827589,120.280416,07:21:14,07:26:22,Clear
4044,2024-08-23,14.792344,120.294029,14.842588,120.288121,12:17:47,12:47:57,Light Rain
4045,2024-02-05,14.83323,120.284998,14.840264,120.285539,08:52:13,08:56:45,Mostly Clear
4046,2024-02-16,14.790338,120.282167,14.839537,120.284671,20:29:13,20:55:10,Mostly Clear
4047,2024-03-13,14.81589,120.31606,14.876605,120.23174,09:00:03,09:55:29,Clear
4048,2024-05-29,14.815778,120.283475,14.823411,120.286977,19:56:03,20:04:49,Cloudy
4049,2024-11-10,14.838224,120.283334,14.842932,120.28733,14:17:49,14:21:07,Cloudy
4050,2024-09-24,14.848931,120.264385,14.840172,120.284478,07:57:13,08:09:02,Mostly Clear
4051,2024-11-04,14.824611,120.280303,14.797757,120.271921,14:26:09,14:44:54,Clear
4052,2024-07-06,14.818934,120.283573,14.775998,120.307789,16:32:10,16:50:53,Cloudy
4053,2024-12-04,14.828921,120.287461,14.838022,120.285354,11:17:03,11:23:19,Light Drizzle
4054,2024-04-07,14.827584,120.281371,14.830731,120.288914,18:52:09,18:58:55,Rain Showers
4055,2024-09-04,14.820216,120.283999,14.841789,120.282845,17:40:39,17:55:06,Clear
4056,2024-10-02,14.822277,120.272201,14.887373,120.23754,15:28:59,15:55:56,Rain
4057,2024-09-25,14.817636,120.281391,14.829095,120.287651,22:03:37,22:10:48,Rain
4058,2024-03-07,14.827054,120.286565,14.771952,120.258944,22:14:38,22:48:00,Clear
4059,2024-10-21,14.82775,120.286652,14.835768,120.286662,15:59:12,16:05:25,Mostly Clear
4060,2024-02-28,14.82967,120.298694,14.832823,120.281621,13:55:58,14:05:40,Mostly Clear
4061,2024-05-18,14.839592,120.282886,14.821979,120.272317,17:18:32,17:34:27,Partly Cloudy
4062,2024-05-30,14.820561,120.283699,14.817545,120.280833,15:04:34,15:06:50,Clear
4063,2024-05-21,14.821183,120.278175,14.847869,120.254827,06:49:00,07:03:36,Cloudy
4064,2024-03-28,14.842793,120.287296,14.849218,120.315667,18:39:07,18:52:47,Clear
4065,2024-11-24,14.836426,120.29011,14.8348,120.287843,18:26:54,18:30:45,Drizzle
4066,2024-01-31,14.824713,120.283097,14.792281,120.294478,20:42:16,20:53:24,Clear
4067,2024-06-28,14.83251,120.284921,14.837432,120.283134,10:40:01,10:43:03,Partly Cloudy
4068,2024-01-02,14.829661,120.298632,14.827833,120.294308,11:03:31,11:07:36,Mostly Clear
4069,2024-03-16,14.87754,120.234982,14.822771,120.282817,13:41:51,14:22:33,Clear
4070,2024-04-11,14.827268,120.279933,14.828436,120.285457,19:11:43,19:17:37,Clear
4071,2024-05-24,14.820731,120.275604,14.830417,120.274075,18:04:29,18:13:23,Clear
4072,2024-12-03,14.829326,120.287465,14.818951,120.283737,18:33:07,18:42:43,Light Drizzle
4073,2024-07-28,14.829332,120.287365,14.839666,120.283504,08:08:04,08:16:17,Mostly Clear
4074,2024-01-13,14.849234,120.264965,14.829325,120.28072,12:48:04,13:02:12,Clear
4075,2024-03-18,14.836719,120.290762,14.772249,120.258553,18:38:51,19:10:59,Mostly Clear
4076,2024-06-01,14.822189,120.299013,14.851027,120.25632,13:44:49,14:13:14,Light Rain
4077,2024-06-28,14.792335,120.294079,14.84153,120.286889,12:35:36,13:01:35,Heavy Rain Showers
4078,2024-06-07,14.829281,120.28725,14.823457,120.287785,09:06:44,09:12:33,Clear
4079,2024-03-11,14.851165,120.26286,14.841725,120.28692,14:30:17,14:46:38,Partly Cloudy
4080,2024-04-20,14.826713,120.279737,14.838976,120.283807,12:34:15,12:40:27,Mostly Clear
4081,2024-05-29,14.857075,120.290282,14.821331,120.273625,18:15:09,18:41:06,Partly Cloudy
4082,2024-11-26,14.877081,120.232968,14.764453,120.253148,14:12:16,14:47:16,Clear
4083,2024-04-16,14.828548,120.28607,14.849623,120.265193,08:33:52,08:46:03,Rain Showers
4084,2024-11-06,14.822886,120.283007,14.837887,120.285971,14:49:30,14:57:50,Light Rain
4085,2024-09-18,14.820555,120.28372,14.821868,120.272275,18:02:29,18:12:20,Rain Showers
4086,2024-09-21,14.887501,120.237512,14.822,120.273776,14:45:29,15:11:56,Mostly Clear
4087,2024-12-04,14.824279,120.280321,14.8271,120.279828,05:39:58,05:43:22,Partly Cloudy
4088,2024-07-31,14.764328,120.253112,14.82195,120.273495,16:46:49,17:09:35,Light Drizzle
4089,2024-09-07,14.815932,120.283289,14.847599,120.253963,17:55:50,18:15:33,Mostly Clear
4090,2024-07-16,14.840358,120.287524,14.764953,120.292716,07:41:51,08:31:27,Clear
4091,2024-03-15,14.86781,120.292421,14.824442,120.282137,07:08:27,07:39:31,Clear
4092,2024-07-02,14.841658,120.282633,14.887648,120.237424,07:22:59,07:51:23,Drizzle
4093,2024-07-04,14.792047,120.29456,14.819952,120.284551,11:14:22,11:30:40,Light Drizzle
4094,2024-02-19,14.877609,120.233285,14.826632,120.273024,09:02:25,09:26:26,Partly Cloudy
4095,2024-12-26,14.82469,120.27789,14.836641,120.277934,22:21:49,22:30:10,Cloudy
4096,2024-05-14,14.823147,120.287963,14.829038,120.2804,13:35:56,13:42:45,Clear
4097,2024-04-29,14.867952,120.292381,14.851761,120.256098,13:06:36,13:24:05,Partly Cloudy
4098,2024-12-08,14.789297,120.282085,14.828383,120.286088,19:39:34,19:57:14,Cloudy
4099,2024-10-26,14.848827,120.255081,14.830372,120.298737,20:44:21,21:05:12,Partly Cloudy
4100,2024-06-03,14.828692,120.282218,14.819631,120.278891,17:29:12,17:36:10,Light Drizzle
4101,2024-11-08,14.827882,120.285475,14.839908,120.283186,07:57:40,08:04:22,Rain
4102,2024-04-11,14.867978,120.292273,14.764067,120.253053,14:55:00,15:40:22,Fog
4103,2024-08-17,14.829251,120.287059,14.836318,120.290586,06:46:11,06:51:07,Mostly Clear
4104,2024-02-29,14.828523,120.294925,14.820857,120.283371,19:27:39,19:35:45,Cloudy
4105,2024-02-15,14.829675,120.299288,14.82405,120.289734,16:21:47,16:26:26,Clear
4106,2024-06-27,14.828603,120.279872,14.848897,120.315681,17:23:14,17:50:48,Light Rain
4107,2024-04-28,14.840022,120.28719,14.824596,120.279198,06:55:14,07:04:45,Partly Cloudy
4108,2024-10-30,14.849143,120.290648,14.834698,120.282152,08:53:01,09:06:52,Rain Showers
4109,2024-08-04,14.82763,120.294736,14.822695,120.301584,17:24:35,17:29:49,Partly Cloudy
4110,2024-11-25,14.830457,120.27359,14.764553,120.292936,06:04:48,06:56:03,Light Drizzle
4111,2024-09-06,14.82213,120.283051,14.829174,120.287162,12:14:05,12:19:00,Clear
4112,2024-07-08,14.824031,120.300655,14.841316,120.287052,11:00:11,11:11:48,Rain
4113,2024-11-24,14.824766,120.278129,14.789829,120.282056,07:29:57,07:57:25,Partly Cloudy
4114,2024-01-28,14.820739,120.275011,14.821876,120.274451,16:20:57,16:23:50,Partly Cloudy
4115,2024-06-05,14.841161,120.286837,14.856532,120.289673,08:07:47,08:16:32,Light Rain
4116,2024-03-10,14.835797,120.286383,14.817636,120.284106,17:29:37,17:45:15,Mostly Clear
4117,2024-06-27,14.828759,120.281656,14.848939,120.264955,17:14:41,17:33:36,Light Drizzle
4118,2024-02-29,14.873756,120.235423,14.824469,120.282339,08:01:55,08:33:01,Mostly Clear
4119,2024-09-13,14.848892,120.25463,14.82046,120.283601,07:10:04,07:33:06,Mostly Clear
4120,2024-10-08,14.837539,120.278927,14.847665,120.254205,18:14:08,18:28:24,Partly Cloudy
4121,2024-02-18,14.828826,120.280771,14.824749,120.277942,07:58:13,08:02:51,Drizzle
4122,2024-02-06,14.830447,120.289208,14.85166,120.256161,17:57:30,18:31:31,Clear
4123,2024-08-19,14.840347,120.286285,14.820507,120.283999,05:42:14,05:54:17,Dense Drizzle
4124,2024-08-10,14.824765,120.283051,14.82659,120.272128,17:03:27,17:11:18,Partly Cloudy
4125,2024-03-12,14.842753,120.281971,14.841979,120.286402,08:40:30,08:44:41,Clear
4126,2024-05-16,14.817571,120.284804,14.826964,120.286905,11:25:38,11:30:19,Partly Cloudy
4127,2024-02-15,14.843198,120.282156,14.823787,120.279267,06:36:56,06:48:00,Clear
4128,2024-04-12,14.828726,120.287237,14.820041,120.284713,06:35:24,06:42:03,Partly Cloudy
4129,2024-08-06,14.835022,120.28218,14.820741,120.275379,20:01:51,20:11:35,Clear
4130,2024-02-12,14.818053,120.28129,14.764002,120.252824,18:00:23,18:37:30,Light Drizzle
4131,2024-01-12,14.835499,120.282815,14.82641,120.272889,15:39:11,15:46:14,Clear
4132,2024-12-18,14.819956,120.283398,14.83091,120.288865,17:24:58,17:35:16,Clear
4133,2024-07-02,14.851408,120.26319,14.823212,120.287669,11:37:16,11:50:39,Light Rain
4134,2024-03-13,14.836457,120.290994,14.818147,120.283381,17:26:14,17:35:40,Clear
4135,2024-10-31,14.856757,120.289985,14.815502,120.283509,17:35:24,17:56:58,Cloudy
4136,2024-08-22,14.82888,120.285799,14.822477,120.300954,07:20:54,07:34:03,Cloudy
4137,2024-08-08,14.822745,120.301843,14.832855,120.282968,15:22:33,15:31:57,Partly Cloudy
4138,2024-12-27,14.823932,120.279088,14.821491,120.273838,14:26:43,14:31:14,Mostly Clear
4139,2024-07-28,14.816108,120.283252,14.848034,120.25465,18:03:16,18:21:10,Drizzle
4140,2024-08-07,14.87789,120.235546,14.823224,120.301627,17:39:55,18:26:13,Light Drizzle
4141,2024-10-25,14.789319,120.282527,14.821336,120.278477,17:40:29,17:57:13,Rain
4142,2024-08-18,14.832703,120.281983,14.822873,120.301521,17:19:52,17:33:40,Light Rain
4143,2024-06-07,14.82471,120.282526,14.887366,120.237177,15:26:07,15:49:29,Rime Fog
4144,2024-02-08,14.817565,120.283735,14.824911,120.276883,13:54:09,13:59:31,Mostly Clear
4145,2024-07-14,14.829313,120.286815,14.815862,120.283521,08:12:29,08:21:58,Partly Cloudy
4146,2024-07-28,14.851417,120.263072,14.817799,120.281294,07:05:10,07:25:26,Cloudy
4147,2024-03-20,14.815918,120.283581,14.851188,120.263458,18:53:22,19:08:44,Mostly Clear
4148,2024-10-14,14.877238,120.232971,14.82653,120.283247,06:59:56,07:43:03,Thunderstorm
4149,2024-01-12,14.842812,120.287147,14.848878,120.315062,18:57:02,19:09:46,Mostly Clear
4150,2024-07-18,14.820999,120.283504,14.823451,120.278977,22:23:31,22:28:00,Cloudy
4151,2024-09-27,14.819047,120.283934,14.825297,120.277023,11:20:24,11:25:49,Mostly Clear
4152,2024-09-22,14.826269,120.27281,14.848581,120.3145,19:23:26,19:51:30,Rain Showers
4153,2024-06-14,14.840204,120.283198,14.841463,120.287047,20:42:26,20:46:04,Rain
4154,2024-05-17,14.851428,120.255963,14.835249,120.287723,16:01:07,16:18:03,Partly Cloudy
4155,2024-03-21,14.828958,120.280414,14.764229,120.252969,18:34:15,19:15:16,Drizzle
4156,2024-10-02,14.84053,120.286688,14.805638,120.322225,06:27:45,06:47:32,Heavy Rain Showers
4157,2024-10-02,14.830794,120.289319,14.839483,120.283394,05:38:50,05:45:06,Fog
4158,2024-05-02,14.825405,120.28049,14.828211,120.281952,07:46:03,07:50:10,Clear
4159,2024-05-31,14.764385,120.252999,14.827536,120.281922,21:06:39,21:30:00,Mostly Clear
4160,2024-07-21,14.842773,120.28773,14.837904,120.283023,08:11:15,08:15:37,Clear
4161,2024-08-17,14.776147,120.30788,14.822071,120.298611,18:13:13,18:36:08,Rain
4162,2024-01-11,14.877079,120.232668,14.824955,120.281957,21:12:04,21:47:38,Partly Cloudy
4163,2024-06-24,14.797772,120.271973,14.835345,120.287082,12:42:41,12:57:23,Light Drizzle
4164,2024-08-12,14.842826,120.286355,14.817895,120.281248,07:29:45,07:48:43,Partly Cloudy
4165,2024-04-26,14.820994,120.278509,14.838243,120.286562,22:05:21,22:16:37,Mostly Clear
4166,2024-11-10,14.830758,120.289519,14.838491,120.283243,08:04:32,08:15:46,Heavy Rain
4167,2024-10-21,14.827662,120.281908,14.826918,120.283663,17:18:26,17:21:50,Partly Cloudy
4168,2024-01-20,14.820464,120.275521,14.877992,120.234808,16:34:58,17:06:28,Mostly Clear
4169,2024-01-29,14.806411,120.323264,14.829737,120.287272,11:52:46,12:07:18,Drizzle
4170,2024-11-05,14.817875,120.281147,14.835298,120.282047,17:46:31,17:55:50,Cloudy
4171,2024-03-28,14.848912,120.290932,14.821239,120.279507,07:22:56,07:46:08,Light Drizzle
4172,2024-11-16,14.832896,120.281855,14.849334,120.315297,17:52:46,18:16:14,Mostly Clear
4173,2024-02-22,14.836885,120.289673,14.848605,120.254939,17:54:00,18:19:21,Cloudy
4174,2024-05-24,14.823986,120.289025,14.828783,120.280869,08:06:39,08:12:29,Cloudy
4175,2024-07-21,14.847709,120.254373,14.827269,120.279886,08:35:42,08:54:22,Dense Drizzle
4176,2024-07-01,14.837288,120.277962,14.84204,120.286654,19:00:43,19:09:59,Light Drizzle
4177,2024-12-19,14.829184,120.287166,14.819902,120.284249,20:01:18,20:07:33,Clear
4178,2024-10-26,14.830289,120.28933,14.839099,120.284866,21:32:47,21:39:05,Drizzle
4179,2024-09-30,14.817211,120.284616,14.823969,120.279517,21:45:40,21:52:51,Rain
4180,2024-04-26,14.848898,120.29099,14.835953,120.290354,16:59:51,17:08:35,Drizzle
4181,2024-08-22,14.839499,120.283337,14.836146,120.282717,21:52:05,21:54:47,Mostly Clear
4182,2024-06-20,14.797922,120.271786,14.819814,120.278646,21:42:41,21:51:09,Cloudy
4183,2024-08-30,14.839736,120.285051,14.837907,120.278912,12:52:37,12:56:47,Dense Drizzle
4184,2024-06-29,14.824406,120.279582,14.826468,120.282492,18:47:56,18:51:58,Mostly Clear
4185,2024-03-28,14.820036,120.284041,14.798186,120.271231,10:39:16,10:50:05,Partly Cloudy
4186,2024-03-24,14.819788,120.283828,14.856691,120.289684,16:47:15,16:58:55,Drizzle
4187,2024-06-29,14.84376,120.286332,14.821342,120.273973,17:16:23,17:31:37,Drizzle
4188,2024-03-10,14.836443,120.290212,14.820296,120.284399,21:52:11,22:01:50,Clear
4189,2024-06-14,14.829785,120.298829,14.83963,120.284104,14:12:27,14:22:03,Partly Cloudy
4190,2024-05-16,14.876945,120.234904,14.824202,120.279872,18:08:19,18:45:44,Clear
4191,2024-04-17,14.857294,120.290538,14.836634,120.277494,14:01:04,14:10:38,Clear
4192,2024-11-18,14.827476,120.281939,14.841862,120.282683,19:39:25,19:53:10,Partly Cloudy
4193,2024-05-06,14.789366,120.282156,14.840866,120.286508,10:38:14,10:54:57,Mostly Clear
4194,2024-05-22,14.835496,120.282039,14.82448,120.27998,19:14:08,19:23:42,Light Rain
4195,2024-02-21,14.852183,120.25625,14.838957,120.283946,07:50:16,08:20:42,Partly Cloudy
4196,2024-01-13,14.835334,120.282033,14.86778,120.292148,22:26:41,22:39:43,Drizzle
4197,2024-03-22,14.830337,120.27394,14.815692,120.283139,16:35:11,16:42:14,Heavy Rain Showers
4198,2024-01-24,14.823615,120.286888,14.822788,120.301484,18:34:59,18:43:35,Thunderstorm
4199,2024-09-05,14.820323,120.28366,14.764441,120.253451,18:18:43,18:59:17,Fog
4200,2024-02-11,14.820239,120.27566,14.835025,120.287954,18:53:03,19:03:20,Partly Cloudy
4201,2024-08-26,14.764429,120.293771,14.820062,120.276526,17:30:41,17:56:18,Cloudy
4202,2024-01-19,14.876409,120.23319,14.824659,120.281353,08:07:36,08:43:45,Mostly Clear
4203,2024-05-24,14.820108,120.28397,14.837455,120.26845,19:34:26,19:48:07,Mostly Clear
4204,2024-12-30,14.881765,120.236713,14.837279,120.278079,07:42:33,08:16:44,Mostly Clear
4205,2024-12-13,14.830267,120.298822,14.776546,120.307826,20:57:30,21:16:07,Mostly Clear
4206,2024-11-21,14.824918,120.277193,14.841999,120.286546,06:43:03,06:57:38,Light Rain
4207,2024-02-16,14.829134,120.287055,14.822202,120.272246,21:11:34,21:18:55,Clear
4208,2024-10-20,14.848374,120.254872,14.856559,120.28919,21:26:58,21:43:27,Partly Cloudy
4209,2024-06-14,14.820081,120.27642,14.820502,120.275433,21:10:06,21:14:32,Light Drizzle
4210,2024-06-01,14.764918,120.253073,14.82919,120.280513,13:46:46,14:08:51,Mostly Clear
4211,2024-12-23,14.824219,120.279588,14.877822,120.235076,07:26:12,08:01:40,Partly Cloudy
4212,2024-07-05,14.836049,120.286532,14.822378,120.272574,09:28:45,09:40:21,Cloudy
4213,2024-10-03,14.823581,120.300032,14.856684,120.289613,08:28:12,08:44:40,Fog
4214,2024-12-31,14.825029,120.281858,14.843563,120.286074,19:27:58,19:41:13,Partly Cloudy
4215,2024-07-14,14.843491,120.286142,14.830394,120.298517,06:49:43,06:59:30,Drizzle
4216,2024-05-02,14.821069,120.274661,14.816048,120.283559,07:45:56,07:51:47,Rime Fog
4217,2024-03-15,14.827612,120.285374,14.842933,120.287641,08:00:26,08:09:12,Mostly Clear
4218,2024-05-19,14.834617,120.287396,14.771975,120.258939,18:56:58,19:34:33,Clear
4219,2024-09-09,14.829455,120.298108,14.815677,120.316409,09:42:46,09:53:05,Mostly Clear
4220,2024-09-07,14.819566,120.284599,14.830971,120.289064,18:26:04,18:37:10,Light Drizzle
4221,2024-03-18,14.840638,120.28706,14.821092,120.275427,18:57:12,19:15:44,Cloudy
4222,2024-01-22,14.835005,120.282266,14.848353,120.254745,14:31:58,14:43:56,Rain Showers
4223,2024-05-04,14.775957,120.307749,14.772396,120.25814,22:58:11,23:19:08,Mostly Clear
4224,2024-04-22,14.805702,120.323622,14.815841,120.315974,17:13:52,17:24:40,Mostly Clear
4225,2024-12-28,14.805734,120.322976,14.824968,120.280425,17:10:47,17:35:50,Partly Cloudy
4226,2024-10-18,14.848725,120.255024,14.819383,120.283467,05:34:05,05:52:50,Partly Cloudy
4227,2024-08-19,14.823258,120.287394,14.851451,120.255989,10:29:42,10:48:30,Cloudy
4228,2024-05-05,14.823771,120.279136,14.829048,120.287633,19:04:38,19:13:29,Mostly Clear
4229,2024-02-04,14.828105,120.286118,14.826344,120.272879,06:35:06,06:44:03,Rime Fog
4230,2024-06-26,14.821022,120.273514,14.822265,120.272375,20:53:40,20:57:50,Drizzle
4231,2024-04-11,14.829109,120.286567,14.82099,120.278893,20:53:50,21:02:05,Clear
4232,2024-02-13,14.829144,120.28727,14.8356,120.281585,07:22:06,07:27:47,Partly Cloudy
4233,2024-07-01,14.824785,120.279962,14.820959,120.282801,18:30:42,18:34:18,Partly Cloudy
4234,2024-11-07,14.841381,120.286967,14.8309,120.289012,11:31:33,11:37:17,Rime Fog
4235,2024-03-27,14.821164,120.284028,14.877034,120.232898,09:36:06,10:06:33,Clear
4236,2024-09-03,14.840727,120.286419,14.837705,120.278818,07:30:56,07:36:44,Cloudy
4237,2024-11-30,14.851461,120.263047,14.820962,120.283698,22:34:28,22:52:54,Cloudy
4238,2024-12-05,14.829802,120.298751,14.820289,120.277225,19:12:16,19:24:21,Partly Cloudy
4239,2024-04-21,14.847773,120.254093,14.833124,120.282075,06:08:31,06:27:11,Partly Cloudy
4240,2024-02-22,14.824311,120.280258,14.764544,120.293204,08:28:58,08:57:10,Partly Cloudy
4241,2024-06-28,14.827737,120.281888,14.839127,120.283694,15:32:19,15:37:44,Clear
4242,2024-07-19,14.837676,120.286279,14.823997,120.289305,18:01:26,18:08:29,Light Rain
4243,2024-05-27,14.823697,120.280187,14.832529,120.286131,13:43:58,13:50:34,Cloudy
4244,2024-01-02,14.836382,120.28692,14.831022,120.289042,17:59:08,18:05:15,Clear
4245,2024-02-05,14.824742,120.27716,14.817304,120.28141,06:38:40,06:46:44,Mostly Clear
4246,2024-12-11,14.764781,120.293148,14.822235,120.298873,21:05:48,21:34:26,Clear
4247,2024-04-18,14.822851,120.28299,14.826406,120.282999,17:08:05,17:12:33,Clear
4248,2024-01-01,14.83344,120.282226,14.821879,120.298738,18:41:11,18:53:06,Clear
4249,2024-11-22,14.775956,120.307906,14.836047,120.290888,12:15:33,12:49:48,Partly Cloudy
4250,2024-01-18,14.838169,120.285828,14.818852,120.283535,15:24:48,15:35:34,Partly Cloudy
4251,2024-02-15,14.789819,120.282017,14.821423,120.2718,18:09:55,18:34:05,Partly Cloudy
4252,2024-06-07,14.815701,120.284339,14.828397,120.287059,17:45:49,17:54:09,Rain
4253,2024-09-16,14.818459,120.281491,14.821825,120.298155,19:00:11,19:09:46,Rain
4254,2024-07-07,14.827931,120.282142,14.841383,120.286775,18:34:58,18:42:42,Fog
4255,2024-03-25,14.792073,120.294333,14.835843,120.282984,21:54:23,22:14:09,Partly Cloudy
4256,2024-04-14,14.841244,120.286519,14.828079,120.285575,14:55:09,15:01:43,Clear
4257,2024-04-27,14.873438,120.235235,14.830787,120.28928,06:30:08,06:57:07,Mostly Clear
4258,2024-06-10,14.82962,120.298419,14.836427,120.290161,08:32:18,08:41:19,Drizzle
4259,2024-01-12,14.839721,120.285104,14.838477,120.282765,15:48:04,15:51:53,Mostly Clear
4260,2024-11-14,14.822648,120.298092,14.820292,120.276062,16:59:01,17:11:05,Rain
4261,2024-05-14,14.764479,120.25296,14.851672,120.256168,07:45:11,08:43:58,Mostly Clear
4262,2024-03-14,14.839789,120.28425,14.805587,120.322582,16:26:27,16:48:40,Partly Cloudy
4263,2024-12-16,14.821306,120.271483,14.815454,120.283285,14:14:28,14:19:25,Mostly Clear
4264,2024-09-03,14.79718,120.272199,14.82326,120.287822,12:45:33,13:00:32,Mostly Clear
4265,2024-07-29,14.829027,120.28718,14.829389,120.282101,15:46:13,15:50:15,Cloudy
4266,2024-07-19,14.819889,120.275868,14.820545,120.275024,19:52:11,19:55:21,Drizzle
4267,2024-03-14,14.829799,120.298749,14.821348,120.278224,19:06:46,19:16:17,Cloudy
4268,2024-03-01,14.828892,120.286504,14.842194,120.286767,08:59:09,09:12:10,Mostly Clear
4269,2024-06-04,14.824113,120.289392,14.841269,120.286389,20:49:50,20:58:02,Thunderstorm
4270,2024-08-14,14.823827,120.300852,14.815456,120.283211,07:41:46,07:56:57,Mostly Clear
4271,2024-04-26,14.843405,120.282152,14.82829,120.285445,19:29:37,19:38:59,Clear
4272,2024-03-22,14.789143,120.281847,14.821751,120.272311,09:30:10,09:44:26,Clear
4273,2024-03-28,14.839524,120.284181,14.792627,120.293863,19:52:48,20:31:49,Mostly Clear
4274,2024-07-23,14.83108,120.289219,14.824335,120.279728,19:42:21,19:50:20,Light Rain
4275,2024-06-07,14.822684,120.298236,14.829215,120.287144,16:40:51,16:46:39,Cloudy
4276,2024-05-27,14.830374,120.273635,14.82467,120.280927,06:07:05,06:12:35,Partly Cloudy
4277,2024-01-11,14.827618,120.281808,14.830745,120.274077,19:45:05,19:52:48,Cloudy
4278,2024-05-11,14.856649,120.289784,14.819514,120.28402,06:48:01,07:17:38,Mostly Clear
4279,2024-06-26,14.821275,120.272076,14.841503,120.287135,12:02:52,12:11:38,Light Drizzle
4280,2024-03-07,14.842499,120.288276,14.819347,120.278601,19:15:49,19:29:55,Clear
4281,2024-04-16,14.840578,120.286434,14.822017,120.272527,06:00:25,06:12:50,Clear
4282,2024-12-03,14.848854,120.31512,14.839638,120.285683,06:54:14,07:18:26,Clear
4283,2024-09-18,14.876788,120.232503,14.826569,120.272647,12:29:39,13:07:34,Drizzle
4284,2024-01-08,14.838611,120.285393,14.848009,120.25442,05:14:57,05:32:17,Clear
4285,2024-06-11,14.835736,120.2859,14.857048,120.289549,17:29:44,17:46:57,Rain
4286,2024-08-13,14.815949,120.283135,14.851624,120.257161,19:49:56,20:17:30,Dense Drizzle
4287,2024-04-18,14.842001,120.287248,14.815741,120.283903,08:36:34,08:58:43,Fog
4288,2024-09-10,14.826752,120.272373,14.820046,120.284856,05:00:13,05:10:13,Clear
4289,2024-01-04,14.823445,120.289169,14.839497,120.283793,08:13:23,08:23:50,Light Rain
4290,2024-06-03,14.838119,120.283909,14.843377,120.286098,18:24:01,18:29:18,Drizzle
4291,2024-07-06,14.828139,120.294565,14.824766,120.28303,18:48:52,18:55:27,Rain Showers
4292,2024-10-20,14.82101,120.282911,14.822728,120.301748,22:51:35,23:02:45,Fog
4293,2024-06-08,14.857377,120.290368,14.837068,120.278525,12:41:11,12:51:52,Rain
4294,2024-11-18,14.821579,120.275596,14.851712,120.256841,06:27:09,06:48:12,Heavy Rain
4295,2024-01-12,14.805784,120.32278,14.820095,120.283388,12:18:51,12:32:28,Mostly Clear
4296,2024-10-12,14.82879,120.28015,14.824506,120.282954,18:57:28,19:02:41,Light Rain
4297,2024-10-27,14.827119,120.287158,14.764907,120.292473,12:48:43,13:12:38,Rain
4298,2024-08-26,14.823413,120.27862,14.823415,120.289386,05:30:03,05:37:09,Clear
4299,2024-06-25,14.776053,120.308364,14.877165,120.232897,10:30:58,11:17:57,Rain
4300,2024-07-01,14.829034,120.287613,14.887304,120.237523,07:18:03,07:45:26,Mostly Clear
4301,2024-01-16,14.835116,120.282781,14.822188,120.272595,15:48:53,15:59:13,Cloudy
4302,2024-02-19,14.821105,120.276717,14.839686,120.284536,19:29:34,19:43:03,Clear
4303,2024-12-29,14.848029,120.255373,14.815217,120.283231,22:04:52,22:18:04,Drizzle
4304,2024-07-19,14.828827,120.285779,14.841122,120.287083,09:22:10,09:28:46,Rain
4305,2024-06-02,14.843024,120.287327,14.839069,120.284353,17:55:25,17:58:39,Light Drizzle
4306,2024-04-01,14.888071,120.237428,14.836598,120.283307,17:26:56,18:08:21,Mostly Clear
4307,2024-10-22,14.848312,120.254159,14.82926,120.287111,16:15:04,16:32:24,Cloudy
4308,2024-01-05,14.842789,120.287815,14.848918,120.29096,19:18:43,19:24:40,Clear
4309,2024-12-31,14.824533,120.280116,14.82098,120.275125,19:29:40,19:33:13,Clear
4310,2024-10-22,14.878131,120.2348,14.887642,120.237592,10:47:48,10:52:48,Mostly Clear
4311,2024-12-06,14.820115,120.284202,14.818848,120.284603,05:09:03,05:13:01,Partly Cloudy
4312,2024-04-15,14.887582,120.237869,14.835238,120.287854,18:52:52,19:44:50,Cloudy
4313,2024-01-23,14.85717,120.289534,14.835071,120.281887,13:50:54,14:03:07,Partly Cloudy
4314,2024-07-27,14.83048,120.28929,14.824991,120.280122,18:01:30,18:09:14,Cloudy
4315,2024-09-05,14.833165,120.282236,14.835148,120.28741,18:07:42,18:13:15,Drizzle
4316,2024-09-24,14.828161,120.286343,14.839568,120.284162,06:59:55,07:07:22,Clear
4317,2024-01-17,14.838574,120.283231,14.825519,120.28238,09:23:23,09:30:38,Partly Cloudy
4318,2024-05-23,14.835954,120.289868,14.8489,120.314564,17:28:27,17:44:18,Light Rain
4319,2024-12-07,14.824275,120.289986,14.818298,120.284054,07:59:45,08:05:39,Mostly Clear
4320,2024-05-03,14.820445,120.275375,14.829552,120.298589,08:06:48,08:27:13,Mostly Clear
4321,2024-08-08,14.848078,120.254674,14.818514,120.283652,08:21:07,08:42:06,Light Rain
4322,2024-01-27,14.837509,120.278337,14.820956,120.276443,11:05:04,11:13:55,Mostly Clear
4323,2024-07-26,14.829515,120.298268,14.789982,120.281414,06:45:24,07:08:55,Light Rain
4324,2024-05-30,14.830236,120.289461,14.818009,120.281261,13:23:04,13:30:57,Partly Cloudy
4325,2024-02-04,14.821849,120.271834,14.819021,120.278469,17:38:04,17:43:05,Mostly Clear
4326,2024-09-11,14.82373,120.278473,14.821209,120.283542,19:28:52,19:32:46,Rain Showers
4327,2024-09-03,14.826257,120.272721,14.806397,120.322474,13:55:38,14:12:29,Heavy Rain Showers
4328,2024-11-11,14.820685,120.276439,14.856755,120.29001,13:32:17,13:48:14,Rain
4329,2024-10-19,14.841341,120.286832,14.78953,120.282667,07:27:59,08:07:36,Mostly Clear
4330,2024-06-12,14.82543,120.277418,14.877484,120.232736,18:28:11,19:09:05,Heavy Rain
4331,2024-02-12,14.840549,120.286712,14.824373,120.279979,10:53:09,11:04:52,Mostly Clear
4332,2024-08-30,14.824765,120.283113,14.830492,120.289016,10:10:15,10:14:50,Partly Cloudy
4333,2024-01-15,14.822935,120.287364,14.825067,120.277261,09:46:55,09:51:36,Fog
4334,2024-02-24,14.857123,120.290683,14.83645,120.290954,07:46:35,08:00:13,Mostly Clear
4335,2024-12-06,14.816025,120.283991,14.764664,120.293737,21:34:52,21:53:05,Fog
4336,2024-07-19,14.82908,120.286732,14.835889,120.282537,06:06:57,06:12:57,Mostly Clear
4337,2024-12-17,14.827423,120.287678,14.85194,120.256244,06:31:58,06:57:45,Light Drizzle
4338,2024-09-02,14.830928,120.289013,14.805866,120.323084,07:27:31,07:48:00,Drizzle
4339,2024-11-19,14.876998,120.232445,14.851351,120.256307,12:42:08,13:01:23,Thunderstorm
4340,2024-05-29,14.828987,120.285291,14.839568,120.283613,07:56:11,08:06:38,Clear
4341,2024-04-03,14.820267,120.277373,14.828516,120.281713,08:06:35,08:12:00,Clear
4342,2024-11-30,14.822965,120.28287,14.843558,120.286344,16:53:47,17:02:54,Rime Fog
4343,2024-08-30,14.828931,120.282184,14.764821,120.293097,06:22:05,07:13:30,Partly Cloudy
4344,2024-09-13,14.836047,120.285759,14.821686,120.298501,06:22:40,06:32:10,Cloudy
4345,2024-02-27,14.827626,120.281974,14.821291,120.273179,21:39:50,21:45:42,Clear
4346,2024-04-09,14.822335,120.272931,14.824113,120.300473,17:15:20,17:38:46,Mostly Clear
4347,2024-11-08,14.830952,120.288753,14.824645,120.28123,07:20:27,07:26:41,Mostly Clear
4348,2024-10-11,14.831243,120.288799,14.85161,120.256158,08:37:13,08:56:32,Clear
4349,2024-05-18,14.791632,120.294355,14.824683,120.280445,15:09:30,15:30:27,Clear
4350,2024-12-16,14.821633,120.275979,14.834992,120.282004,07:03:33,07:15:37,Mostly Clear
4351,2024-03-25,14.848311,120.255116,14.85151,120.256086,22:05:07,22:07:47,Clear
4352,2024-02-11,14.83762,120.278548,14.823153,120.287517,09:51:44,10:01:05,Mostly Clear
4353,2024-03-16,14.849781,120.265081,14.772841,120.257911,08:58:02,09:34:54,Clear
4354,2024-11-08,14.797845,120.272132,14.833001,120.28584,18:47:21,19:20:13,Clear
4355,2024-01-21,14.818506,120.28381,14.826961,120.287648,10:25:30,10:30:29,Partly Cloudy
4356,2024-01-14,14.823539,120.288798,14.83302,120.281777,07:26:03,07:35:40,Partly Cloudy
4357,2024-06-09,14.823679,120.2793,14.823116,120.287452,20:14:15,20:18:46,Cloudy
4358,2024-05-20,14.826628,120.280252,14.887407,120.237373,08:46:31,09:31:39,Fog
4359,2024-10-06,14.835641,120.282126,14.819913,120.279453,12:52:58,13:01:25,Partly Cloudy
4360,2024-11-01,14.839352,120.283521,14.839842,120.284756,17:12:39,17:16:51,Cloudy
4361,2024-03-17,14.82696,120.28741,14.829049,120.287295,07:30:19,07:33:49,Clear
4362,2024-01-18,14.83759,120.267124,14.824328,120.279313,05:39:40,05:47:48,Cloudy
4363,2024-06-22,14.823752,120.287132,14.82445,120.280086,05:25:06,05:30:07,Cloudy
4364,2024-08-18,14.837644,120.285767,14.836074,120.28316,19:07:00,19:11:01,Partly Cloudy
4365,2024-02-03,14.82009,120.28457,14.88207,120.236354,18:16:00,18:57:08,Mostly Clear
4366,2024-01-26,14.842577,120.28238,14.825551,120.276978,14:44:55,14:53:11,Partly Cloudy
4367,2024-04-15,14.821118,120.283962,14.851026,120.25591,17:32:10,17:57:42,Mostly Clear
4368,2024-10-11,14.819204,120.284683,14.821491,120.275108,12:18:52,12:25:17,Drizzle
4369,2024-03-27,14.8151,120.283148,14.776349,120.308055,18:19:58,18:58:51,Partly Cloudy
4370,2024-10-24,14.82627,120.27257,14.836715,120.268073,18:55:53,19:03:46,Light Rain
4371,2024-04-20,14.819108,120.278629,14.842576,120.287513,07:47:47,07:59:22,Cloudy
4372,2024-08-01,14.819146,120.278989,14.835124,120.281532,08:54:59,09:07:08,Dense Drizzle
4373,2024-03-09,14.828249,120.2948,14.824287,120.283462,20:12:31,20:20:01,Light Rain
4374,2024-02-23,14.841863,120.282909,14.823003,120.283034,11:41:00,11:49:21,Rain
4375,2024-07-23,14.823841,120.300709,14.829644,120.298669,08:01:27,08:06:32,Rain
4376,2024-05-09,14.828652,120.294458,14.821926,120.297577,09:33:20,09:36:31,Partly Cloudy
4377,2024-09-10,14.815746,120.283688,14.8224,120.302209,13:24:33,13:32:15,Partly Cloudy
4378,2024-03-09,14.820515,120.283287,14.832975,120.282933,16:41:09,16:47:24,Mostly Clear
4379,2024-05-18,14.818086,120.281419,14.838442,120.285626,09:57:38,10:07:00,Drizzle
4380,2024-01-03,14.843287,120.287266,14.832759,120.285265,19:16:56,19:25:55,Light Drizzle
4381,2024-11-17,14.824328,120.279838,14.827032,120.279152,14:42:59,14:46:36,Thunderstorm
4382,2024-04-14,14.838419,120.283618,14.825488,120.277427,13:47:21,13:58:05,Clear
4383,2024-01-07,14.887328,120.237815,14.874114,120.235429,17:43:32,17:56:18,Clear
4384,2024-05-26,14.828968,120.281669,14.820054,120.284181,12:01:59,12:07:43,Partly Cloudy
4385,2024-01-26,14.829277,120.28693,14.827079,120.279187,08:12:50,08:18:32,Partly Cloudy
4386,2024-03-13,14.877583,120.235101,14.821067,120.283569,05:12:45,05:49:14,Light Drizzle
4387,2024-09-04,14.843087,120.281844,14.838687,120.285465,08:27:53,08:32:58,Dense Drizzle
4388,2024-08-09,14.82996,120.289518,14.85698,120.289658,18:52:37,19:05:39,Mostly Clear
4389,2024-12-10,14.824033,120.289412,14.821857,120.29863,07:37:18,07:44:24,Mostly Clear
4390,2024-10-18,14.839286,120.283621,14.851747,120.257064,12:32:52,12:44:26,Cloudy
4391,2024-09-24,14.776171,120.307197,14.824595,120.279585,14:45:04,15:16:31,Light Rain
4392,2024-07-03,14.81566,120.283592,14.856399,120.289543,06:11:15,06:33:13,Heavy Rain
4393,2024-10-21,14.840647,120.287224,14.836463,120.290163,09:08:17,09:11:31,Partly Cloudy
4394,2024-12-22,14.842933,120.288216,14.877227,120.233596,10:28:32,10:55:34,Mostly Clear
4395,2024-05-17,14.772602,120.258331,14.877747,120.234696,08:37:46,09:24:14,Partly Cloudy
4396,2024-11-23,14.834634,120.281904,14.817748,120.283336,15:51:17,16:00:25,Heavy Rain
4397,2024-07-09,14.841992,120.28618,14.817818,120.281185,13:57:03,14:11:03,Cloudy
4398,2024-05-05,14.824084,120.28929,14.826567,120.272732,08:39:01,08:47:43,Mostly Clear
4399,2024-01-06,14.830843,120.289204,14.820029,120.283969,22:48:44,22:55:26,Fog
4400,2024-10-17,14.848334,120.315548,14.81823,120.283847,07:29:51,07:54:08,Mostly Clear
4401,2024-12-07,14.834667,120.288157,14.824293,120.28345,07:14:12,07:21:31,Clear
4402,2024-07-21,14.868429,120.292025,14.843287,120.282341,18:20:37,18:39:39,Dense Drizzle
4403,2024-01-26,14.877304,120.231815,14.836613,120.28334,19:03:50,19:48:45,Mostly Clear
4404,2024-07-08,14.826826,120.272553,14.820629,120.276324,19:45:42,19:51:46,Drizzle
4405,2024-11-23,14.856672,120.289402,14.827031,120.28738,05:45:05,06:01:33,Cloudy
4406,2024-11-16,14.820921,120.278153,14.849139,120.264764,19:37:13,19:56:49,Drizzle
4407,2024-10-22,14.835081,120.288194,14.824782,120.280985,06:45:26,06:54:28,Light Drizzle
4408,2024-10-03,14.820639,120.283485,14.847685,120.254635,17:09:21,17:39:34,Partly Cloudy
4409,2024-11-11,14.826278,120.28304,14.873034,120.235724,16:25:27,16:57:23,Partly Cloudy
4410,2024-12-06,14.840136,120.284631,14.823377,120.289507,18:57:06,19:10:23,Clear
4411,2024-03-18,14.87743,120.234502,14.822718,120.302203,18:51:25,19:48:45,Mostly Clear
4412,2024-12-02,14.826802,120.283265,14.842538,120.287712,17:32:30,17:42:12,Rime Fog
4413,2024-03-29,14.820011,120.283896,14.819651,120.283501,12:00:45,12:03:57,Clear
4414,2024-02-10,14.818301,120.281343,14.849061,120.290875,17:20:41,17:42:08,Light Rain
4415,2024-03-04,14.827501,120.281629,14.817715,120.284148,18:51:20,18:58:28,Clear
4416,2024-12-15,14.815648,120.283811,14.848079,120.254572,17:51:54,18:14:57,Mostly Clear
4417,2024-11-14,14.878163,120.234988,14.82689,120.283129,18:15:13,18:44:06,Drizzle
4418,2024-12-13,14.82448,120.280614,14.819762,120.277997,11:12:54,11:16:50,Clear
4419,2024-05-16,14.830216,120.288737,14.830266,120.298532,06:30:34,06:37:45,Mostly Clear
4420,2024-09-13,14.820347,120.275526,14.83629,120.286517,06:30:49,06:42:11,Drizzle
4421,2024-06-13,14.820725,120.276196,14.828556,120.287577,08:21:06,08:30:49,Light Drizzle
4422,2024-03-20,14.821169,120.275437,14.822729,120.3016,16:04:17,16:16:02,Clear
4423,2024-10-04,14.824711,120.279944,14.839767,120.285348,07:32:44,07:43:03,Light Rain
4424,2024-07-01,14.825469,120.279904,14.818869,120.284323,08:10:18,08:16:21,Clear
4425,2024-03-12,14.824376,120.289552,14.818898,120.278667,08:27:30,08:37:20,Partly Cloudy
4426,2024-06-01,14.764791,120.252983,14.806132,120.322981,09:43:43,10:25:23,Thunderstorm
4427,2024-04-26,14.841822,120.287086,14.820475,120.283156,16:25:10,16:34:58,Partly Cloudy
4428,2024-05-07,14.77625,120.308568,14.827067,120.286942,15:40:08,15:58:54,Rain
4429,2024-09-25,14.823633,120.300884,14.856626,120.289831,08:29:42,08:42:57,Cloudy
4430,2024-04-02,14.842599,120.286631,14.816413,120.283526,16:20:03,16:32:16,Mostly Clear
4431,2024-12-28,14.820616,120.28443,14.764152,120.253011,17:07:57,17:37:41,Clear
4432,2024-08-28,14.764662,120.293225,14.826278,120.272857,13:31:25,13:55:19,Clear
4433,2024-06-09,14.841644,120.283044,14.836201,120.290058,08:28:51,08:34:32,Cloudy
4434,2024-01-09,14.828452,120.286343,14.817909,120.281237,06:23:47,06:32:26,Partly Cloudy
4435,2024-05-15,14.824771,120.280246,14.820784,120.284075,13:14:01,13:18:18,Rain Showers
4436,2024-10-02,14.873808,120.234972,14.829186,120.298707,06:38:18,07:28:33,Mostly Clear
4437,2024-08-01,14.825304,120.277506,14.791604,120.293734,18:40:55,19:13:24,Light Drizzle
4438,2024-08-21,14.840848,120.286753,14.820698,120.284019,17:53:10,18:03:08,Clear
4439,2024-06-29,14.821876,120.298475,14.819564,120.284035,17:25:53,17:36:23,Cloudy
4440,2024-02-09,14.828446,120.282042,14.828687,120.287058,19:42:22,19:46:52,Partly Cloudy
4441,2024-07-28,14.868179,120.292243,14.823303,120.283037,08:52:14,09:15:25,Rain
4442,2024-04-12,14.848674,120.315563,14.836868,120.27786,08:58:05,09:24:04,Partly Cloudy
4443,2024-01-06,14.835308,120.282056,14.832955,120.285491,05:10:24,05:13:31,Light Rain
4444,2024-10-14,14.841522,120.286881,14.764139,120.25242,11:19:00,11:49:37,Cloudy
4445,2024-10-31,14.873564,120.23536,14.829693,120.299472,07:03:43,07:44:21,Drizzle
4446,2024-08-29,14.81803,120.281439,14.820721,120.284139,07:31:37,07:37:01,Clear
4447,2024-10-30,14.842753,120.287246,14.823945,120.278988,19:32:49,19:44:47,Cloudy
4448,2024-10-05,14.827351,120.286948,14.823824,120.279133,06:04:59,06:13:36,Cloudy
4449,2024-08-08,14.835594,120.282044,14.820579,120.275707,17:54:53,18:11:26,Partly Cloudy
4450,2024-02-12,14.843377,120.286377,14.826435,120.283071,07:07:53,07:19:06,Cloudy
4451,2024-11-18,14.837767,120.285889,14.819338,120.279176,17:50:09,18:01:23,Light Drizzle
4452,2024-12-13,14.821406,120.278354,14.824967,120.282593,16:37:43,16:43:35,Rain
4453,2024-04-30,14.828529,120.28226,14.821712,120.27189,19:27:09,19:36:21,Light Drizzle
4454,2024-11-15,14.829304,120.280475,14.841526,120.282866,19:49:25,19:59:32,Thunderstorm
4455,2024-09-04,14.876931,120.231647,14.84036,120.28654,21:26:50,22:02:10,Light Drizzle
4456,2024-05-04,14.820604,120.275425,14.856591,120.28998,16:47:13,17:04:44,Clear
4457,2024-09-04,14.824993,120.279945,14.839517,120.284772,06:16:18,06:30:57,Cloudy
4458,2024-07-16,14.80624,120.322641,14.819312,120.2838,18:39:05,19:14:26,Partly Cloudy
4459,2024-03-03,14.824884,120.280078,14.886897,120.23789,07:40:21,08:32:48,Cloudy
4460,2024-10-16,14.82078,120.278575,14.820485,120.277309,11:24:53,11:28:31,Cloudy
4461,2024-05-03,14.81855,120.284013,14.826485,120.272625,14:42:34,14:50:09,Mostly Clear
4462,2024-09-20,14.805857,120.322717,14.832871,120.281299,13:03:34,13:23:08,Mostly Clear
4463,2024-09-25,14.824983,120.277267,14.83611,120.289509,10:37:06,10:45:36,Mostly Clear
4464,2024-10-28,14.805821,120.322546,14.84146,120.286977,21:51:56,22:07:34,Drizzle
4465,2024-02-26,14.824457,120.279998,14.821357,120.273216,13:46:57,13:51:54,Mostly Clear
4466,2024-08-24,14.823803,120.279104,14.825102,120.281688,17:25:37,17:30:01,Partly Cloudy
4467,2024-06-25,14.829994,120.289245,14.817991,120.284393,19:19:26,19:30:00,Clear
4468,2024-04-06,14.825433,120.282511,14.821581,120.274659,17:11:56,17:17:51,Mostly Clear
4469,2024-05-27,14.820703,120.275576,14.857223,120.290092,11:29:33,11:46:40,Cloudy
4470,2024-01-05,14.856903,120.290113,14.822278,120.282667,11:44:44,11:59:37,Cloudy
4471,2024-11-10,14.831247,120.288516,14.820638,120.28407,07:43:32,07:51:42,Light Drizzle
4472,2024-01-26,14.887549,120.237526,14.821056,120.275169,19:50:45,20:21:02,Mostly Clear
4473,2024-07-25,14.823555,120.289026,14.887636,120.237773,06:30:47,07:26:24,Cloudy
4474,2024-04-27,14.828669,120.28735,14.824312,120.279836,06:28:25,06:35:46,Rime Fog
4475,2024-06-01,14.776002,120.308274,14.819569,120.283454,19:27:28,19:53:32,Clear
4476,2024-11-17,14.824267,120.279956,14.818282,120.281288,11:53:08,11:58:34,Mostly Clear
4477,2024-08-25,14.829068,120.282491,14.822896,120.287918,19:45:06,19:50:56,Mostly Clear
4478,2024-11-25,14.832916,120.282172,14.822055,120.298045,18:25:23,18:36:12,Cloudy
4479,2024-10-02,14.840041,120.283332,14.824936,120.28057,17:01:08,17:15:16,Thunderstorm
4480,2024-02-02,14.821645,120.272131,14.805979,120.322667,16:20:29,16:40:27,Cloudy
4481,2024-08-20,14.842855,120.287195,14.830246,120.273365,18:03:11,18:19:05,Cloudy
4482,2024-03-29,14.820399,120.283781,14.817724,120.281185,13:23:53,13:26:42,Cloudy
4483,2024-09-25,14.817533,120.281323,14.842843,120.286678,19:08:28,19:26:32,Rain
4484,2024-02-23,14.829157,120.286853,14.825211,120.281758,22:44:59,22:49:49,Clear
4485,2024-10-18,14.819834,120.283793,14.828031,120.286362,19:09:44,19:17:09,Light Drizzle
4486,2024-07-03,14.83799,120.285611,14.820256,120.276668,18:21:54,18:33:54,Light Drizzle
4487,2024-05-01,14.87764,120.234853,14.842836,120.287416,18:43:15,19:31:53,Mostly Clear
4488,2024-03-29,14.824032,120.289342,14.824475,120.279523,08:27:39,08:34:53,Clear
4489,2024-08-21,14.833525,120.285519,14.835131,120.281972,16:24:06,16:27:34,Rain
4490,2024-01-22,14.822003,120.298425,14.789778,120.282004,12:19:55,12:34:58,Partly Cloudy
4491,2024-09-22,14.834972,120.282038,14.856912,120.289976,17:53:17,18:06:34,Rain Showers
4492,2024-05-07,14.849472,120.264247,14.839677,120.283517,06:30:01,06:40:23,Clear
4493,2024-07-17,14.820063,120.284098,14.849511,120.29067,19:05:30,19:22:59,Clear
4494,2024-01-20,14.823936,120.300589,14.839716,120.28414,05:04:33,05:19:16,Mostly Clear
4495,2024-09-02,14.839034,120.284496,14.852147,120.256128,22:46:38,23:03:30,Cloudy
4496,2024-06-22,14.830468,120.289133,14.820685,120.276534,17:45:30,17:52:57,Rain
4497,2024-05-14,14.828288,120.281509,14.826442,120.279911,11:21:36,11:23:40,Cloudy
4498,2024-08-20,14.822798,120.301496,14.839585,120.284379,15:19:19,15:32:10,Rain
4499,2024-11-16,14.822415,120.301099,14.823769,120.280091,12:30:41,12:41:40,Mostly Clear
4500,2024-11-21,14.824246,120.278834,14.82104,120.278992,17:56:49,18:00:06,Mostly Clear
4501,2024-04-26,14.776161,120.307439,14.839792,120.285348,17:06:40,18:05:51,Partly Cloudy
4502,2024-11-13,14.848801,120.254815,14.830898,120.288249,22:23:52,22:45:05,Clear
4503,2024-12-28,14.878112,120.235043,14.835937,120.283019,19:37:57,20:11:18,Mostly Clear
4504,2024-06-05,14.828678,120.285409,14.839249,120.283715,20:49:41,20:58:16,Mostly Clear
4505,2024-10-04,14.848803,120.315811,14.819781,120.278535,11:12:35,11:32:46,Light Rain
4506,2024-05-27,14.840231,120.287077,14.835385,120.281961,07:37:39,07:43:54,Cloudy
4507,2024-12-21,14.873616,120.23544,14.83697,120.268544,18:54:19,19:23:24,Partly Cloudy
4508,2024-02-05,14.825039,120.281047,14.817361,120.28126,08:14:06,08:19:48,Cloudy
4509,2024-11-30,14.776213,120.307692,14.824722,120.280431,19:45:32,20:24:22,Light Drizzle
4510,2024-01-16,14.876749,120.231842,14.825475,120.280616,18:20:06,19:24:27,Clear
4511,2024-12-03,14.83822,120.284141,14.818533,120.284013,18:06:29,18:18:09,Rain Showers
4512,2024-12-10,14.820492,120.276505,14.842799,120.286665,08:19:46,08:33:43,Clear
4513,2024-10-11,14.824752,120.28304,14.824806,120.281635,08:31:49,08:35:53,Light Drizzle
4514,2024-10-26,14.819488,120.283918,14.83962,120.285091,07:12:12,07:26:13,Cloudy
4515,2024-04-18,14.820767,120.275301,14.849123,120.290898,10:32:31,10:53:53,Clear
4516,2024-05-26,14.80581,120.322929,14.824271,120.288785,17:22:02,17:40:34,Drizzle
4517,2024-10-17,14.828794,120.281702,14.839518,120.284042,19:46:54,19:56:16,Clear
4518,2024-02-04,14.817626,120.284038,14.837488,120.268003,14:48:41,15:00:14,Clear
4519,2024-12-12,14.841064,120.286998,14.828821,120.286489,13:06:59,13:13:02,Clear
4520,2024-08-16,14.823976,120.300589,14.819019,120.283984,14:18:18,14:28:10,Mostly Clear
4521,2024-04-30,14.772509,120.258518,14.829253,120.298928,09:11:35,09:44:39,Heavy Rain Showers
4522,2024-02-21,14.843166,120.287422,14.824388,120.279631,14:58:08,15:07:36,Mostly Clear
4523,2024-01-13,14.829163,120.287163,14.822195,120.30144,06:36:17,06:51:46,Clear
4524,2024-12-19,14.797197,120.272307,14.828188,120.2856,13:55:47,14:10:57,Clear
4525,2024-09-13,14.824432,120.279718,14.848692,120.264589,19:09:26,19:25:52,Cloudy
4526,2024-04-11,14.839135,120.285275,14.821911,120.274146,13:10:02,13:19:34,Rain Showers
4527,2024-03-24,14.87388,120.234923,14.815753,120.284366,14:27:55,15:11:50,Partly Cloudy
4528,2024-10-08,14.815614,120.283443,14.792125,120.295013,18:39:57,18:59:48,Dense Drizzle
4529,2024-10-26,14.848584,120.314694,14.825131,120.277678,07:28:15,07:49:16,Clear
4530,2024-03-03,14.841852,120.282688,14.775908,120.308189,07:15:40,07:45:29,Light Drizzle
4531,2024-04-24,14.84058,120.286304,14.825886,120.28371,16:06:56,16:14:35,Mostly Clear
4532,2024-02-24,14.823965,120.289162,14.839603,120.28341,06:58:36,07:13:22,Mostly Clear
4533,2024-10-15,14.839362,120.285723,14.823086,120.287351,19:26:45,19:36:37,Thunderstorm
4534,2024-01-31,14.848539,120.29164,14.856566,120.290299,09:51:24,09:58:30,Partly Cloudy
4535,2024-09-13,14.856805,120.289904,14.842406,120.287084,11:31:09,11:40:37,Partly Cloudy
4536,2024-02-24,14.877947,120.234626,14.835009,120.28256,19:02:58,19:30:43,Clear
4537,2024-09-12,14.876598,120.231702,14.764564,120.253135,18:52:22,20:35:34,Light Rain
4538,2024-04-20,14.818355,120.281045,14.852199,120.255827,17:36:31,18:11:21,Fog
4539,2024-04-25,14.820644,120.274638,14.873457,120.235335,06:16:40,07:00:49,Mostly Clear
4540,2024-06-02,14.82451,120.282144,14.824906,120.28362,17:51:30,17:56:18,Partly Cloudy
4541,2024-10-27,14.828407,120.281695,14.826346,120.28321,05:24:01,05:27:02,Rain Showers
4542,2024-04-20,14.82105,120.283832,14.835731,120.286389,05:01:43,05:08:51,Clear
4543,2024-07-23,14.829511,120.286615,14.877426,120.235135,10:04:34,10:31:00,Cloudy
4544,2024-11-07,14.823881,120.279744,14.81956,120.278718,19:38:02,19:41:44,Clear
4545,2024-06-21,14.828036,120.2821,14.841021,120.286742,17:00:03,17:08:33,Light Drizzle
4546,2024-06-11,14.837416,120.28327,14.827742,120.285228,16:47:13,16:53:03,Mostly Clear
4547,2024-02-14,14.836822,120.282889,14.823882,120.289515,19:59:09,20:09:28,Rain
4548,2024-01-08,14.823736,120.279174,14.822157,120.301366,17:55:18,18:08:21,Mostly Clear
4549,2024-11-05,14.848614,120.254183,14.842487,120.287595,14:30:06,14:47:06,Drizzle
4550,2024-01-24,14.839772,120.284121,14.816214,120.283198,10:41:43,10:54:05,Clear
4551,2024-08-21,14.819918,120.275493,14.832807,120.281897,09:53:10,10:01:36,Partly Cloudy
4552,2024-12-15,14.820675,120.275425,14.819075,120.283969,06:53:45,06:58:02,Clear
4553,2024-10-07,14.842963,120.287718,14.835896,120.285932,21:52:13,21:58:27,Partly Cloudy
4554,2024-05-21,14.841104,120.282733,14.829159,120.287154,10:29:11,10:37:41,Clear
4555,2024-05-25,14.818524,120.284438,14.826126,120.283188,20:32:26,20:37:15,Clear
4556,2024-07-09,14.828419,120.285888,14.822973,120.301733,08:49:11,09:01:53,Partly Cloudy
4557,2024-08-13,14.876653,120.232141,14.873458,120.235863,10:15:42,10:19:42,Heavy Rain
4558,2024-11-29,14.83037,120.273989,14.764844,120.292828,06:17:24,06:51:17,Rain
4559,2024-07-04,14.837596,120.268616,14.82882,120.279888,16:21:26,16:27:23,Rain
4560,2024-10-28,14.873317,120.234587,14.822362,120.273291,09:38:16,10:07:54,Fog
4561,2024-03-30,14.873492,120.234763,14.819173,120.28402,06:27:07,07:06:56,Light Rain
4562,2024-02-11,14.825021,120.281828,14.817884,120.28386,17:26:56,17:33:43,Cloudy
4563,2024-03-08,14.818139,120.281535,14.820407,120.276415,18:56:52,19:01:04,Rain
4564,2024-08-13,14.827062,120.281703,14.836693,120.277937,09:16:52,09:22:12,Clear
4565,2024-09-13,14.827097,120.280043,14.821467,120.27172,19:00:03,19:06:26,Rain
4566,2024-02-28,14.822732,120.301594,14.821934,120.271188,10:11:02,10:24:18,Dense Drizzle
4567,2024-08-22,14.876456,120.231589,14.839846,120.285841,19:39:55,20:29:49,Dense Drizzle
4568,2024-03-24,14.823618,120.300573,14.837663,120.286127,06:24:53,06:36:15,Partly Cloudy
4569,2024-11-07,14.828647,120.2868,14.849514,120.264143,17:37:00,17:52:17,Heavy Rain
4570,2024-08-09,14.821402,120.273743,14.820052,120.283797,20:08:29,20:16:06,Partly Cloudy
4571,2024-04-25,14.851636,120.262912,14.820048,120.284208,08:11:24,08:29:50,Light Rain
4572,2024-03-01,14.873027,120.235853,14.837996,120.267713,06:48:49,07:17:46,Mostly Clear
4573,2024-03-01,14.822121,120.299248,14.820391,120.275215,17:27:24,17:41:12,Rain
4574,2024-11-21,14.831003,120.289069,14.839576,120.283325,06:49:00,06:56:07,Light Rain
4575,2024-02-28,14.837859,120.286254,14.820775,120.284218,19:49:30,20:02:39,Rime Fog
4576,2024-08-21,14.820018,120.284251,14.836362,120.283403,18:37:23,18:47:51,Thunderstorm
4577,2024-01-31,14.840293,120.284837,14.82648,120.283079,17:37:00,17:49:42,Drizzle
4578,2024-09-03,14.827047,120.287415,14.827791,120.281537,07:06:29,07:11:50,Heavy Rain
4579,2024-07-07,14.849308,120.254945,14.849148,120.315792,16:30:03,16:52:32,Light Drizzle
4580,2024-04-12,14.83674,120.286259,14.849148,120.265053,22:33:14,22:46:22,Clear
4581,2024-05-29,14.856766,120.290225,14.843468,120.286124,14:25:03,14:35:31,Clear
4582,2024-02-20,14.851948,120.256384,14.839528,120.283306,09:27:41,09:42:24,Light Rain
4583,2024-11-11,14.823529,120.300782,14.818667,120.284642,08:45:51,08:55:25,Rain
4584,2024-03-31,14.836994,120.279034,14.823401,120.289086,21:32:07,21:41:20,Partly Cloudy
4585,2024-11-21,14.823534,120.289225,14.887979,120.237932,07:42:57,08:26:03,Dense Drizzle
4586,2024-07-20,14.849114,120.264373,14.772138,120.258165,07:42:07,08:27:00,Partly Cloudy
4587,2024-06-12,14.877242,120.231645,14.841965,120.282131,17:43:08,18:29:10,Rain
4588,2024-10-12,14.835689,120.285922,14.826509,120.286953,12:19:55,12:26:03,Mostly Clear
4589,2024-07-30,14.824794,120.279627,14.820263,120.283612,06:12:52,06:17:02,Drizzle
4590,2024-12-20,14.82825,120.286985,14.828988,120.280366,08:20:56,08:27:24,Mostly Clear
4591,2024-09-16,14.818158,120.282007,14.837352,120.267883,18:04:28,18:18:23,Partly Cloudy
4592,2024-08-19,14.824344,120.289808,14.836811,120.283199,18:11:20,18:20:45,Light Drizzle
4593,2024-01-10,14.840172,120.283353,14.825409,120.282778,17:22:19,17:30:56,Rime Fog
4594,2024-10-02,14.828272,120.285444,14.84232,120.288031,11:00:25,11:11:05,Mostly Clear
4595,2024-02-26,14.831081,120.289698,14.827074,120.283044,18:40:08,18:47:00,Partly Cloudy
4596,2024-10-12,14.827755,120.285104,14.822455,120.298265,07:45:57,07:55:49,Heavy Rain
4597,2024-04-02,14.848333,120.31454,14.824596,120.283193,06:38:01,07:09:21,Clear
4598,2024-05-07,14.881798,120.237102,14.817466,120.283794,07:49:41,08:32:01,Fog
4599,2024-02-04,14.842721,120.287791,14.830484,120.273838,17:44:32,17:58:51,Rime Fog
4600,2024-11-16,14.820544,120.284256,14.822106,120.298919,19:19:08,19:26:27,Drizzle
4601,2024-12-24,14.843916,120.285541,14.816148,120.283803,08:44:35,08:57:27,Clear
4602,2024-03-13,14.816335,120.283749,14.824668,120.289364,17:44:10,17:51:02,Clear
4603,2024-07-11,14.882029,120.236447,14.849467,120.254756,21:49:34,22:03:38,Partly Cloudy
4604,2024-01-14,14.817707,120.280979,14.776371,120.307629,20:02:15,20:28:08,Clear
4605,2024-04-08,14.826524,120.283225,14.824236,120.279635,12:15:52,12:18:36,Heavy Rain
4606,2024-05-25,14.825142,120.283471,14.839972,120.284322,12:36:55,12:43:42,Partly Cloudy
4607,2024-11-01,14.841864,120.282456,14.836838,120.27827,06:49:08,06:56:48,Rain
4608,2024-05-24,14.827527,120.281987,14.825272,120.277441,11:06:00,11:09:37,Partly Cloudy
4609,2024-03-30,14.834869,120.28201,14.792717,120.29431,18:49:41,19:19:36,Mostly Clear
4610,2024-11-07,14.824979,120.277271,14.848723,120.314321,17:38:48,18:18:41,Light Rain
4611,2024-04-21,14.823656,120.300515,14.821264,120.283967,12:32:01,12:41:44,Mostly Clear
4612,2024-03-07,14.823133,120.287409,14.842554,120.287845,07:47:44,08:03:10,Partly Cloudy
4613,2024-06-01,14.828705,120.284903,14.825197,120.282799,21:01:30,21:05:15,Cloudy
4614,2024-01-24,14.887867,120.237143,14.824426,120.282664,17:41:56,18:09:13,Dense Drizzle
4615,2024-02-01,14.829507,120.286861,14.815361,120.282746,08:31:13,08:39:49,Mostly Clear
4616,2024-06-14,14.842799,120.287278,14.821057,120.275418,19:24:39,19:42:42,Drizzle
4617,2024-02-18,14.81997,120.284816,14.828061,120.285686,19:22:07,19:28:12,Mostly Clear
4618,2024-01-10,14.876915,120.235126,14.819502,120.28392,18:59:45,19:54:53,Partly Cloudy
4619,2024-12-21,14.82099,120.283512,14.817776,120.284092,19:34:29,19:38:05,Clear
4620,2024-05-12,14.824533,120.279433,14.848755,120.254783,15:37:52,15:51:12,Light Rain
4621,2024-10-28,14.836527,120.277737,14.8516,120.256521,22:54:52,23:04:02,Heavy Rain
4622,2024-05-03,14.82779,120.29466,14.841916,120.287185,22:58:26,23:09:16,Light Drizzle
4623,2024-05-13,14.829017,120.280548,14.817898,120.284123,17:27:32,17:36:39,Partly Cloudy
4624,2024-06-18,14.876982,120.23251,14.819128,120.283576,06:06:37,07:01:39,Mostly Clear
4625,2024-03-06,14.830885,120.289681,14.820593,120.275174,12:16:04,12:23:51,Partly Cloudy
4626,2024-10-18,14.818816,120.28367,14.821257,120.27516,18:54:50,19:00:18,Light Drizzle
4627,2024-12-27,14.85116,120.256969,14.824204,120.300749,14:28:16,14:56:14,Partly Cloudy
4628,2024-09-08,14.823246,120.300226,14.824561,120.280225,06:22:47,06:33:10,Mostly Clear
4629,2024-11-03,14.824219,120.280092,14.856598,120.290656,08:19:24,08:41:46,Rain Showers
4630,2024-03-03,14.825035,120.280275,14.828551,120.286771,09:11:35,09:17:04,Mostly Clear
4631,2024-02-04,14.825163,120.277583,14.824585,120.28008,17:03:22,17:06:36,Clear
4632,2024-04-30,14.851122,120.262919,14.836343,120.283992,16:33:45,16:43:10,Partly Cloudy
4633,2024-11-22,14.828383,120.28716,14.839567,120.283623,21:05:43,21:14:51,Clear
4634,2024-08-09,14.824604,120.280007,14.835207,120.287843,19:31:06,19:42:08,Cloudy
4635,2024-07-27,14.83613,120.286543,14.828129,120.28549,19:48:15,19:55:00,Clear
4636,2024-10-13,14.820762,120.275686,14.829039,120.280485,08:56:00,09:03:23,Light Drizzle
4637,2024-05-31,14.888023,120.237652,14.822961,120.272409,09:50:05,10:22:33,Cloudy
4638,2024-01-29,14.836079,120.286602,14.847744,120.25481,17:21:20,17:48:36,Clear
4639,2024-01-28,14.841145,120.286487,14.821102,120.275959,12:46:39,12:59:04,Partly Cloudy
4640,2024-07-21,14.815731,120.283479,14.841692,120.286821,22:03:45,22:15:50,Partly Cloudy
4641,2024-05-01,14.840408,120.28688,14.819812,120.278572,06:28:24,06:41:57,Partly Cloudy
4642,2024-11-13,14.850787,120.26334,14.824005,120.279003,11:49:04,11:58:49,Clear
4643,2024-05-28,14.823984,120.289408,14.823832,120.279109,20:29:22,20:36:31,Mostly Clear
4644,2024-02-12,14.848192,120.315386,14.830663,120.289163,06:49:29,07:05:02,Clear
4645,2024-07-17,14.820603,120.276998,14.817954,120.284478,07:12:57,07:18:24,Heavy Rain Showers
4646,2024-03-27,14.835193,120.281394,14.82296,120.301585,11:24:10,11:35:59,Partly Cloudy
4647,2024-06-24,14.828846,120.287121,14.873387,120.234812,13:50:48,14:30:19,Partly Cloudy
4648,2024-09-02,14.772478,120.2583,14.821767,120.274067,20:32:52,20:53:25,Mostly Clear
4649,2024-02-19,14.848109,120.254566,14.82407,120.279911,07:14:07,07:38:41,Clear
4650,2024-01-28,14.829205,120.286892,14.820233,120.278674,22:58:04,23:04:18,Mostly Clear
4651,2024-06-08,14.835956,120.290173,14.82265,120.273189,19:36:57,19:52:38,Light Rain
4652,2024-10-14,14.825414,120.277729,14.820551,120.284382,11:30:44,11:36:53,Clear
4653,2024-05-16,14.82146,120.278086,14.82375,120.279839,08:34:37,08:38:50,Partly Cloudy
4654,2024-05-16,14.819201,120.283745,14.842192,120.286875,06:05:14,06:16:45,Mostly Clear
4655,2024-04-22,14.887738,120.237522,14.868343,120.292585,19:29:08,20:17:02,Partly Cloudy
4656,2024-03-27,14.837038,120.277842,14.819994,120.276362,19:12:18,19:23:18,Mostly Clear
4657,2024-07-10,14.839194,120.283772,14.823456,120.278433,13:42:00,13:50:59,Light Drizzle
4658,2024-03-21,14.830827,120.289557,14.826205,120.283856,08:32:08,08:39:31,Partly Cloudy
4659,2024-01-09,14.834987,120.281786,14.839308,120.28501,17:47:07,17:52:48,Clear
4660,2024-09-19,14.820084,120.284093,14.820307,120.284838,06:57:36,07:00:59,Clear
4661,2024-05-01,14.826412,120.272531,14.820106,120.284131,18:44:46,18:54:58,Clear
4662,2024-07-03,14.828704,120.280059,14.8233,120.287559,17:10:26,17:16:55,Light Rain
4663,2024-07-24,14.82767,120.282415,14.841585,120.286122,19:09:09,19:17:26,Heavy Rain Showers
4664,2024-04-22,14.823737,120.289511,14.815535,120.316311,07:07:27,07:19:25,Mostly Clear
4665,2024-11-08,14.848596,120.314274,14.867532,120.292382,21:58:00,22:11:19,Rain Showers
4666,2024-03-04,14.818354,120.281464,14.821093,120.27546,15:39:53,15:44:04,Cloudy
4667,2024-12-06,14.827768,120.281931,14.835862,120.283398,16:06:49,16:12:18,Mostly Clear
4668,2024-10-02,14.8285,120.285016,14.84951,120.254242,06:11:55,06:30:17,Cloudy
4669,2024-07-21,14.843022,120.285588,14.823903,120.289417,14:30:00,14:37:08,Light Drizzle
4670,2024-06-16,14.819211,120.283349,14.821799,120.298427,21:31:34,21:38:45,Cloudy
4671,2024-04-29,14.828318,120.281983,14.765121,120.253045,18:23:08,18:49:48,Cloudy
4672,2024-07-13,14.820495,120.275712,14.841604,120.286012,07:13:18,07:26:24,Rain Showers
4673,2024-08-16,14.849669,120.265348,14.828271,120.294854,08:52:00,09:09:44,Dense Drizzle
4674,2024-05-28,14.821538,120.27384,14.836676,120.290389,15:02:13,15:11:59,Clear
4675,2024-04-23,14.832938,120.28216,14.824988,120.282574,18:32:19,18:39:33,Heavy Rain
4676,2024-03-18,14.819072,120.284017,14.823807,120.27916,10:12:36,10:16:29,Light Drizzle
4677,2024-09-05,14.827655,120.279889,14.830363,120.273687,17:08:50,17:14:49,Light Drizzle
4678,2024-01-25,14.823971,120.289481,14.838399,120.283698,14:03:28,14:11:51,Clear
4679,2024-09-26,14.839495,120.284513,14.826695,120.283596,18:06:43,18:19:17,Partly Cloudy
4680,2024-01-31,14.826153,120.272452,14.792702,120.294228,19:33:40,20:02:17,Partly Cloudy
4681,2024-10-14,14.822588,120.301812,14.818204,120.281514,06:04:27,06:21:56,Partly Cloudy
4682,2024-06-22,14.848587,120.254521,14.830415,120.289651,07:46:56,08:14:44,Light Drizzle
4683,2024-04-08,14.842477,120.287634,14.815614,120.283926,16:23:05,16:34:17,Cloudy
4684,2024-10-31,14.83652,120.283027,14.819257,120.283881,21:29:34,21:38:35,Heavy Rain Showers
4685,2024-08-06,14.82016,120.284297,14.822307,120.301763,17:01:05,17:13:45,Rain
4686,2024-10-30,14.82472,120.280037,14.820134,120.283373,08:17:11,08:23:56,Light Rain
4687,2024-05-08,14.820209,120.284217,14.821089,120.27553,18:58:14,19:07:51,Clear
4688,2024-01-19,14.819216,120.284103,14.839052,120.284271,18:28:23,18:38:40,Partly Cloudy
4689,2024-08-30,14.881891,120.236901,14.839393,120.284953,06:09:28,06:43:35,Cloudy
4690,2024-12-02,14.822076,120.298521,14.837544,120.278631,15:49:25,15:58:53,Clear
4691,2024-09-07,14.827989,120.281376,14.82353,120.289569,17:05:52,17:11:42,Dense Drizzle
4692,2024-02-28,14.827543,120.281996,14.84135,120.286114,18:35:15,18:45:29,Light Drizzle
4693,2024-01-06,14.84223,120.2882,14.837238,120.267938,18:00:51,18:17:18,Rime Fog
4694,2024-03-23,14.817547,120.284072,14.843204,120.28719,08:25:20,08:43:12,Cloudy
4695,2024-01-23,14.820754,120.283306,14.821525,120.283119,18:21:46,18:25:38,Clear
4696,2024-11-25,14.827882,120.281915,14.84128,120.286827,10:42:37,10:50:10,Clear
4697,2024-03-10,14.8231,120.28228,14.818543,120.284312,21:27:21,21:30:52,Clear
4698,2024-08-20,14.847914,120.253977,14.819198,120.278131,15:29:42,15:42:40,Partly Cloudy
4699,2024-01-14,14.849795,120.264901,14.851014,120.25627,17:22:01,17:30:21,Mostly Clear
4700,2024-02-03,14.832476,120.28607,14.776515,120.308519,06:17:58,06:54:49,Light Rain
4701,2024-06-04,14.836801,120.278398,14.817956,120.284734,17:35:12,17:48:05,Partly Cloudy
4702,2024-04-20,14.834863,120.287838,14.789579,120.28206,06:52:10,07:22:13,Clear
4703,2024-09-29,14.848349,120.315566,14.877205,120.234526,12:18:15,12:54:33,Light Rain
4704,2024-05-27,14.82739,120.279577,14.821477,120.283329,18:22:36,18:27:59,Clear
4705,2024-12-14,14.83969,120.283533,14.827568,120.281977,15:05:03,15:13:11,Cloudy
4706,2024-05-21,14.820616,120.283916,14.789448,120.281288,14:43:18,14:57:12,Clear
4707,2024-08-06,14.856777,120.290042,14.828681,120.287613,12:51:46,13:02:08,Rime Fog
4708,2024-06-19,14.836819,120.290418,14.772193,120.258083,20:49:42,21:23:10,Partly Cloudy
4709,2024-01-21,14.842828,120.288009,14.824804,120.28316,18:17:39,18:33:12,Rain
4710,2024-11-01,14.842309,120.287431,14.849586,120.26503,06:04:24,06:16:44,Light Drizzle
4711,2024-01-16,14.820962,120.283228,14.835918,120.283268,19:27:59,19:36:45,Rain Showers
4712,2024-06-07,14.839592,120.284099,14.822597,120.301822,18:57:38,19:09:45,Cloudy
4713,2024-10-30,14.828444,120.285617,14.868324,120.292394,22:59:59,23:15:01,Light Rain
4714,2024-09-10,14.848463,120.290359,14.835781,120.29015,19:30:44,19:38:28,Rain
4715,2024-06-13,14.82057,120.275295,14.819632,120.283989,19:30:23,19:38:52,Fog
4716,2024-05-08,14.83263,120.285488,14.824781,120.283012,06:37:59,06:42:54,Mostly Clear
4717,2024-03-10,14.817295,120.284089,14.828373,120.295174,07:17:08,07:26:46,Partly Cloudy
4718,2024-10-04,14.848775,120.31485,14.776666,120.307858,06:15:44,06:54:54,Rain
4719,2024-08-08,14.877747,120.235325,14.824189,120.278953,19:02:09,19:52:43,Mostly Clear
4720,2024-03-23,14.839723,120.28355,14.822025,120.298313,19:01:07,19:10:44,Partly Cloudy
4721,2024-08-13,14.823951,120.278423,14.815879,120.316705,17:16:02,17:32:29,Rain Showers
4722,2024-01-20,14.837657,120.278731,14.797602,120.271498,22:47:13,23:01:40,Cloudy
4723,2024-09-09,14.824894,120.281309,14.821963,120.298401,19:19:28,19:28:11,Dense Drizzle
4724,2024-07-18,14.878043,120.235714,14.817434,120.28125,17:11:27,17:55:31,Cloudy
4725,2024-11-22,14.841729,120.28255,14.822941,120.287407,17:25:27,17:41:31,Mostly Clear
4726,2024-10-01,14.851434,120.263048,14.839755,120.283856,07:11:07,07:28:50,Rain Showers
4727,2024-02-17,14.840577,120.286452,14.836192,120.283185,10:16:14,10:21:07,Partly Cloudy
4728,2024-11-28,14.836618,120.290712,14.84881,120.254619,19:27:06,19:50:20,Rain
4729,2024-01-04,14.81988,120.284266,14.820674,120.274652,17:01:07,17:08:44,Mostly Clear
4730,2024-10-09,14.825436,120.282897,14.851646,120.256341,05:10:32,05:27:43,Mostly Clear
4731,2024-09-12,14.822867,120.301066,14.848487,120.254154,05:10:47,05:37:02,Clear
4732,2024-08-23,14.818516,120.283563,14.820654,120.283979,13:43:00,13:46:47,Partly Cloudy
4733,2024-11-21,14.825438,120.282173,14.873994,120.235823,17:23:57,18:19:18,Light Drizzle
4734,2024-04-28,14.820688,120.284014,14.843783,120.286447,15:22:27,15:32:20,Mostly Clear
4735,2024-06-04,14.835597,120.287685,14.821789,120.273609,21:04:47,21:16:32,Mostly Clear
4736,2024-04-24,14.849418,120.264934,14.764648,120.292577,06:41:11,07:40:36,Cloudy
4737,2024-08-07,14.81783,120.281437,14.825365,120.27758,17:30:30,17:37:47,Mostly Clear
4738,2024-11-18,14.818119,120.280684,14.823332,120.300481,21:29:42,21:38:32,Clear
4739,2024-11-16,14.805982,120.322955,14.83837,120.283516,17:23:55,17:46:45,Partly Cloudy
4740,2024-03-16,14.829203,120.287296,14.839069,120.283611,07:11:09,07:17:03,Partly Cloudy
4741,2024-06-20,14.838075,120.283212,14.821085,120.275431,19:30:50,19:45:01,Partly Cloudy
4742,2024-10-07,14.828319,120.29472,14.827971,120.281909,20:06:06,20:12:44,Cloudy
4743,2024-02-06,14.836281,120.28321,14.818917,120.284021,14:37:52,14:47:54,Partly Cloudy
4744,2024-11-06,14.817555,120.280774,14.823391,120.289381,17:10:13,17:17:16,Light Drizzle
4745,2024-02-11,14.827666,120.281724,14.792356,120.29508,12:37:10,12:51:40,Mostly Clear
4746,2024-10-22,14.825108,120.280279,14.830672,120.289087,15:33:54,15:39:01,Cloudy
4747,2024-01-15,14.822723,120.301868,14.835837,120.287052,09:08:43,09:16:59,Mostly Clear
4748,2024-12-08,14.835371,120.281803,14.822696,120.301653,18:23:34,18:38:44,Partly Cloudy
4749,2024-07-26,14.836037,120.28996,14.772503,120.258406,18:16:46,18:45:52,Mostly Clear
4750,2024-03-07,14.856487,120.290106,14.789694,120.28199,09:04:52,09:26:53,Mostly Clear
4751,2024-02-13,14.887512,120.237552,14.823293,120.287553,18:13:02,19:14:08,Mostly Clear
4752,2024-11-30,14.817901,120.281259,14.836759,120.277971,20:07:42,20:18:48,Clear
4753,2024-11-05,14.830656,120.289207,14.820141,120.284396,08:51:58,09:01:27,Cloudy
4754,2024-04-02,14.847858,120.254869,14.83609,120.286479,07:17:05,07:35:53,Mostly Clear
4755,2024-12-10,14.835248,120.287771,14.836865,120.277756,14:37:14,14:43:27,Clear
4756,2024-08-29,14.848425,120.254527,14.805702,120.322828,20:54:21,21:22:07,Dense Drizzle
4757,2024-12-09,14.832807,120.282164,14.852176,120.256878,09:57:20,10:11:45,Light Rain
4758,2024-08-22,14.848564,120.265097,14.818976,120.28374,06:07:47,06:30:22,Dense Drizzle
4759,2024-02-11,14.825043,120.281847,14.848719,120.254403,14:41:16,14:54:34,Rain Showers
4760,2024-07-10,14.873508,120.235312,14.822381,120.301754,08:16:48,08:58:37,Partly Cloudy
4761,2024-05-21,14.814887,120.316388,14.840057,120.286739,10:07:14,10:28:23,Drizzle
4762,2024-11-21,14.835145,120.282323,14.876625,120.231885,08:36:50,09:14:17,Heavy Rain
4763,2024-02-20,14.816213,120.283795,14.839272,120.283825,19:18:23,19:32:43,Drizzle
4764,2024-07-16,14.821381,120.274444,14.837685,120.286217,08:00:28,08:14:08,Mostly Clear
4765,2024-02-04,14.826922,120.280046,14.843524,120.281426,17:18:34,17:28:27,Mostly Clear
4766,2024-01-03,14.839943,120.283534,14.824733,120.279641,12:25:26,12:32:18,Cloudy
4767,2024-03-10,14.822968,120.283267,14.826247,120.282331,15:07:12,15:10:32,Clear
4768,2024-08-18,14.821879,120.27173,14.856769,120.28997,05:25:27,05:40:32,Partly Cloudy
4769,2024-01-15,14.819936,120.284098,14.839824,120.285576,09:20:20,09:31:05,Clear
4770,2024-09-21,14.877161,120.233397,14.82835,120.294316,06:11:30,06:48:19,Light Rain
4771,2024-08-29,14.825178,120.281466,14.84911,120.265109,18:17:15,18:32:44,Rain
4772,2024-03-01,14.825038,120.281009,14.87743,120.235553,08:55:44,09:39:44,Mostly Clear
4773,2024-04-18,14.823987,120.279391,14.821617,120.278828,13:50:49,13:53:32,Clear
4774,2024-01-06,14.775869,120.308334,14.82829,120.285517,19:34:59,20:03:01,Mostly Clear
4775,2024-10-28,14.838498,120.283666,14.821054,120.274811,19:39:32,19:53:40,Partly Cloudy
4776,2024-09-10,14.839805,120.284393,14.824903,120.280287,07:36:40,07:45:23,Rain Showers
4777,2024-09-24,14.842637,120.288039,14.849405,120.25437,18:34:35,18:53:03,Cloudy
4778,2024-03-08,14.820683,120.28426,14.821278,120.283727,17:24:19,17:28:12,Mostly Clear
4779,2024-07-04,14.823157,120.28743,14.823481,120.283217,15:37:16,15:41:10,Dense Drizzle
4780,2024-07-18,14.823619,120.30042,14.842632,120.288337,06:52:56,07:02:02,Light Rain
4781,2024-08-15,14.815649,120.283191,14.819132,120.283929,19:44:42,19:48:21,Rain
4782,2024-10-05,14.841527,120.28584,14.825209,120.276543,09:35:32,09:46:54,Heavy Rain
4783,2024-09-04,14.820947,120.276578,14.827813,120.281788,06:02:48,06:09:12,Rain
4784,2024-08-03,14.838534,120.284412,14.83621,120.290027,15:55:43,15:59:59,Rain
4785,2024-01-24,14.84028,120.286342,14.82886,120.280393,08:03:30,08:11:12,Mostly Clear
4786,2024-06-21,14.829585,120.2878,14.837664,120.278736,08:04:31,08:13:17,Rain
4787,2024-10-05,14.818555,120.28345,14.764809,120.252825,05:01:02,05:28:22,Clear
4788,2024-04-14,14.821324,120.278705,14.764571,120.29337,07:29:56,08:21:59,Mostly Clear
4789,2024-05-25,14.847964,120.254568,14.851715,120.256755,14:05:49,14:09:56,Clear
4790,2024-02-23,14.887989,120.237421,14.826781,120.283897,08:04:35,08:39:57,Cloudy
4791,2024-02-20,14.851716,120.263167,14.841674,120.286142,07:58:04,08:16:01,Partly Cloudy
4792,2024-12-22,14.822347,120.272708,14.849489,120.25441,19:26:54,19:55:34,Cloudy
4793,2024-07-05,14.824791,120.276744,14.839682,120.284139,19:21:20,19:30:14,Thunderstorm with Hail
4794,2024-10-02,14.840838,120.287478,14.841409,120.286569,06:50:29,06:54:39,Cloudy
4795,2024-03-17,14.818335,120.281799,14.848554,120.255401,19:19:56,19:40:30,Mostly Clear
4796,2024-10-31,14.819437,120.284014,14.828178,120.28144,22:31:14,22:35:53,Rain
4797,2024-08-19,14.820256,120.283391,14.827437,120.279599,16:45:16,16:50:15,Light Rain
4798,2024-03-02,14.837281,120.267733,14.829238,120.287336,21:06:45,21:16:45,Clear
4799,2024-01-22,14.821105,120.27829,14.877017,120.231899,07:28:07,07:59:51,Drizzle
4800,2024-09-08,14.84346,120.286114,14.839,120.284437,12:34:43,12:37:53,Cloudy
4801,2024-03-18,14.840483,120.286738,14.806014,120.321965,22:37:28,22:55:50,Clear
4802,2024-06-21,14.817451,120.280872,14.835998,120.2827,11:05:43,11:15:58,Heavy Rain
4803,2024-08-24,14.820619,120.275969,14.837685,120.278757,06:38:09,06:48:34,Light Drizzle
4804,2024-12-12,14.830195,120.288956,14.815587,120.283481,05:08:45,05:18:24,Clear
4805,2024-11-02,14.821713,120.275083,14.820531,120.284217,07:10:34,07:16:18,Mostly Clear
4806,2024-09-25,14.820076,120.284193,14.819354,120.283924,10:07:18,10:10:39,Light Rain
4807,2024-04-04,14.825195,120.277765,14.827795,120.28528,17:50:17,17:57:32,Clear
4808,2024-12-20,14.815311,120.283517,14.818676,120.283485,05:14:22,05:18:19,Mostly Clear
4809,2024-11-16,14.775785,120.307611,14.827011,120.28743,13:29:00,13:46:59,Cloudy
4810,2024-09-04,14.82516,120.279983,14.840453,120.286626,08:45:33,09:00:26,Light Drizzle
4811,2024-02-19,14.837642,120.279131,14.843357,120.281985,17:40:30,17:47:13,Cloudy
4812,2024-09-03,14.820792,120.275854,14.839523,120.283994,10:03:34,10:17:21,Thunderstorm
4813,2024-11-26,14.835707,120.286758,14.820737,120.276031,19:34:10,19:47:06,Rain
4814,2024-04-16,14.842362,120.282771,14.836601,120.278202,07:19:43,07:25:19,Clear
4815,2024-04-17,14.823122,120.287554,14.842312,120.287869,12:39:39,12:50:54,Fog
4816,2024-07-07,14.876965,120.233295,14.820604,120.275253,07:37:48,08:07:48,Thunderstorm
4817,2024-04-25,14.88762,120.237813,14.868562,120.292468,17:38:08,18:14:26,Fog
4818,2024-12-26,14.844039,120.285674,14.820008,120.278787,16:46:24,17:02:57,Partly Cloudy
4819,2024-02-10,14.828956,120.287082,14.830077,120.289823,06:49:34,06:53:36,Light Rain
4820,2024-09-24,14.789591,120.281611,14.830762,120.288992,19:37:34,20:08:23,Heavy Rain
4821,2024-11-16,14.832648,120.282876,14.82426,120.279734,17:30:46,17:38:46,Rain
4822,2024-09-10,14.817934,120.281291,14.824738,120.283152,19:19:33,19:25:43,Light Rain
4823,2024-06-26,14.831341,120.288881,14.839603,120.284275,06:33:47,06:38:35,Drizzle
4824,2024-09-12,14.840904,120.287044,14.837196,120.26847,10:57:12,11:09:23,Partly Cloudy
4825,2024-07-27,14.815045,120.316939,14.832928,120.282048,15:08:04,15:28:22,Mostly Clear
4826,2024-10-28,14.835513,120.281856,14.824886,120.280279,18:51:24,18:58:07,Drizzle
4827,2024-01-16,14.841858,120.282129,14.839785,120.284804,08:21:35,08:25:36,Clear
4828,2024-06-21,14.837474,120.278874,14.836602,120.290213,09:12:57,09:19:20,Cloudy
4829,2024-10-15,14.835528,120.288023,14.877799,120.235007,06:38:18,07:03:20,Cloudy
4830,2024-03-18,14.81598,120.28348,14.82412,120.289776,18:12:15,18:18:15,Heavy Rain
4831,2024-03-27,14.805766,120.323136,14.840157,120.286652,19:47:24,20:32:00,Cloudy
4832,2024-07-01,14.821506,120.298267,14.830745,120.289087,20:04:20,20:10:12,Mostly Clear
4833,2024-06-05,14.825095,120.281764,14.839718,120.285508,17:39:38,17:48:56,Dense Drizzle
4834,2024-08-12,14.84259,120.28721,14.828486,120.286918,19:15:01,19:22:31,Partly Cloudy
4835,2024-01-31,14.764501,120.29282,14.8199,120.278851,09:12:42,09:36:47,Mostly Clear
4836,2024-04-02,14.823621,120.300549,14.823479,120.278891,10:52:36,11:01:05,Rain
4837,2024-03-12,14.820852,120.276061,14.817919,120.281393,13:13:58,13:18:27,Heavy Rain
4838,2024-07-11,14.827728,120.281891,14.85133,120.255756,18:24:03,18:43:56,Mostly Clear
4839,2024-03-26,14.851349,120.255723,14.837602,120.285134,17:00:43,17:22:37,Clear
4840,2024-06-26,14.838511,120.285562,14.830574,120.288928,15:41:57,15:45:18,Partly Cloudy
4841,2024-04-06,14.842466,120.287589,14.8211,120.272121,05:27:12,05:39:27,Mostly Clear
4842,2024-06-18,14.820376,120.284837,14.842898,120.28193,17:20:15,17:30:30,Cloudy
4843,2024-05-18,14.843183,120.28644,14.817866,120.281288,06:17:05,06:35:41,Partly Cloudy
4844,2024-04-15,14.82582,120.272643,14.817557,120.281263,09:59:53,10:07:58,Clear
4845,2024-10-26,14.84275,120.282185,14.806263,120.323063,08:48:10,09:12:39,Dense Drizzle
4846,2024-07-26,14.82364,120.30057,14.829549,120.28047,09:22:34,09:32:07,Light Drizzle
4847,2024-11-20,14.836728,120.286261,14.820709,120.283826,17:14:31,17:23:21,Cloudy
4848,2024-08-29,14.820548,120.284199,14.82359,120.300762,19:25:33,19:37:41,Partly Cloudy
4849,2024-02-22,14.842704,120.281258,14.821474,120.283854,10:37:13,10:47:09,Light Rain
4850,2024-08-02,14.823998,120.300672,14.877929,120.234673,06:31:23,07:20:57,Mostly Clear
4851,2024-12-16,14.829737,120.28677,14.829029,120.280469,07:37:01,07:44:49,Mostly Clear
4852,2024-04-16,14.825103,120.280558,14.839416,120.284854,07:14:53,07:22:45,Mostly Clear
4853,2024-11-07,14.820595,120.275395,14.806106,120.322886,05:26:44,05:50:19,Mostly Clear
4854,2024-05-01,14.836412,120.289583,14.849473,120.254948,11:38:38,11:59:29,Mostly Clear
4855,2024-03-27,14.837283,120.277624,14.85137,120.256852,19:06:35,19:21:26,Cloudy
4856,2024-07-03,14.815899,120.283706,14.841289,120.286701,19:00:13,19:18:01,Cloudy
4857,2024-04-10,14.836493,120.290066,14.849222,120.254539,19:24:03,19:41:04,Mostly Clear
4858,2024-10-12,14.829744,120.287356,14.836353,120.290248,07:59:08,08:04:41,Mostly Clear
4859,2024-08-02,14.829492,120.287383,14.856906,120.289589,08:47:51,09:03:26,Dense Drizzle
4860,2024-02-15,14.837657,120.285801,14.831098,120.288706,19:30:35,19:36:19,Cloudy
4861,2024-11-10,14.835178,120.288051,14.824203,120.278893,07:54:36,08:04:06,Light Rain
4862,2024-07-29,14.82917,120.287287,14.851365,120.263388,16:43:00,16:55:21,Rain
4863,2024-09-06,14.826473,120.279607,14.828093,120.282557,13:49:37,13:52:31,Cloudy
4864,2024-07-14,14.828153,120.286342,14.839543,120.283701,22:38:22,22:46:13,Light Rain
4865,2024-05-23,14.840051,120.283728,14.832347,120.285358,18:37:00,18:42:48,Cloudy
4866,2024-02-20,14.815331,120.2833,14.841096,120.286331,19:23:28,19:41:07,Clear
4867,2024-09-25,14.824397,120.28049,14.82393,120.279945,18:29:51,18:34:01,Clear
4868,2024-04-26,14.837465,120.267857,14.829217,120.286961,09:39:15,09:46:58,Clear
4869,2024-06-01,14.82506,120.280017,14.836192,120.28669,12:00:51,12:09:20,Light Drizzle
4870,2024-12-17,14.820585,120.275044,14.82177,120.271817,05:20:41,05:23:26,Clear
4871,2024-06-18,14.81634,120.283501,14.840708,120.286287,13:24:16,13:36:41,Dense Drizzle
4872,2024-02-29,14.83028,120.298212,14.764234,120.292703,09:36:00,10:01:36,Rain Showers
4873,2024-09-23,14.828978,120.28037,14.822877,120.286955,19:08:57,19:16:53,Mostly Clear
4874,2024-02-07,14.815839,120.283347,14.873487,120.235309,08:21:02,09:02:31,Mostly Clear
4875,2024-08-31,14.7893,120.281838,14.820888,120.271612,17:11:12,17:25:34,Fog
4876,2024-10-25,14.764227,120.252665,14.8251,120.282408,06:21:57,06:55:11,Light Drizzle
4877,2024-04-06,14.849145,120.314537,14.881813,120.235894,08:02:39,08:47:04,Clear
4878,2024-02-29,14.829174,120.287808,14.820103,120.279258,07:27:16,07:35:05,Clear
4879,2024-12-07,14.849268,120.265332,14.839813,120.284227,08:36:33,08:47:41,Light Rain
4880,2024-07-16,14.819989,120.284264,14.821313,120.271545,19:45:17,19:52:40,Light Drizzle
4881,2024-06-28,14.829153,120.287365,14.837548,120.2787,08:30:18,08:41:02,Partly Cloudy
4882,2024-12-26,14.830657,120.289395,14.819369,120.278895,20:46:58,20:54:54,Dense Drizzle
4883,2024-08-09,14.797814,120.271908,14.876552,120.231878,12:26:33,13:17:09,Light Drizzle
4884,2024-03-25,14.836132,120.289798,14.851253,120.263581,19:50:56,20:11:36,Light Drizzle
4885,2024-01-17,14.82808,120.295446,14.764673,120.252591,18:48:52,19:24:53,Clear
4886,2024-02-25,14.823009,120.283534,14.815701,120.283169,21:58:47,22:04:38,Partly Cloudy
4887,2024-01-03,14.829048,120.286845,14.820032,120.283251,22:14:37,22:20:11,Light Rain
4888,2024-11-09,14.828917,120.287193,14.829072,120.282424,07:26:04,07:30:51,Drizzle
4889,2024-10-30,14.819522,120.28366,14.827128,120.280038,12:17:29,12:23:32,Dense Drizzle
4890,2024-06-13,14.805871,120.322858,14.848962,120.291172,18:02:06,18:42:10,Clear
4891,2024-12-21,14.824976,120.28007,14.836806,120.286606,17:12:27,17:23:37,Clear
4892,2024-03-08,14.83087,120.289142,14.83988,120.283955,11:52:44,11:57:18,Cloudy
4893,2024-03-10,14.823287,120.287467,14.776523,120.307864,09:27:38,09:55:17,Partly Cloudy
4894,2024-12-13,14.88754,120.238115,14.826448,120.283168,17:05:54,18:01:49,Clear
4895,2024-04-24,14.841109,120.282777,14.842152,120.287787,12:53:36,12:58:51,Mostly Clear
4896,2024-08-15,14.824746,120.281804,14.822448,120.272208,18:11:21,18:20:56,Partly Cloudy
4897,2024-01-05,14.835527,120.281239,14.819503,120.284482,17:12:56,17:22:01,Light Drizzle
4898,2024-03-11,14.819096,120.284072,14.836393,120.287388,08:49:55,08:59:08,Cloudy
4899,2024-03-11,14.877011,120.233277,14.819997,120.284416,07:45:22,08:34:28,Mostly Clear
4900,2024-02-23,14.835103,120.281719,14.839638,120.284104,19:42:56,19:48:19,Cloudy
4901,2024-04-25,14.805723,120.323403,14.848863,120.25468,17:24:06,18:16:31,Light Rain
4902,2024-12-24,14.824307,120.289535,14.828709,120.286749,07:57:04,08:01:44,Rain
4903,2024-03-28,14.848792,120.314875,14.877593,120.235948,06:49:53,07:26:02,Partly Cloudy
4904,2024-06-17,14.848098,120.254626,14.818475,120.279105,07:48:26,08:19:47,Heavy Rain
4905,2024-09-08,14.824457,120.279522,14.828375,120.28548,18:15:46,18:22:42,Cloudy
4906,2024-05-10,14.821422,120.279314,14.829619,120.298719,08:15:20,08:31:06,Clear
4907,2024-01-20,14.823722,120.301268,14.841054,120.286746,21:22:33,21:34:15,Partly Cloudy
4908,2024-10-25,14.797626,120.271405,14.824847,120.28087,19:27:59,19:43:54,Light Rain
4909,2024-02-02,14.842832,120.286469,14.77598,120.307618,08:40:00,09:16:38,Cloudy
4910,2024-04-02,14.829371,120.287047,14.841161,120.286587,18:35:53,18:46:48,Cloudy
4911,2024-12-09,14.829782,120.297899,14.819845,120.28488,20:56:35,21:02:35,Fog
4912,2024-06-01,14.820162,120.283925,14.822515,120.301113,18:07:24,18:16:33,Fog
4913,2024-09-15,14.82111,120.275385,14.820559,120.275326,12:17:52,12:20:13,Clear
4914,2024-10-13,14.830415,120.273881,14.832834,120.282995,11:44:53,11:50:20,Mostly Clear
4915,2024-12-05,14.815483,120.28309,14.832944,120.285421,05:07:03,05:13:59,Partly Cloudy
4916,2024-10-24,14.828396,120.285372,14.838305,120.28589,06:19:57,06:25:27,Drizzle
4917,2024-01-15,14.825116,120.282394,14.841114,120.286483,22:32:39,22:41:19,Mostly Clear
4918,2024-07-24,14.819923,120.276893,14.841498,120.286093,06:16:33,06:29:46,Clear
4919,2024-07-08,14.877144,120.232532,14.820492,120.284504,08:27:30,09:02:49,Mostly Clear
4920,2024-03-06,14.839299,120.283336,14.836047,120.283928,18:01:58,18:06:41,Partly Cloudy
4921,2024-05-18,14.835046,120.282063,14.836702,120.27841,12:26:52,12:31:25,Light Rain
4922,2024-07-27,14.842519,120.287615,14.822614,120.272653,18:45:38,18:59:36,Rain
4923,2024-11-18,14.820659,120.283501,14.820847,120.283883,18:26:42,18:29:56,Light Drizzle
4924,2024-01-18,14.833221,120.28238,14.828241,120.294187,05:10:28,05:17:28,Mostly Clear
4925,2024-06-23,14.765136,120.293439,14.868078,120.292295,18:58:08,19:43:56,Cloudy
4926,2024-10-22,14.829437,120.287288,14.815815,120.283974,19:29:18,19:37:42,Dense Drizzle
4927,2024-03-30,14.821372,120.275496,14.823016,120.301027,19:27:46,19:40:30,Clear
4928,2024-10-11,14.849482,120.265449,14.824346,120.27764,07:53:34,08:10:57,Clear
4929,2024-10-27,14.821436,120.278415,14.839796,120.285036,15:51:39,16:01:31,Mostly Clear
4930,2024-12-13,14.823608,120.290012,14.877298,120.232584,09:06:01,09:46:18,Partly Cloudy
4931,2024-01-02,14.805434,120.322985,14.820614,120.278434,17:42:32,18:13:24,Partly Cloudy
4932,2024-12-15,14.838224,120.283611,14.805842,120.322286,16:01:32,16:19:20,Mostly Clear
4933,2024-07-16,14.817835,120.281266,14.818028,120.283657,09:44:29,09:47:33,Mostly Clear
4934,2024-03-04,14.823848,120.279741,14.792368,120.294311,18:17:30,18:42:44,Clear
4935,2024-07-29,14.839348,120.284745,14.817907,120.2834,17:55:14,18:09:45,Thunderstorm
4936,2024-11-23,14.849739,120.264796,14.817474,120.284604,19:53:06,20:19:39,Mostly Clear
4937,2024-01-03,14.839771,120.28337,14.820559,120.283494,19:33:54,19:50:27,Clear
4938,2024-04-30,14.822217,120.272775,14.836044,120.286586,05:54:45,06:03:18,Clear
4939,2024-11-04,14.828323,120.281724,14.823267,120.286744,20:31:39,20:35:49,Drizzle
4940,2024-12-20,14.837316,120.282951,14.819147,120.283778,14:47:29,14:59:52,Dense Drizzle
4941,2024-12-14,14.828764,120.28176,14.817631,120.284322,17:12:52,17:22:28,Clear
4942,2024-08-21,14.868335,120.29173,14.820935,120.283342,06:32:29,07:03:44,Cloudy
4943,2024-03-01,14.824562,120.279499,14.840156,120.284539,08:08:12,08:15:35,Rain
4944,2024-03-02,14.817909,120.281334,14.824034,120.301291,09:03:14,09:13:24,Clear
4945,2024-03-29,14.827133,120.280082,14.827863,120.286365,18:42:38,18:47:31,Cloudy
4946,2024-08-07,14.828386,120.285283,14.829159,120.281009,08:13:44,08:18:14,Drizzle
4947,2024-12-25,14.82184,120.272262,14.837813,120.278962,10:28:15,10:36:29,Partly Cloudy
4948,2024-01-14,14.764613,120.292925,14.851821,120.25641,17:46:39,18:22:19,Mostly Clear
4949,2024-03-13,14.82691,120.279543,14.817676,120.280902,22:21:09,22:26:33,Clear
4950,2024-04-18,14.792017,120.294409,14.764615,120.253589,08:51:53,09:09:09,Rain
4951,2024-10-10,14.824112,120.28032,14.820709,120.282866,08:50:16,08:53:36,Cloudy
4952,2024-06-29,14.825099,120.281693,14.887642,120.237346,19:56:33,20:50:31,Mostly Clear
4953,2024-02-11,14.826127,120.272885,14.82329,120.301168,19:01:56,19:27:43,Clear
4954,2024-11-03,14.823265,120.287703,14.828955,120.287087,11:11:46,11:17:38,Light Rain
4955,2024-09-13,14.820879,120.275993,14.776844,120.307886,06:35:41,07:07:32,Light Rain
4956,2024-03-22,14.868006,120.292348,14.821409,120.278656,13:36:33,13:56:24,Clear
4957,2024-06-04,14.852005,120.257011,14.839831,120.283384,09:41:21,09:55:26,Mostly Clear
4958,2024-02-22,14.851881,120.256223,14.84185,120.287863,06:38:33,06:59:54,Clear
4959,2024-10-31,14.836116,120.286811,14.841634,120.282533,14:40:49,14:45:02,Mostly Clear
4960,2024-03-11,14.815489,120.316467,14.829446,120.287573,15:34:49,15:47:04,Partly Cloudy
4961,2024-10-27,14.820873,120.276271,14.820758,120.283964,15:00:27,15:07:10,Partly Cloudy
4962,2024-08-24,14.815584,120.283068,14.818045,120.284655,20:09:32,20:13:30,Light Rain
4963,2024-08-25,14.823912,120.301347,14.82764,120.279743,07:07:41,07:24:30,Rain
4964,2024-02-11,14.856531,120.29034,14.820481,120.2753,17:30:47,17:56:41,Clear
4965,2024-02-08,14.822039,120.29893,14.824056,120.289955,18:02:04,18:08:10,Partly Cloudy
4966,2024-12-21,14.821935,120.272465,14.84029,120.287053,21:02:29,21:12:21,Clear
4967,2024-09-11,14.827591,120.287327,14.817795,120.281347,11:02:09,11:07:46,Heavy Rain Showers
4968,2024-09-23,14.840275,120.287532,14.849224,120.264965,16:15:59,16:31:01,Fog
4969,2024-04-22,14.837518,120.285849,14.821815,120.298538,10:33:09,10:42:15,Clear
4970,2024-12-25,14.836412,120.285917,14.82446,120.280288,14:35:05,14:40:52,Mostly Clear
4971,2024-12-01,14.823952,120.279822,14.830524,120.273759,19:54:24,20:02:59,Clear
4972,2024-01-24,14.842185,120.282825,14.822614,120.286909,09:29:36,09:39:02,Mostly Clear
4973,2024-04-02,14.840002,120.287323,14.821054,120.284273,21:35:01,21:47:19,Mostly Clear
4974,2024-05-22,14.837679,120.283215,14.823924,120.300469,15:19:29,15:33:53,Heavy Rain Showers
4975,2024-04-04,14.836381,120.289769,14.839462,120.283988,18:08:47,18:13:56,Partly Cloudy
4976,2024-01-23,14.817246,120.281196,14.873813,120.234661,16:12:51,16:52:07,Mostly Clear
4977,2024-08-04,14.877564,120.235093,14.877442,120.231292,19:37:27,19:42:10,Mostly Clear
4978,2024-03-13,14.772001,120.257953,14.820582,120.283291,19:51:13,20:16:22,Cloudy
4979,2024-12-12,14.828097,120.295009,14.847584,120.254667,19:50:59,20:16:13,Rime Fog
4980,2024-04-17,14.82299,120.301562,14.821029,120.27922,09:58:34,10:08:23,Clear
4981,2024-04-12,14.830356,120.28875,14.839095,120.284612,18:22:59,18:28:20,Cloudy
4982,2024-08-21,14.823639,120.300515,14.836144,120.286584,08:00:06,08:08:28,Mostly Clear
4983,2024-03-09,14.841824,120.283017,14.85175,120.25685,07:43:18,07:56:42,Clear
4984,2024-11-10,14.830325,120.289509,14.828172,120.286454,19:26:58,19:29:41,Light Drizzle
4985,2024-03-20,14.82079,120.275674,14.776326,120.308239,07:27:24,07:57:56,Drizzle
4986,2024-05-23,14.76547,120.293024,14.820736,120.275332,19:23:36,19:53:21,Mostly Clear
4987,2024-11-17,14.821155,120.275327,14.835858,120.282632,06:34:29,06:43:41,Cloudy
4988,2024-11-22,14.823023,120.30083,14.832936,120.281824,11:25:58,11:36:29,Rain Showers
4989,2024-03-19,14.825235,120.276906,14.873515,120.234465,19:05:38,19:43:43,Partly Cloudy
4990,2024-04-08,14.843139,120.285751,14.849155,120.264379,09:37:51,09:46:23,Light Drizzle
4991,2024-08-20,14.881558,120.236111,14.819155,120.28404,07:22:39,08:10:15,Rain
4992,2024-01-31,14.828974,120.287027,14.764503,120.293465,06:29:07,07:09:19,Light Drizzle
4993,2024-07-25,14.821252,120.278693,14.823728,120.279215,22:08:59,22:12:28,Light Rain
4994,2024-06-23,14.819141,120.28365,14.83906,120.283964,18:05:19,18:23:44,Drizzle
4995,2024-11-01,14.772332,120.258095,14.805719,120.323132,16:12:44,16:43:12,Clear
4996,2024-05-18,14.824118,120.278461,14.83672,120.278184,05:16:29,05:22:39,Cloudy
4997,2024-01-08,14.833016,120.281559,14.849727,120.265381,09:59:42,10:08:19,Clear
4998,2024-06-26,14.815347,120.283143,14.841782,120.282982,19:45:16,20:01:12,Mostly Clear
4999,2024-12-29,14.829112,120.298216,14.828218,120.28575,18:54:00,19:02:28,Clear
5000,2024-05-23,14.828338,120.285538,14.81751,120.281437,06:41:51,06:48:44,Mostly Clear
5001,2024-11-16,14.817668,120.281223,14.820236,120.283848,15:40:58,15:44:25,Light Drizzle
5002,2024-07-15,14.830481,120.289195,14.832301,120.285908,18:07:33,18:10:33,Drizzle
5003,2024-10-29,14.843227,120.282019,14.837563,120.278942,08:37:11,08:42:27,Clear
5004,2024-12-16,14.828941,120.281506,14.839134,120.283964,22:33:42,22:40:06,Mostly Clear
5005,2024-10-10,14.877205,120.232728,14.81938,120.284031,22:51:08,23:31:48,Mostly Clear
5006,2024-07-06,14.836295,120.277746,14.821066,120.275472,17:48:59,18:00:38,Cloudy
5007,2024-12-27,14.868531,120.292361,14.817509,120.284511,08:50:36,09:15:49,Cloudy
5008,2024-03-02,14.836494,120.290055,14.849087,120.254049,19:15:43,19:32:47,Mostly Clear
5009,2024-10-03,14.815223,120.283964,14.836565,120.283102,19:46:49,20:01:03,Cloudy
5010,2024-02-29,14.776147,120.308042,14.828525,120.287507,18:59:01,19:31:13,Clear
5011,2024-06-15,14.843025,120.287174,14.825278,120.277865,08:04:48,08:20:33,Light Rain
5012,2024-08-27,14.82757,120.29494,14.824669,120.28304,19:53:17,20:03:35,Rime Fog
5013,2024-12-02,14.815829,120.283227,14.842491,120.287282,17:43:50,17:57:56,Mostly Clear
5014,2024-04-15,14.848263,120.254374,14.820253,120.28346,05:10:11,05:33:36,Light Rain
5015,2024-09-22,14.817542,120.281418,14.851268,120.263062,17:27:18,17:52:03,Cloudy
5016,2024-04-14,14.83847,120.283396,14.818698,120.283356,15:56:11,16:07:36,Clear
5017,2024-03-09,14.829584,120.29904,14.836688,120.290055,09:11:16,09:17:12,Fog
5018,2024-07-12,14.887813,120.236931,14.822113,120.271917,18:44:34,19:25:07,Mostly Clear
5019,2024-10-22,14.843345,120.286352,14.841713,120.282374,09:56:12,09:59:18,Clear
5020,2024-09-25,14.876506,120.231626,14.824626,120.280203,18:40:18,19:27:54,Mostly Clear
5021,2024-08-21,14.815815,120.283932,14.849478,120.264634,17:07:02,17:28:13,Light Rain
5022,2024-07-09,14.835819,120.282312,14.815497,120.283522,12:12:20,12:21:14,Light Rain
5023,2024-05-18,14.838086,120.285723,14.847674,120.254736,19:39:10,19:59:55,Partly Cloudy
5024,2024-09-22,14.789737,120.28203,14.824315,120.279803,06:35:23,06:52:39,Partly Cloudy
5025,2024-04-21,14.76468,120.253078,14.830379,120.273775,17:56:22,18:34:16,Mostly Clear
5026,2024-02-13,14.828175,120.286548,14.822709,120.30158,07:51:20,08:07:13,Mostly Clear
5027,2024-06-14,14.820253,120.27726,14.818831,120.278142,19:48:20,19:51:28,Partly Cloudy
5028,2024-01-12,14.820064,120.28389,14.82439,120.28991,18:25:28,18:32:38,Mostly Clear
5029,2024-05-31,14.824739,120.282216,14.835959,120.289739,22:31:29,22:38:13,Clear
5030,2024-02-20,14.823474,120.278931,14.820499,120.274688,09:04:56,09:09:19,Cloudy
5031,2024-01-31,14.815847,120.282746,14.877358,120.233279,11:46:19,12:21:15,Clear
5032,2024-10-29,14.838023,120.283046,14.820516,120.283344,14:51:14,14:58:35,Partly Cloudy
5033,2024-10-02,14.868039,120.292318,14.772133,120.258211,11:08:09,11:37:33,Partly Cloudy
5034,2024-12-21,14.829317,120.287263,14.825212,120.279894,06:32:04,06:36:53,Partly Cloudy
5035,2024-08-12,14.815732,120.283844,14.830411,120.288948,20:22:53,20:32:44,Light Rain
5036,2024-09-28,14.823314,120.287009,14.887571,120.238017,05:35:45,06:12:06,Severe Thunderstorm with Hail
5037,2024-01-18,14.842731,120.282613,14.818776,120.27932,08:44:06,09:02:58,Light Drizzle
5038,2024-12-28,14.819519,120.27877,14.840811,120.286937,05:11:16,05:19:23,Mostly Clear
5039,2024-01-10,14.789955,120.281379,14.827991,120.286283,16:07:56,16:21:41,Partly Cloudy
5040,2024-10-29,14.843278,120.281731,14.835478,120.282089,08:15:17,08:21:31,Rain
5041,2024-10-03,14.84906,120.265067,14.856804,120.289626,07:10:45,07:21:47,Partly Cloudy
5042,2024-11-06,14.806049,120.322737,14.851688,120.262479,16:08:57,16:32:44,Clear
5043,2024-03-25,14.837211,120.283017,14.82195,120.272338,22:38:38,22:46:56,Clear
5044,2024-09-25,14.840411,120.286814,14.84902,120.265303,19:45:44,19:58:03,Heavy Rain
5045,2024-08-24,14.8777,120.23556,14.829425,120.298088,20:53:42,21:37:05,Mostly Clear
5046,2024-02-26,14.818083,120.281547,14.836607,120.278101,06:14:54,06:30:33,Partly Cloudy
5047,2024-10-01,14.828553,120.287239,14.820682,120.283881,06:28:53,06:35:16,Mostly Clear
5048,2024-10-14,14.839215,120.282882,14.842041,120.286428,18:20:07,18:23:52,Partly Cloudy
5049,2024-06-26,14.821978,120.273498,14.835825,120.286957,16:36:31,16:45:33,Light Rain
5050,2024-02-07,14.823925,120.290087,14.822893,120.282925,16:57:28,17:01:48,Clear
5051,2024-08-14,14.772671,120.258567,14.82054,120.275368,20:53:16,21:22:15,Cloudy
5052,2024-11-26,14.817897,120.281271,14.820254,120.275932,19:51:03,19:56:31,Cloudy
5053,2024-09-04,14.805664,120.322992,14.823498,120.301404,18:24:20,18:48:26,Thunderstorm
5054,2024-06-05,14.825332,120.28209,14.882121,120.23615,17:01:10,17:58:47,Partly Cloudy
5055,2024-03-06,14.877217,120.233056,14.826498,120.272702,07:35:35,08:13:20,Light Drizzle
5056,2024-04-05,14.82071,120.284379,14.848583,120.254067,18:03:08,18:23:55,Clear
5057,2024-11-04,14.873342,120.235524,14.821473,120.271606,21:08:54,21:45:47,Drizzle
5058,2024-05-16,14.839698,120.284052,14.824143,120.289213,17:22:12,17:34:16,Mostly Clear
5059,2024-06-01,14.820089,120.276461,14.821512,120.275117,08:49:05,08:52:59,Cloudy
5060,2024-11-05,14.824592,120.289266,14.851266,120.256387,20:44:09,21:02:56,Clear
5061,2024-05-06,14.828946,120.28643,14.882234,120.237003,08:32:58,09:30:21,Clear
5062,2024-10-01,14.821611,120.278747,14.821082,120.284045,08:17:03,08:23:48,Mostly Clear
5063,2024-07-25,14.874087,120.234945,14.828134,120.294517,08:58:12,09:29:01,Rain Showers
5064,2024-04-17,14.876992,120.231952,14.838326,120.28398,21:14:52,21:40:12,Mostly Clear
5065,2024-09-24,14.820087,120.284842,14.876924,120.232304,20:28:40,21:11:16,Cloudy
5066,2024-04-24,14.876747,120.231523,14.836357,120.289565,14:10:11,14:47:43,Cloudy
5067,2024-06-13,14.848256,120.315188,14.836371,120.283407,08:15:20,08:40:09,Cloudy
5068,2024-07-17,14.805681,120.322702,14.82583,120.272524,14:30:05,14:50:24,Fog
5069,2024-11-25,14.848605,120.254657,14.828948,120.286723,17:32:04,17:49:38,Cloudy
5070,2024-01-12,14.828713,120.282277,14.823156,120.301284,18:49:34,19:03:15,Mostly Clear
5071,2024-09-17,14.822369,120.297705,14.837817,120.283748,11:10:41,11:19:13,Drizzle
5072,2024-02-01,14.82018,120.284339,14.7646,120.253223,09:08:32,09:37:02,Mostly Clear
5073,2024-12-21,14.828998,120.280474,14.841324,120.286459,19:34:27,19:41:46,Partly Cloudy
5074,2024-01-05,14.83687,120.277709,14.851389,120.256419,19:56:37,20:16:29,Mostly Clear
5075,2024-08-25,14.82964,120.286694,14.832985,120.282207,08:59:44,09:03:15,Heavy Rain
5076,2024-07-02,14.820304,120.283565,14.819245,120.283851,18:12:12,18:16:25,Heavy Rain
5077,2024-05-12,14.790116,120.282256,14.823306,120.300669,18:55:58,19:13:55,Mostly Clear
5078,2024-11-16,14.827012,120.279987,14.839088,120.283874,22:02:14,22:08:35,Mostly Clear
5079,2024-04-02,14.842988,120.28176,14.764793,120.293145,08:25:59,08:58:40,Mostly Clear
5080,2024-02-09,14.868052,120.29213,14.820135,120.276447,06:08:16,06:32:00,Cloudy
5081,2024-06-01,14.822895,120.282476,14.825365,120.28061,10:16:00,10:19:51,Drizzle
5082,2024-02-10,14.805444,120.322228,14.827142,120.287258,19:29:43,19:54:17,Mostly Clear
5083,2024-10-13,14.82232,120.298322,14.825377,120.283358,06:06:00,06:14:14,Fog
5084,2024-10-17,14.836199,120.289901,14.82322,120.286873,19:30:20,19:40:51,Rime Fog
5085,2024-08-11,14.822836,120.272857,14.876825,120.232015,08:29:42,09:01:31,Light Rain
5086,2024-08-05,14.820363,120.283711,14.833304,120.286158,15:23:14,15:31:04,Clear
5087,2024-12-20,14.826797,120.28666,14.836156,120.283279,07:55:23,08:02:17,Fog
5088,2024-01-18,14.821542,120.274072,14.820277,120.284181,21:17:47,21:24:14,Partly Cloudy
5089,2024-08-13,14.82548,120.279881,14.775959,120.307441,07:03:27,07:26:51,Light Rain
5090,2024-03-05,14.851764,120.25554,14.829246,120.287693,14:15:45,14:40:16,Clear
5091,2024-11-28,14.841667,120.286007,14.824044,120.278809,18:03:16,18:17:37,Thunderstorm with Hail
5092,2024-07-26,14.824233,120.279796,14.839659,120.284188,18:24:10,18:34:47,Fog
5093,2024-08-24,14.829383,120.287495,14.838272,120.283672,08:22:34,08:28:43,Partly Cloudy
5094,2024-10-08,14.81955,120.278936,14.817684,120.284378,19:55:26,20:01:24,Mostly Clear
5095,2024-07-03,14.818252,120.281226,14.835128,120.287504,05:50:52,05:57:39,Light Drizzle
5096,2024-08-21,14.839616,120.284782,14.822812,120.302066,14:01:23,14:10:58,Partly Cloudy
5097,2024-06-14,14.84043,120.286367,14.848922,120.254699,08:27:12,08:43:23,Cloudy
5098,2024-06-11,14.829106,120.286997,14.842575,120.287714,06:33:02,06:44:54,Drizzle
5099,2024-05-02,14.821128,120.275792,14.822208,120.298811,06:18:29,06:31:01,Mostly Clear
5100,2024-02-17,14.82465,120.280365,14.818119,120.283794,18:40:38,18:45:53,Clear
5101,2024-06-05,14.841319,120.286339,14.877264,120.2343,15:49:20,16:17:52,Rain
5102,2024-09-11,14.805927,120.322795,14.887295,120.237352,08:07:27,08:54:43,Partly Cloudy
5103,2024-01-25,14.828895,120.28136,14.828204,120.281939,07:57:54,08:02:36,Partly Cloudy
5104,2024-02-08,14.828715,120.281807,14.825437,120.281708,17:57:02,18:00:30,Mostly Clear
5105,2024-02-23,14.821048,120.275875,14.84167,120.283648,11:26:04,11:37:52,Partly Cloudy
5106,2024-04-03,14.78991,120.28196,14.821698,120.298832,19:26:13,19:47:22,Cloudy
5107,2024-03-26,14.843403,120.287444,14.821089,120.283558,19:54:02,20:07:47,Drizzle
5108,2024-10-20,14.826212,120.273551,14.829197,120.286992,18:17:18,18:26:56,Rain
5109,2024-08-02,14.829584,120.280085,14.848818,120.31457,19:58:20,20:18:19,Clear
5110,2024-11-10,14.841009,120.286916,14.826253,120.272462,19:22:32,19:37:47,Heavy Rain
5111,2024-12-14,14.776094,120.307596,14.820026,120.284221,14:33:23,14:57:44,Light Drizzle
5112,2024-10-08,14.837848,120.283582,14.820933,120.283905,09:41:32,09:49:31,Fog
5113,2024-04-03,14.838988,120.284255,14.817739,120.281312,15:42:32,15:52:42,Cloudy
5114,2024-09-18,14.776068,120.307563,14.836517,120.290441,20:21:14,20:47:28,Clear
5115,2024-07-04,14.765358,120.292922,14.82634,120.283446,18:35:54,19:11:19,Dense Drizzle
5116,2024-06-28,14.806416,120.322876,14.825512,120.279983,19:16:14,19:46:44,Light Rain
5117,2024-09-27,14.764775,120.293036,14.828827,120.287077,11:21:02,12:01:05,Drizzle
5118,2024-04-23,14.789609,120.281969,14.791909,120.29461,19:28:47,19:41:32,Dense Drizzle
5119,2024-11-06,14.847943,120.254512,14.825136,120.279993,10:04:59,10:16:22,Partly Cloudy
5120,2024-11-05,14.829654,120.298849,14.835605,120.283015,17:40:39,17:51:32,Drizzle
5121,2024-11-23,14.877399,120.233261,14.835328,120.287755,09:38:29,10:13:23,Partly Cloudy
5122,2024-02-22,14.839661,120.285763,14.849603,120.264725,13:07:10,13:17:00,Mostly Clear
5123,2024-06-08,14.851607,120.256237,14.772212,120.258495,14:31:16,15:01:55,Clear
5124,2024-01-13,14.82823,120.285565,14.80576,120.323335,08:55:04,09:16:41,Mostly Clear
5125,2024-07-02,14.764822,120.292533,14.867707,120.29243,18:30:32,19:24:44,Partly Cloudy
5126,2024-07-16,14.829866,120.299317,14.857049,120.290182,06:19:56,06:34:56,Rain Showers
5127,2024-12-31,14.836362,120.277321,14.78982,120.282253,07:53:03,08:26:55,Fog
5128,2024-02-13,14.849272,120.265242,14.877456,120.235242,06:57:43,07:16:36,Mostly Clear
5129,2024-03-03,14.868621,120.292824,14.77569,120.307503,07:57:20,09:12:12,Cloudy
5130,2024-02-07,14.827943,120.286261,14.828969,120.280593,06:25:17,06:29:12,Cloudy
5131,2024-01-12,14.789621,120.281284,14.82127,120.275813,19:31:57,19:54:24,Partly Cloudy
5132,2024-03-02,14.887449,120.237548,14.826107,120.283316,19:59:41,20:35:36,Mostly Clear
5133,2024-04-25,14.851602,120.262525,14.817908,120.284221,10:17:05,10:34:46,Partly Cloudy
5134,2024-05-12,14.828201,120.294841,14.837928,120.278339,08:57:51,09:08:39,Light Drizzle
5135,2024-08-31,14.823994,120.279673,14.833296,120.281712,14:20:06,14:26:25,Partly Cloudy
5136,2024-08-19,14.815418,120.28364,14.805933,120.322759,18:21:28,18:40:53,Dense Drizzle
5137,2024-01-02,14.824119,120.279691,14.822864,120.301909,19:50:57,20:05:24,Cloudy
5138,2024-06-19,14.828062,120.294673,14.821997,120.298794,19:59:31,20:05:42,Light Rain
5139,2024-12-02,14.839614,120.284287,14.824831,120.280149,19:17:21,19:26:41,Rain
5140,2024-10-25,14.819091,120.278234,14.82014,120.283894,07:30:25,07:35:01,Mostly Clear
5141,2024-08-10,14.818489,120.281617,14.819625,120.284665,08:59:08,09:02:33,Light Rain
5142,2024-06-16,14.849065,120.290922,14.836488,120.290006,07:10:07,07:22:29,Cloudy
5143,2024-07-11,14.877357,120.232595,14.839161,120.283109,15:46:49,16:13:59,Partly Cloudy
5144,2024-05-22,14.831217,120.289448,14.833145,120.282587,08:38:24,08:43:39,Clear
5145,2024-06-20,14.84024,120.28671,14.835248,120.281927,07:14:53,07:20:06,Clear
5146,2024-05-27,14.851855,120.255808,14.841693,120.286819,14:26:22,14:39:01,Mostly Clear
5147,2024-10-01,14.82042,120.275493,14.856893,120.28996,06:44:05,07:00:51,Dense Drizzle
5148,2024-02-01,14.821129,120.276226,14.824455,120.279672,07:39:31,07:45:05,Mostly Clear
5149,2024-03-02,14.849221,120.2542,14.821389,120.271719,21:35:09,21:47:11,Clear
5150,2024-08-18,14.824166,120.289606,14.840581,120.286465,15:40:25,15:48:03,Heavy Rain
5151,2024-04-26,14.823667,120.28942,14.825137,120.280017,18:42:07,18:48:44,Cloudy
5152,2024-05-21,14.819911,120.278884,14.776542,120.30732,15:01:46,15:18:35,Cloudy
5153,2024-06-12,14.856668,120.289629,14.829165,120.287216,15:21:23,15:32:16,Light Rain
5154,2024-10-31,14.84873,120.290842,14.815507,120.283187,20:03:53,20:17:42,Light Drizzle
5155,2024-02-08,14.823738,120.289209,14.829132,120.281095,22:01:16,22:07:07,Mostly Clear
5156,2024-03-17,14.824031,120.289442,14.825244,120.277168,09:31:53,09:38:06,Rain Showers
5157,2024-10-18,14.823543,120.300679,14.816068,120.283825,06:42:13,06:57:44,Rain
5158,2024-04-28,14.838266,120.285479,14.840435,120.286739,18:44:40,18:47:59,Clear
5159,2024-10-02,14.841333,120.28638,14.826052,120.283016,07:27:36,07:39:27,Cloudy
5160,2024-10-14,14.820793,120.275804,14.876517,120.232334,08:01:33,08:38:18,Rain
5161,2024-01-02,14.851566,120.262818,14.832945,120.284762,20:42:38,20:58:35,Mostly Clear
5162,2024-07-12,14.806292,120.323099,14.79205,120.294469,18:11:03,18:32:53,Cloudy
5163,2024-06-13,14.839834,120.284541,14.77219,120.258847,18:22:42,19:00:10,Light Drizzle
5164,2024-04-18,14.821212,120.275928,14.823838,120.279285,07:04:29,07:09:19,Clear
5165,2024-09-17,14.817925,120.281325,14.819257,120.279145,19:35:08,19:39:28,Light Rain
5166,2024-05-20,14.835459,120.28834,14.839215,120.283558,06:04:08,06:10:04,Light Rain
5167,2024-09-29,14.833432,120.281983,14.877566,120.235127,05:21:57,05:43:18,Partly Cloudy
5168,2024-06-18,14.877169,120.235172,14.827685,120.279835,07:44:53,08:11:59,Light Drizzle
5169,2024-10-23,14.820767,120.274802,14.828711,120.282277,06:06:49,06:17:44,Heavy Rain
5170,2024-10-31,14.827364,120.279829,14.823788,120.288694,19:20:20,19:27:07,Light Drizzle
5171,2024-10-18,14.819406,120.284065,14.851524,120.256212,17:54:33,18:25:24,Rain Showers
5172,2024-12-21,14.827528,120.287037,14.76431,120.253394,20:19:29,20:52:11,Partly Cloudy
5173,2024-01-16,14.821097,120.284134,14.819204,120.283499,13:43:09,13:45:22,Partly Cloudy
5174,2024-07-07,14.827885,120.29464,14.824314,120.282902,19:52:18,20:01:30,Rain
5175,2024-01-08,14.876996,120.232155,14.797682,120.271699,22:08:33,22:48:29,Clear
5176,2024-04-26,14.815501,120.316583,14.824148,120.278813,16:02:22,16:20:59,Cloudy
5177,2024-11-22,14.823229,120.28688,14.844047,120.285836,08:36:19,08:48:20,Drizzle
5178,2024-09-01,14.830923,120.288771,14.819126,120.283926,15:25:01,15:32:31,Clear
5179,2024-05-18,14.873776,120.234922,14.842636,120.287848,06:57:30,07:49:37,Clear
5180,2024-07-19,14.822905,120.287288,14.820718,120.283712,05:30:16,05:33:03,Light Drizzle
5181,2024-06-07,14.820923,120.275659,14.842723,120.287937,08:40:43,08:53:41,Mostly Clear
5182,2024-04-27,14.828378,120.285298,14.821524,120.278963,12:06:57,12:13:48,Clear
5183,2024-05-13,14.819587,120.27864,14.829274,120.287416,20:31:27,20:38:57,Partly Cloudy
5184,2024-04-29,14.830597,120.289434,14.836908,120.278302,12:43:28,12:48:23,Partly Cloudy
5185,2024-01-11,14.887162,120.237093,14.837425,120.278506,10:10:28,10:44:22,Partly Cloudy
5186,2024-02-25,14.849248,120.254925,14.832566,120.281876,10:19:25,10:36:23,Light Rain
5187,2024-07-17,14.823118,120.302064,14.822779,120.287172,16:43:51,16:52:07,Drizzle
5188,2024-02-28,14.841207,120.286168,14.820075,120.284092,09:28:43,09:38:50,Clear
5189,2024-09-01,14.828171,120.282325,14.820515,120.284394,07:51:13,07:56:04,Rain
5190,2024-02-11,14.82338,120.300257,14.841076,120.287503,07:59:45,08:20:08,Partly Cloudy
5191,2024-12-11,14.849092,120.315702,14.828906,120.280364,06:55:48,07:26:43,Clear
5192,2024-07-30,14.816117,120.283419,14.818314,120.28414,19:44:53,19:49:17,Cloudy
5193,2024-11-24,14.789798,120.281963,14.792103,120.294403,18:56:09,19:02:40,Cloudy
5194,2024-05-05,14.82919,120.287516,14.830642,120.288981,20:31:51,20:34:09,Rain Showers
5195,2024-05-26,14.830531,120.289047,14.82093,120.276991,19:56:55,20:08:59,Fog
5196,2024-01-03,14.819971,120.284885,14.823906,120.3009,19:07:28,19:19:18,Partly Cloudy
5197,2024-07-25,14.764393,120.293074,14.838807,120.283872,18:38:52,19:22:19,Drizzle
5198,2024-04-07,14.826664,120.287203,14.826618,120.282981,09:37:27,09:40:59,Clear
5199,2024-12-05,14.842551,120.287543,14.837786,120.267787,17:09:11,17:20:27,Light Drizzle
5200,2024-02-01,14.820094,120.284381,14.821117,120.278735,17:49:54,17:54:23,Clear
5201,2024-10-24,14.842408,120.287195,14.77664,120.307624,07:13:54,07:53:07,Partly Cloudy
5202,2024-08-02,14.817944,120.280933,14.817444,120.283818,18:47:08,18:51:06,Rain
5203,2024-07-27,14.828548,120.285691,14.824097,120.299941,08:44:19,08:53:24,Partly Cloudy
5204,2024-04-25,14.837022,120.290424,14.82065,120.284179,19:32:25,19:44:19,Clear
5205,2024-08-01,14.805302,120.322818,14.827266,120.279848,13:26:39,13:47:42,Cloudy
5206,2024-07-10,14.876995,120.232042,14.835604,120.282584,16:22:51,16:51:11,Clear
5207,2024-05-23,14.82114,120.275956,14.819321,120.284252,06:11:32,06:17:00,Mostly Clear
5208,2024-06-24,14.877022,120.233424,14.851603,120.256358,19:20:30,19:36:40,Cloudy
5209,2024-12-28,14.82097,120.275649,14.8363,120.283458,08:37:47,08:47:36,Drizzle
5210,2024-11-29,14.822036,120.2981,14.842445,120.281851,18:25:08,18:42:52,Light Rain
5211,2024-07-29,14.842919,120.286656,14.828771,120.282403,14:17:05,14:25:14,Partly Cloudy
5212,2024-02-06,14.829056,120.280392,14.829176,120.287892,20:49:28,20:55:41,Mostly Clear
5213,2024-05-03,14.827712,120.281456,14.772648,120.258815,19:28:35,19:56:18,Dense Drizzle
5214,2024-09-19,14.887314,120.237577,14.823189,120.300411,19:21:13,20:02:14,Partly Cloudy
5215,2024-04-01,14.828879,120.280322,14.824103,120.290218,10:19:17,10:24:24,Light Drizzle
5216,2024-01-16,14.825002,120.280145,14.824364,120.278505,08:07:54,08:11:13,Cloudy
5217,2024-02-28,14.817656,120.28087,14.820338,120.275806,18:37:25,18:42:04,Partly Cloudy
5218,2024-07-03,14.856494,120.289689,14.822298,120.298835,14:17:01,14:34:04,Heavy Rain
5219,2024-05-24,14.837936,120.267706,14.765217,120.293586,10:52:03,11:24:35,Mostly Clear
5220,2024-12-18,14.84064,120.286459,14.816033,120.282802,06:13:10,06:27:29,Mostly Clear
5221,2024-03-13,14.838184,120.283179,14.819094,120.28368,18:23:03,18:36:05,Partly Cloudy
5222,2024-03-29,14.840242,120.283798,14.831019,120.289319,18:28:52,18:36:16,Cloudy
5223,2024-06-05,14.776287,120.308509,14.827529,120.281848,17:42:55,18:16:22,Light Rain
5224,2024-04-14,14.815851,120.316636,14.835154,120.282922,05:07:14,05:28:13,Partly Cloudy
5225,2024-04-20,14.828511,120.286117,14.826638,120.283161,06:18:14,06:23:31,Mostly Clear
5226,2024-08-18,14.829139,120.287022,14.8213,120.274349,21:32:25,21:39:58,Light Rain
5227,2024-03-11,14.829341,120.280164,14.85174,120.262327,17:19:22,17:36:39,Clear
5228,2024-01-16,14.823427,120.300571,14.88193,120.236671,19:34:26,20:19:44,Clear
5229,2024-04-06,14.824887,120.280217,14.819996,120.284247,12:41:16,12:46:04,Partly Cloudy
5230,2024-08-28,14.84892,120.290939,14.87721,120.234624,16:50:25,17:20:01,Light Drizzle
5231,2024-08-12,14.822364,120.301741,14.805903,120.323099,11:40:16,11:57:28,Clear
5232,2024-03-21,14.816205,120.283407,14.821072,120.283531,17:43:38,17:48:54,Clear
5233,2024-01-21,14.827255,120.280262,14.830439,120.273996,18:23:28,18:29:01,Mostly Clear
5234,2024-08-16,14.838205,120.285912,14.822775,120.287904,19:54:28,20:03:04,Cloudy
5235,2024-12-28,14.836467,120.290002,14.78913,120.282051,06:12:40,06:41:42,Mostly Clear
5236,2024-02-09,14.842109,120.283199,14.851709,120.256781,06:30:49,06:47:54,Mostly Clear
5237,2024-02-07,14.849257,120.264302,14.819427,120.278649,09:12:23,09:26:34,Light Rain
5238,2024-11-18,14.839686,120.283457,14.836354,120.283302,19:49:51,19:54:17,Light Drizzle
5239,2024-10-27,14.823595,120.279893,14.837061,120.267591,19:09:06,19:18:00,Partly Cloudy
5240,2024-11-19,14.82098,120.275548,14.821495,120.27347,11:28:10,11:31:43,Cloudy
5241,2024-03-20,14.83545,120.282442,14.882596,120.236117,18:42:09,19:12:24,Partly Cloudy
5242,2024-04-28,14.829698,120.299221,14.82665,120.283914,17:09:05,17:19:17,Clear
5243,2024-01-18,14.83651,120.277832,14.82914,120.287577,09:52:30,09:59:15,Clear
5244,2024-08-31,14.848553,120.253991,14.826315,120.282867,15:27:10,15:44:56,Partly Cloudy
5245,2024-11-20,14.831043,120.289251,14.835852,120.283278,18:31:53,18:37:20,Mostly Clear
5246,2024-03-02,14.820088,120.275935,14.86814,120.292643,17:59:19,18:20:07,Clear
5247,2024-03-25,14.817746,120.281315,14.837688,120.278287,15:08:29,15:16:00,Cloudy
5248,2024-02-08,14.818247,120.281913,14.824171,120.280135,11:35:24,11:38:35,Rain Showers
5249,2024-03-25,14.82425,120.279197,14.839563,120.283407,07:57:51,08:11:47,Mostly Clear
5250,2024-04-10,14.823822,120.279921,14.818499,120.278467,17:20:48,17:26:06,Mostly Clear
5251,2024-07-17,14.820539,120.274842,14.825977,120.272737,08:23:40,08:30:05,Light Rain
5252,2024-01-31,14.764634,120.292829,14.823836,120.300484,11:42:46,12:08:27,Partly Cloudy
5253,2024-06-12,14.77666,120.307835,14.838824,120.284954,19:23:29,20:08:29,Light Drizzle
5254,2024-08-22,14.826387,120.272837,14.839699,120.285488,17:38:31,17:49:13,Partly Cloudy
5255,2024-01-10,14.887999,120.237114,14.856973,120.290505,05:25:59,05:45:49,Clear
5256,2024-04-19,14.823811,120.28914,14.824625,120.280698,08:50:24,08:57:56,Light Drizzle
5257,2024-02-25,14.829368,120.280077,14.836782,120.286256,09:30:03,09:36:53,Partly Cloudy
5258,2024-10-30,14.830814,120.274113,14.826343,120.272637,07:08:16,07:12:22,Light Rain
5259,2024-09-20,14.825243,120.280394,14.830795,120.289584,06:41:33,06:52:50,Partly Cloudy
5260,2024-02-03,14.820809,120.278503,14.829015,120.28018,08:50:02,08:56:25,Clear
5261,2024-04-15,14.848917,120.290748,14.828282,120.281139,08:53:38,09:04:50,Dense Drizzle
5262,2024-09-04,14.805562,120.32231,14.823494,120.300457,18:30:21,18:48:25,Fog
5263,2024-01-30,14.820664,120.275065,14.842751,120.287414,13:23:12,13:35:41,Mostly Clear
5264,2024-02-26,14.818266,120.284336,14.840367,120.286709,15:51:29,16:01:45,Fog
5265,2024-02-17,14.820008,120.284224,14.837787,120.278652,17:08:45,17:23:38,Clear
5266,2024-03-12,14.821066,120.275474,14.82086,120.28377,06:06:31,06:13:20,Partly Cloudy
5267,2024-08-09,14.835385,120.282076,14.830692,120.290046,06:06:21,06:14:54,Partly Cloudy
5268,2024-10-01,14.827157,120.287743,14.816314,120.283672,06:57:03,07:05:23,Cloudy
5269,2024-04-22,14.837185,120.277938,14.825788,120.283082,18:23:28,18:35:06,Mostly Clear
5270,2024-10-24,14.829609,120.297838,14.824508,120.276963,21:14:14,21:22:13,Light Rain
5271,2024-08-22,14.833118,120.282665,14.830794,120.288495,16:31:15,16:36:46,Dense Drizzle
5272,2024-09-26,14.823615,120.279321,14.841306,120.286561,18:35:38,18:48:08,Partly Cloudy
5273,2024-12-06,14.82236,120.299144,14.838721,120.284636,16:35:27,16:48:25,Mostly Clear
5274,2024-08-04,14.83905,120.283803,14.81746,120.284024,20:38:54,20:50:02,Thunderstorm
5275,2024-08-24,14.848982,120.29115,14.820337,120.275803,06:55:21,07:18:24,Partly Cloudy
5276,2024-05-13,14.824382,120.281754,14.820694,120.275316,19:46:38,19:52:40,Mostly Clear
5277,2024-04-15,14.828834,120.287384,14.764444,120.2523,22:58:50,23:40:56,Mostly Clear
5278,2024-11-26,14.827613,120.281833,14.839774,120.284664,17:03:54,17:13:39,Rain
5279,2024-02-15,14.843506,120.285396,14.792007,120.293736,08:02:28,08:27:02,Violent Rain Showers
5280,2024-11-13,14.877128,120.233253,14.805527,120.323298,07:15:58,08:39:38,Fog
5281,2024-07-06,14.848343,120.254863,14.848851,120.254667,06:37:59,06:40:49,Partly Cloudy
5282,2024-01-21,14.839853,120.285039,14.841332,120.286285,11:47:15,11:51:13,Clear
5283,2024-12-15,14.825715,120.281903,14.851935,120.255573,19:19:38,19:45:48,Partly Cloudy
5284,2024-03-12,14.828416,120.281313,14.829768,120.29811,12:45:16,12:54:12,Light Rain
5285,2024-01-23,14.820285,120.283868,14.821641,120.298139,18:52:59,19:07:04,Light Rain
5286,2024-11-01,14.82432,120.278844,14.836869,120.268067,18:52:00,19:02:47,Partly Cloudy
5287,2024-08-30,14.841802,120.286193,14.820195,120.284768,16:58:54,17:08:22,Cloudy
5288,2024-12-28,14.830846,120.289739,14.826668,120.287997,19:40:10,19:44:40,Clear
5289,2024-05-26,14.824113,120.280353,14.848497,120.255338,22:03:50,22:23:13,Partly Cloudy
5290,2024-04-06,14.839198,120.284477,14.877761,120.234954,15:55:35,16:25:17,Mostly Clear
5291,2024-10-10,14.85678,120.289991,14.771914,120.257884,22:50:18,23:26:09,Rain Showers
5292,2024-09-07,14.840798,120.286584,14.827058,120.279974,12:50:38,12:57:48,Cloudy
5293,2024-08-11,14.820136,120.284384,14.836659,120.27799,09:52:50,10:00:33,Rain
5294,2024-07-06,14.877315,120.235044,14.815623,120.283326,07:49:07,08:22:12,Cloudy
5295,2024-07-14,14.797384,120.272355,14.822495,120.30186,19:05:05,19:35:14,Drizzle
5296,2024-12-08,14.820045,120.283708,14.828724,120.281779,09:43:48,09:49:15,Clear
5297,2024-08-05,14.821408,120.283661,14.765394,120.293245,19:25:16,19:49:32,Cloudy
5298,2024-02-27,14.838151,120.28622,14.824901,120.280193,19:30:10,19:37:39,Clear
5299,2024-02-19,14.823092,120.301103,14.837075,120.290058,14:48:34,14:56:11,Clear
5300,2024-03-16,14.821069,120.275594,14.833013,120.282111,07:11:16,07:22:33,Cloudy
5301,2024-06-08,14.842782,120.287029,14.849354,120.264722,17:46:25,18:06:53,Cloudy
5302,2024-02-01,14.851435,120.262924,14.822853,120.301852,21:54:58,22:15:45,Partly Cloudy
5303,2024-11-22,14.856635,120.290023,14.82199,120.298024,17:03:20,17:29:41,Partly Cloudy
5304,2024-08-09,14.836827,120.29048,14.824269,120.280455,18:39:38,18:51:31,Light Drizzle
5305,2024-08-22,14.828964,120.287402,14.833494,120.282292,07:52:18,07:57:23,Drizzle
5306,2024-10-13,14.839892,120.282919,14.821262,120.27157,18:49:37,18:59:13,Rain
5307,2024-05-26,14.824562,120.280654,14.819267,120.27814,11:45:05,11:49:11,Clear
5308,2024-10-05,14.820405,120.284172,14.815374,120.282741,18:12:29,18:16:32,Mostly Clear
5309,2024-04-14,14.829313,120.286995,14.805859,120.323343,06:06:42,06:31:41,Clear
5310,2024-03-04,14.798102,120.271747,14.815271,120.283216,13:37:24,13:49:50,Partly Cloudy
5311,2024-05-02,14.842124,120.287668,14.821091,120.274743,18:58:13,19:12:17,Light Drizzle
5312,2024-08-02,14.826794,120.272947,14.839721,120.285049,18:44:38,18:57:14,Cloudy
5313,2024-03-14,14.817884,120.281361,14.836225,120.286148,07:05:00,07:14:45,Mostly Clear
5314,2024-02-06,14.840135,120.286788,14.830445,120.289296,06:25:03,06:33:11,Clear
5315,2024-03-06,14.849172,120.29038,14.887733,120.236985,07:54:21,08:25:24,Clear
5316,2024-06-15,14.776725,120.308116,14.822386,120.302184,19:17:31,19:48:16,Cloudy
5317,2024-08-10,14.821055,120.273347,14.829171,120.287886,22:23:46,22:31:50,Clear
5318,2024-08-23,14.839578,120.283613,14.772219,120.258242,12:21:55,12:47:13,Light Rain
5319,2024-08-05,14.882141,120.237165,14.836977,120.289756,16:08:56,16:31:29,Cloudy
5320,2024-10-14,14.790254,120.281864,14.876863,120.231692,09:56:35,10:33:43,Partly Cloudy
5321,2024-07-28,14.829843,120.29813,14.877626,120.235286,05:21:19,05:50:10,Mostly Clear
5322,2024-08-06,14.789566,120.282076,14.817712,120.284173,19:41:35,20:05:38,Drizzle
5323,2024-04-29,14.887773,120.237854,14.848542,120.254407,18:07:12,18:28:14,Mostly Clear
5324,2024-03-20,14.847907,120.253915,14.830563,120.289161,08:53:47,09:15:43,Fog
5325,2024-09-20,14.8271,120.282162,14.819071,120.283871,15:48:41,15:54:13,Cloudy
5326,2024-04-10,14.817828,120.281749,14.849077,120.2651,18:33:07,18:53:11,Clear
5327,2024-12-30,14.821351,120.278766,14.840097,120.284967,08:41:14,08:52:11,Cloudy
5328,2024-06-16,14.873718,120.235063,14.820722,120.284017,05:56:17,06:31:44,Clear
5329,2024-06-08,14.81948,120.278578,14.823386,120.287237,10:06:39,10:11:48,Mostly Clear
5330,2024-08-02,14.823285,120.287589,14.839285,120.284347,14:04:16,14:12:42,Partly Cloudy
5331,2024-11-29,14.829356,120.28768,14.824757,120.282959,07:52:54,07:57:24,Cloudy
5332,2024-07-11,14.837694,120.278719,14.820199,120.283907,19:52:11,20:06:01,Partly Cloudy
5333,2024-10-23,14.837841,120.283155,14.822754,120.301683,19:39:26,19:51:19,Cloudy
5334,2024-03-17,14.838585,120.283511,14.823621,120.279521,21:14:05,21:21:08,Partly Cloudy
5335,2024-09-23,14.837382,120.26706,14.836157,120.283102,18:51:41,19:05:25,Mostly Clear
5336,2024-08-17,14.827368,120.287797,14.82182,120.274536,13:37:14,13:44:24,Drizzle
5337,2024-06-22,14.876781,120.232385,14.820876,120.278591,19:12:35,19:40:52,Light Rain
5338,2024-08-08,14.876616,120.233468,14.825183,120.279647,09:58:44,10:27:35,Light Rain
5339,2024-01-02,14.868594,120.291778,14.851532,120.25637,22:59:32,23:19:44,Clear
5340,2024-08-11,14.877694,120.235016,14.849385,120.254861,18:55:40,19:20:11,Rain
5341,2024-07-22,14.837401,120.267859,14.867948,120.292109,17:40:58,17:55:47,Light Rain
5342,2024-04-15,14.818986,120.283822,14.819405,120.283571,19:14:02,19:17:42,Partly Cloudy
5343,2024-07-30,14.829996,120.289131,14.840088,120.284048,11:32:37,11:38:05,Partly Cloudy
5344,2024-09-07,14.840938,120.286123,14.82481,120.283063,06:05:42,06:17:05,Cloudy
5345,2024-05-11,14.835829,120.286154,14.790228,120.282176,17:20:12,17:38:38,Partly Cloudy
5346,2024-12-30,14.82422,120.279776,14.806077,120.322711,05:07:58,05:25:33,Fog
5347,2024-01-28,14.823893,120.278873,14.821631,120.278732,19:05:12,19:08:22,Rain Showers
5348,2024-10-07,14.789317,120.282414,14.828858,120.282116,14:59:34,15:15:06,Cloudy
5349,2024-10-06,14.821638,120.273709,14.820866,120.283974,18:10:48,18:16:34,Cloudy
5350,2024-02-23,14.877044,120.231992,14.82365,120.300579,19:48:31,20:45:47,Cloudy
5351,2024-03-19,14.827399,120.282267,14.837379,120.267778,10:41:49,10:49:18,Mostly Clear
5352,2024-07-31,14.826231,120.272698,14.83977,120.285072,17:54:54,18:05:18,Light Drizzle
5353,2024-02-08,14.849395,120.290551,14.829008,120.280437,10:50:54,11:04:58,Partly Cloudy
5354,2024-08-01,14.805549,120.323237,14.836904,120.283135,18:21:13,18:51:20,Rain
5355,2024-04-26,14.856692,120.290659,14.823113,120.287244,17:49:28,18:07:19,Light Drizzle
5356,2024-01-19,14.824358,120.279984,14.824742,120.277614,19:23:42,19:27:02,Clear
5357,2024-11-09,14.876836,120.233487,14.877984,120.235062,08:32:19,08:34:47,Mostly Clear
5358,2024-07-24,14.842799,120.287215,14.821517,120.275574,17:13:09,17:31:26,Partly Cloudy
5359,2024-09-27,14.764725,120.292763,14.841377,120.286316,19:56:43,20:48:14,Rain
5360,2024-11-01,14.832629,120.285997,14.83755,120.278999,06:39:32,06:44:28,Cloudy
5361,2024-03-25,14.820529,120.283938,14.824187,120.280119,17:22:43,17:26:50,Cloudy
5362,2024-06-04,14.83842,120.283496,14.841972,120.286658,16:35:08,16:37:52,Cloudy
5363,2024-10-30,14.829158,120.287126,14.824835,120.280593,05:12:23,05:17:58,Clear
5364,2024-10-04,14.826449,120.272795,14.849076,120.2908,17:07:10,17:28:33,Cloudy
5365,2024-03-02,14.82971,120.298755,14.848661,120.254148,19:32:17,20:02:50,Partly Cloudy
5366,2024-02-18,14.829325,120.298953,14.824219,120.279305,08:18:42,08:29:58,Clear
5367,2024-11-12,14.823944,120.27968,14.824184,120.289646,19:03:17,19:11:02,Cloudy
5368,2024-07-24,14.824593,120.282442,14.820006,120.284308,19:18:16,19:24:37,Fog
5369,2024-07-10,14.821248,120.277963,14.806178,120.322347,09:51:56,10:08:01,Clear
5370,2024-08-09,14.832913,120.285292,14.851697,120.256309,12:46:01,13:05:40,Cloudy
5371,2024-03-25,14.828583,120.28211,14.835089,120.282213,10:07:55,10:11:18,Mostly Clear
5372,2024-02-25,14.765136,120.252769,14.771904,120.258582,14:16:50,14:21:39,Partly Cloudy
5373,2024-11-17,14.839391,120.283844,14.822745,120.301611,18:40:15,18:54:26,Light Rain
5374,2024-12-08,14.826241,120.283045,14.815754,120.284048,16:39:53,16:46:50,Partly Cloudy
5375,2024-08-27,14.824034,120.30026,14.830319,120.298534,20:27:59,20:32:24,Light Rain
5376,2024-01-04,14.833302,120.281581,14.824913,120.280198,17:11:43,17:19:38,Heavy Rain
5377,2024-04-19,14.84332,120.285814,14.806156,120.322238,08:47:18,09:12:32,Clear
5378,2024-12-09,14.817762,120.281433,14.832698,120.28541,21:48:27,21:56:23,Clear
5379,2024-01-25,14.826696,120.287665,14.77188,120.257518,11:55:13,12:19:27,Mostly Clear
5380,2024-08-20,14.828429,120.285345,14.815557,120.283124,08:32:52,08:42:21,Light Rain
5381,2024-05-21,14.775729,120.307814,14.829367,120.297977,13:20:13,13:52:20,Dense Drizzle
5382,2024-01-24,14.829457,120.287308,14.840065,120.283457,07:29:05,07:34:52,Clear
5383,2024-04-11,14.824663,120.289368,14.789943,120.282331,08:03:18,08:19:36,Fog
5384,2024-12-07,14.826671,120.27934,14.825137,120.277685,07:58:16,08:02:28,Clear
5385,2024-06-17,14.821128,120.278671,14.837595,120.279067,08:23:06,08:32:48,Partly Cloudy
5386,2024-04-10,14.834971,120.287607,14.820175,120.283985,08:40:46,08:52:33,Dense Drizzle
5387,2024-08-16,14.840453,120.286733,14.817844,120.281145,07:29:21,07:43:18,Heavy Rain
5388,2024-05-11,14.825166,120.280208,14.842731,120.287263,08:25:20,08:34:45,Light Drizzle
5389,2024-11-20,14.818996,120.283457,14.82656,120.272752,07:58:42,08:09:12,Mostly Clear
5390,2024-07-01,14.835405,120.28221,14.822251,120.272639,17:42:01,17:52:38,Heavy Rain
5391,2024-11-10,14.819876,120.284777,14.828209,120.285537,16:04:26,16:11:11,Partly Cloudy
5392,2024-04-12,14.838624,120.282755,14.828974,120.28033,07:04:04,07:12:33,Partly Cloudy
5393,2024-01-05,14.825241,120.281891,14.819288,120.284128,17:17:03,17:22:08,Clear
5394,2024-11-24,14.823306,120.287548,14.772662,120.257967,17:26:52,18:07:48,Rain
5395,2024-10-27,14.822249,120.298981,14.839963,120.283773,13:21:09,13:32:13,Rain Showers
5396,2024-07-06,14.824697,120.277374,14.821118,120.273545,17:12:35,17:16:23,Light Rain
5397,2024-07-19,14.823185,120.287533,14.82396,120.279771,10:03:09,10:07:28,Cloudy
5398,2024-04-20,14.819744,120.275961,14.836791,120.277482,13:40:51,13:48:14,Light Drizzle
5399,2024-12-30,14.819735,120.284858,14.848122,120.25493,19:23:07,19:44:24,Mostly Clear
5400,2024-08-01,14.823494,120.287025,14.815719,120.283476,06:23:42,06:30:44,Light Drizzle
5401,2024-03-18,14.839445,120.28344,14.828728,120.286885,12:20:01,12:28:06,Partly Cloudy
5402,2024-06-23,14.824977,120.27729,14.821158,120.274971,18:17:15,18:23:12,Fog
5403,2024-04-09,14.828239,120.285474,14.851558,120.256615,06:06:13,06:28:58,Clear
5404,2024-07-20,14.829223,120.287014,14.842554,120.287125,07:05:27,07:13:54,Drizzle
5405,2024-05-08,14.836192,120.286475,14.792074,120.293944,17:52:46,18:18:00,Mostly Clear
5406,2024-07-16,14.827712,120.282002,14.848851,120.290191,19:00:41,19:21:22,Light Rain
5407,2024-11-26,14.839714,120.283832,14.764388,120.253049,21:48:29,22:23:33,Light Drizzle
5408,2024-12-07,14.843641,120.286239,14.887617,120.237602,06:17:02,06:56:12,Cloudy
5409,2024-04-02,14.826982,120.279903,14.851246,120.256274,12:17:46,12:34:53,Mostly Clear
5410,2024-01-06,14.829809,120.298511,14.822098,120.298426,19:21:05,19:25:45,Mostly Clear
5411,2024-09-17,14.832323,120.285855,14.837756,120.278053,07:24:59,07:32:24,Cloudy
5412,2024-04-02,14.818145,120.280904,14.839266,120.284306,19:28:46,19:47:06,Partly Cloudy
5413,2024-09-09,14.849307,120.264914,14.819095,120.28375,17:18:47,17:42:39,Drizzle
5414,2024-10-23,14.764267,120.252902,14.824876,120.280237,15:42:02,16:09:46,Clear
5415,2024-05-04,14.838824,120.283364,14.848457,120.254447,18:41:56,19:02:43,Partly Cloudy
5416,2024-08-24,14.818144,120.280583,14.824741,120.28304,08:01:11,08:06:22,Fog
5417,2024-04-06,14.819625,120.284097,14.867879,120.292993,17:51:56,18:20:50,Cloudy
5418,2024-07-29,14.822467,120.287185,14.824971,120.280511,16:34:19,16:38:39,Partly Cloudy
5419,2024-06-05,14.839617,120.283195,14.823521,120.301228,19:22:51,19:41:20,Light Rain
5420,2024-03-16,14.80634,120.322327,14.826435,120.28309,08:09:37,08:40:46,Clear
5421,2024-12-07,14.839943,120.286772,14.877311,120.232248,08:23:47,09:13:47,Mostly Clear
5422,2024-12-15,14.827572,120.281983,14.82507,120.280438,16:25:46,16:29:19,Light Drizzle
5423,2024-05-11,14.825219,120.276601,14.820506,120.284147,06:28:28,06:34:34,Cloudy
5424,2024-08-26,14.824215,120.300823,14.842308,120.287407,14:18:19,14:30:15,Heavy Rain Showers
5425,2024-07-16,14.820009,120.284102,14.873383,120.235174,13:49:11,14:29:29,Light Drizzle
5426,2024-09-04,14.820986,120.278596,14.820663,120.284533,06:21:31,06:27:22,Mostly Clear
5427,2024-12-09,14.826263,120.282588,14.828644,120.295472,20:01:15,20:06:47,Clear
5428,2024-06-28,14.829476,120.287347,14.841745,120.282571,06:07:16,06:15:51,Heavy Rain Showers
5429,2024-07-18,14.792039,120.294268,14.819186,120.283866,05:27:44,05:39:58,Heavy Rain Showers
5430,2024-11-16,14.820506,120.284032,14.820507,120.276598,17:24:45,17:28:20,Light Rain
5431,2024-01-03,14.772154,120.25745,14.816059,120.284206,06:16:38,06:37:32,Cloudy
5432,2024-08-17,14.827977,120.282096,14.821153,120.275327,15:13:04,15:19:02,Partly Cloudy
5433,2024-06-28,14.826978,120.287437,14.839706,120.283267,08:32:48,08:42:39,Dense Drizzle
5434,2024-12-12,14.815475,120.283559,14.82131,120.276008,19:37:47,19:44:09,Light Drizzle
5435,2024-06-26,14.824327,120.289408,14.851271,120.256283,06:36:09,06:59:15,Partly Cloudy
5436,2024-09-29,14.829567,120.298671,14.839566,120.284939,06:04:07,06:16:45,Cloudy
5437,2024-03-05,14.839619,120.284,14.817884,120.280745,19:54:48,20:11:07,Mostly Clear
5438,2024-01-21,14.826485,120.273219,14.821026,120.283519,17:48:59,18:01:34,Clear
5439,2024-10-12,14.818353,120.280843,14.827978,120.286699,12:27:47,12:34:52,Light Drizzle
5440,2024-08-04,14.848619,120.314766,14.820559,120.283931,08:24:17,08:52:06,Rain
5441,2024-03-03,14.822897,120.283045,14.824402,120.282532,10:42:31,10:46:09,Cloudy
5442,2024-11-01,14.837743,120.26813,14.839905,120.283234,08:02:04,08:12:13,Partly Cloudy
5443,2024-04-13,14.825281,120.280818,14.81974,120.27833,09:49:33,09:54:12,Light Drizzle
5444,2024-06-20,14.823807,120.279059,14.836207,120.278241,07:53:28,08:01:01,Dense Drizzle
5445,2024-04-05,14.827032,120.273005,14.837774,120.286275,15:33:31,15:40:37,Mostly Clear
5446,2024-05-25,14.836957,120.268225,14.81572,120.283491,10:35:45,10:48:43,Mostly Clear
5447,2024-12-14,14.828876,120.287684,14.828476,120.282341,09:35:54,09:40:37,Clear
5448,2024-10-14,14.820282,120.284115,14.830645,120.273843,17:39:57,17:52:21,Fog
5449,2024-08-28,14.820478,120.28362,14.828032,120.285478,15:42:56,15:46:51,Light Drizzle
5450,2024-04-14,14.837383,120.267823,14.826906,120.287428,18:57:27,19:10:29,Fog
5451,2024-08-07,14.8204,120.276583,14.823975,120.279051,07:11:02,07:16:17,Clear
5452,2024-12-15,14.823979,120.289385,14.838553,120.286135,08:52:52,09:00:56,Cloudy
5453,2024-10-11,14.815663,120.283723,14.842559,120.286837,21:00:00,21:12:34,Light Drizzle
5454,2024-02-22,14.820722,120.284083,14.824068,120.279869,12:10:42,12:15:07,Cloudy
5455,2024-10-26,14.824084,120.28946,14.817652,120.28136,07:39:41,07:45:17,Dense Drizzle
5456,2024-06-21,14.818996,120.283379,14.772791,120.257983,13:38:51,13:57:14,Thunderstorm
5457,2024-07-14,14.835055,120.282565,14.815765,120.284242,11:05:36,11:16:09,Drizzle
5458,2024-04-30,14.82048,120.276536,14.829734,120.29869,06:56:55,07:13:09,Mostly Clear
5459,2024-05-20,14.819014,120.284047,14.841614,120.286851,15:16:32,15:26:26,Partly Cloudy
5460,2024-09-14,14.848249,120.255227,14.822827,120.28291,09:32:53,09:50:15,Mostly Clear
5461,2024-11-23,14.838272,120.285121,14.824087,120.289592,17:08:40,17:21:30,Light Rain
5462,2024-06-12,14.847886,120.255151,14.839246,120.284839,06:49:17,07:06:37,Mostly Clear
5463,2024-09-19,14.856838,120.290058,14.772263,120.258971,17:01:29,17:46:49,Dense Drizzle
5464,2024-01-21,14.836107,120.290602,14.81609,120.283794,22:54:25,23:07:20,Mostly Clear
5465,2024-11-19,14.805371,120.323091,14.822216,120.272237,12:29:14,12:54:47,Light Rain
5466,2024-09-29,14.838591,120.283041,14.806544,120.322637,13:57:17,14:19:33,Partly Cloudy
5467,2024-03-07,14.823789,120.280149,14.827905,120.295494,05:48:58,05:57:18,Partly Cloudy
5468,2024-08-14,14.836113,120.289563,14.828131,120.286281,18:14:50,18:23:17,Thunderstorm
5469,2024-01-01,14.821795,120.272353,14.827575,120.282008,13:50:09,13:54:29,Clear
5470,2024-04-01,14.82477,120.279865,14.876867,120.233238,12:28:11,12:55:13,Clear
5471,2024-05-27,14.815574,120.316662,14.835427,120.282151,12:11:56,12:33:10,Light Rain
5472,2024-08-10,14.849367,120.254006,14.836423,120.286164,20:29:55,20:46:44,Rain Showers
5473,2024-01-16,14.830374,120.28978,14.827059,120.279954,19:33:43,19:42:16,Cloudy
5474,2024-09-16,14.838435,120.286056,14.797507,120.272014,21:33:51,21:52:37,Cloudy
5475,2024-10-18,14.825202,120.276966,14.82095,120.275911,17:21:38,17:27:20,Cloudy
5476,2024-11-06,14.829135,120.28232,14.842404,120.287486,08:35:21,08:43:40,Rime Fog
5477,2024-02-12,14.823552,120.288974,14.821937,120.271279,19:25:21,19:38:49,Clear
5478,2024-06-04,14.839224,120.283636,14.837809,120.283379,09:12:30,09:16:55,Clear
5479,2024-06-22,14.82868,120.286843,14.839438,120.283886,06:55:22,07:03:59,Clear
5480,2024-06-02,14.839089,120.283872,14.8394,120.284793,08:03:52,08:07:58,Light Rain
5481,2024-12-06,14.842734,120.28717,14.821694,120.298634,11:23:24,11:34:52,Cloudy
5482,2024-01-15,14.842477,120.28761,14.828992,120.286749,17:23:45,17:33:05,Partly Cloudy
5483,2024-07-17,14.851281,120.263416,14.823813,120.289313,19:52:17,20:15:28,Partly Cloudy
5484,2024-07-28,14.887701,120.237578,14.851694,120.256048,17:18:00,17:46:05,Clear
5485,2024-10-07,14.824196,120.28944,14.764361,120.253192,07:25:14,08:26:24,Mostly Clear
5486,2024-12-15,14.820707,120.275351,14.830417,120.289287,17:02:32,17:14:04,Clear
5487,2024-09-24,14.828544,120.281186,14.828328,120.285388,17:05:19,17:09:12,Fog
5488,2024-05-23,14.815566,120.28376,14.822847,120.272363,16:00:43,16:08:25,Rime Fog
5489,2024-02-06,14.818183,120.284201,14.819082,120.283782,20:27:03,20:31:02,Partly Cloudy
5490,2024-03-16,14.848592,120.314946,14.815694,120.283985,12:25:50,12:46:15,Clear
5491,2024-01-03,14.828788,120.281939,14.820458,120.283952,19:23:00,19:29:04,Cloudy
5492,2024-11-03,14.83619,120.286614,14.820483,120.275404,06:11:30,06:22:48,Light Rain
5493,2024-07-31,14.82357,120.289633,14.826776,120.280692,06:15:43,06:22:17,Light Drizzle
5494,2024-11-26,14.828648,120.287484,14.821027,120.28283,13:11:47,13:17:44,Thunderstorm
5495,2024-02-01,14.836394,120.277462,14.815266,120.284026,08:03:02,08:19:23,Mostly Clear
5496,2024-06-11,14.830615,120.289052,14.839904,120.283291,20:47:18,20:53:31,Dense Drizzle
5497,2024-12-28,14.819783,120.284359,14.835977,120.286648,17:02:11,17:14:36,Clear
5498,2024-08-05,14.835807,120.281808,14.824665,120.280646,18:46:37,18:54:32,Clear
5499,2024-04-26,14.819836,120.278479,14.820714,120.284084,22:47:47,22:52:45,Clear
5500,2024-02-23,14.828274,120.285751,14.838204,120.283424,08:33:26,08:42:11,Clear
5501,2024-01-31,14.839568,120.284334,14.819203,120.284045,17:16:03,17:33:27,Drizzle
5502,2024-08-26,14.822352,120.301087,14.836052,120.290321,09:19:40,09:27:08,Partly Cloudy
5503,2024-03-25,14.822715,120.301598,14.815883,120.283835,14:59:25,15:11:09,Clear
5504,2024-10-28,14.822289,120.29904,14.839491,120.284433,21:50:24,22:01:58,Mostly Clear
5505,2024-12-06,14.820599,120.27536,14.832938,120.282107,07:58:24,08:08:23,Cloudy
5506,2024-03-03,14.882106,120.236979,14.830518,120.273754,10:25:30,10:49:17,Mostly Clear
5507,2024-07-08,14.820397,120.284217,14.841388,120.286466,21:59:27,22:08:19,Drizzle
5508,2024-02-02,14.842838,120.287155,14.821592,120.273658,21:56:35,22:09:49,Partly Cloudy
5509,2024-01-20,14.81791,120.281262,14.82479,120.279702,05:36:53,05:42:07,Partly Cloudy
5510,2024-04-01,14.835651,120.287762,14.839668,120.283465,06:03:45,06:08:16,Light Rain
5511,2024-07-22,14.83988,120.284016,14.826906,120.287772,18:37:23,18:44:07,Rime Fog
5512,2024-04-24,14.851327,120.262874,14.805902,120.322579,08:03:15,08:42:18,Clear
5513,2024-04-05,14.818785,120.284762,14.878087,120.234854,22:33:30,22:56:32,Clear
5514,2024-09-12,14.82212,120.272692,14.842463,120.287247,22:12:07,22:24:44,Cloudy
5515,2024-02-07,14.817779,120.280847,14.82958,120.298566,18:45:54,18:56:07,Light Drizzle
5516,2024-02-20,14.820784,120.28364,14.830555,120.274074,19:33:32,19:42:14,Partly Cloudy
5517,2024-06-27,14.825382,120.280494,14.839321,120.28419,06:15:06,06:25:33,Mostly Clear
5518,2024-11-18,14.821104,120.283351,14.764797,120.293048,15:59:58,16:25:49,Light Rain
5519,2024-09-14,14.829004,120.28726,14.82473,120.283838,07:46:47,07:52:09,Rain Showers
5520,2024-05-22,14.821278,120.271735,14.822849,120.301747,05:08:36,05:20:24,Mostly Clear
5521,2024-05-11,14.829722,120.298718,14.838956,120.28459,18:41:06,18:54:15,Mostly Clear
5522,2024-10-18,14.876905,120.231377,14.82233,120.272533,18:38:42,19:09:34,Light Drizzle
5523,2024-07-19,14.851504,120.263085,14.829156,120.298705,07:08:37,07:27:14,Light Drizzle
5524,2024-06-15,14.826448,120.273417,14.825137,120.282332,17:39:01,17:46:43,Thunderstorm
5525,2024-05-11,14.817832,120.281279,14.867806,120.293005,19:18:38,19:45:35,Mostly Clear
5526,2024-07-13,14.823665,120.289549,14.821327,120.273239,07:48:48,08:04:24,Mostly Clear
5527,2024-12-18,14.819553,120.284216,14.805794,120.32314,05:39:41,06:01:10,Partly Cloudy
5528,2024-07-03,14.820433,120.276481,14.789419,120.281813,06:19:42,06:38:42,Cloudy
5529,2024-11-06,14.824779,120.279866,14.843461,120.285866,21:00:52,21:09:39,Heavy Rain
5530,2024-01-11,14.851093,120.256738,14.819485,120.278644,20:57:32,21:13:58,Mostly Clear
5531,2024-02-12,14.877256,120.235016,14.840137,120.286329,14:12:22,14:42:15,Mostly Clear
5532,2024-12-09,14.822576,120.298077,14.826663,120.287178,19:34:50,19:41:23,Partly Cloudy
5533,2024-11-28,14.789738,120.282025,14.828195,120.294426,16:47:04,17:00:46,Clear
5534,2024-05-25,14.839611,120.283687,14.821195,120.274884,19:53:02,20:03:43,Clear
5535,2024-10-27,14.832788,120.282242,14.824728,120.283053,06:31:29,06:36:31,Partly Cloudy
5536,2024-10-22,14.818212,120.280814,14.857094,120.289864,10:41:02,10:58:46,Partly Cloudy
5537,2024-05-10,14.823556,120.278331,14.820841,120.276877,17:07:59,17:12:20,Mostly Clear
5538,2024-07-31,14.820048,120.284388,14.776507,120.307651,11:11:25,11:33:06,Rain
5539,2024-09-21,14.825071,120.281756,14.821101,120.275477,14:21:16,14:26:38,Partly Cloudy
5540,2024-10-10,14.84404,120.285635,14.83323,120.282836,07:31:27,07:41:03,Fog
5541,2024-02-11,14.888044,120.237699,14.824093,120.289305,18:58:45,19:34:51,Mostly Clear
5542,2024-04-23,14.824009,120.289406,14.819252,120.284272,08:20:45,08:26:24,Clear
5543,2024-07-23,14.887981,120.237424,14.839103,120.283912,19:13:01,19:53:56,Rain
5544,2024-12-23,14.87704,120.233442,14.820788,120.283914,06:14:41,07:02:40,Mostly Clear
5545,2024-06-17,14.830948,120.273578,14.877211,120.231573,08:44:16,09:15:10,Cloudy
5546,2024-11-07,14.842435,120.287732,14.877,120.23191,09:28:02,09:59:11,Violent Rain Showers
5547,2024-11-20,14.839309,120.284818,14.82883,120.280046,14:16:11,14:22:01,Light Rain
5548,2024-03-07,14.835357,120.287119,14.836704,120.28327,14:57:15,15:00:24,Partly Cloudy
5549,2024-07-28,14.843205,120.286084,14.821487,120.279202,06:35:51,06:53:33,Dense Drizzle
5550,2024-01-03,14.842038,120.287186,14.820146,120.283959,14:00:18,14:08:28,Cloudy
5551,2024-04-16,14.824452,120.277549,14.824301,120.280016,18:23:46,18:27:03,Mostly Clear
5552,2024-07-23,14.764966,120.293605,14.820975,120.275111,19:00:12,19:43:52,Partly Cloudy
5553,2024-12-28,14.817912,120.281723,14.832731,120.285485,18:41:26,18:50:56,Cloudy
5554,2024-08-18,14.837565,120.27925,14.836447,120.29012,06:26:55,06:36:38,Fog
5555,2024-02-20,14.815542,120.283988,14.826278,120.283553,18:45:08,18:55:30,Drizzle
5556,2024-04-02,14.841506,120.286398,14.835802,120.28591,06:19:32,06:25:27,Clear
5557,2024-10-15,14.824093,120.289741,14.822268,120.30127,07:10:42,07:18:17,Cloudy
5558,2024-10-03,14.828401,120.286365,14.856598,120.290021,15:12:07,15:25:30,Clear
5559,2024-11-28,14.839794,120.283436,14.790375,120.281791,11:55:37,12:23:02,Fog
5560,2024-07-21,14.82366,120.300536,14.841251,120.286957,08:33:13,08:46:04,Rain
5561,2024-12-03,14.824293,120.279639,14.81773,120.283718,19:26:30,19:35:54,Mostly Clear
5562,2024-05-16,14.843383,120.286147,14.772274,120.258297,14:28:58,15:14:47,Mostly Clear
5563,2024-02-02,14.824226,120.279455,14.823282,120.300868,17:51:32,18:02:20,Mostly Clear
5564,2024-06-29,14.841629,120.282266,14.819397,120.284259,08:12:30,08:27:29,Drizzle
5565,2024-05-02,14.888023,120.238057,14.820472,120.283284,16:49:54,17:27:52,Partly Cloudy
5566,2024-10-28,14.882,120.237037,14.876989,120.234995,08:02:49,08:06:05,Rain
5567,2024-06-24,14.824768,120.283025,14.776767,120.307883,16:22:24,16:44:54,Fog
5568,2024-11-24,14.83937,120.283964,14.826839,120.272073,05:09:37,05:17:58,Light Drizzle
5569,2024-10-10,14.822283,120.297945,14.825378,120.279655,11:04:33,11:12:00,Fog
5570,2024-05-07,14.837852,120.283718,14.815488,120.283302,20:48:41,21:01:24,Cloudy
5571,2024-04-02,14.876942,120.231914,14.82167,120.29847,06:58:23,08:14:16,Cloudy
5572,2024-05-07,14.826481,120.282959,14.829687,120.298874,06:50:44,07:00:54,Clear
5573,2024-07-18,14.840701,120.28662,14.856811,120.289981,06:24:43,06:35:08,Light Drizzle
5574,2024-03-28,14.819454,120.284319,14.849416,120.264751,05:32:52,05:50:49,Clear
5575,2024-03-03,14.775603,120.307833,14.851162,120.256385,19:33:26,20:31:33,Mostly Clear
5576,2024-04-03,14.820611,120.283894,14.828305,120.285858,17:04:50,17:11:54,Clear
5577,2024-09-26,14.842351,120.287435,14.83691,120.267219,18:12:01,18:22:55,Cloudy
5578,2024-06-13,14.851568,120.256566,14.833021,120.285701,09:51:08,10:04:22,Rain
5579,2024-08-02,14.838204,120.2852,14.821233,120.274851,20:36:50,20:50:22,Light Rain
5580,2024-10-11,14.823955,120.289595,14.821965,120.298368,14:12:06,14:16:48,Cloudy
5581,2024-03-16,14.817896,120.281262,14.819724,120.284379,07:54:51,07:58:17,Clear
5582,2024-02-25,14.840503,120.286731,14.843213,120.285457,07:49:51,07:54:39,Clear
5583,2024-05-21,14.821138,120.27538,14.887186,120.237377,08:38:43,09:13:08,Mostly Clear
5584,2024-04-05,14.839881,120.283417,14.8195,120.283508,22:09:13,22:18:47,Cloudy
5585,2024-06-02,14.824124,120.279747,14.851468,120.25589,07:00:33,07:23:28,Thunderstorm
5586,2024-09-19,14.836688,120.278009,14.827381,120.282181,19:23:59,19:30:16,Drizzle
5587,2024-03-11,14.841442,120.286849,14.764457,120.25254,12:18:33,12:50:25,Partly Cloudy
5588,2024-03-27,14.825398,120.280805,14.806111,120.322078,10:47:23,11:05:37,Clear
5589,2024-03-24,14.832939,120.283022,14.842067,120.288052,18:27:36,18:36:02,Clear
5590,2024-10-22,14.873571,120.235356,14.820668,120.284029,08:59:06,09:35:26,Rain
5591,2024-07-14,14.832956,120.282155,14.830592,120.273837,18:12:42,18:18:43,Partly Cloudy
5592,2024-03-21,14.818038,120.28116,14.825421,120.281666,16:01:34,16:06:16,Clear
5593,2024-04-06,14.822411,120.272523,14.867968,120.292,12:21:17,12:38:37,Mostly Clear
5594,2024-09-07,14.830169,120.298217,14.829198,120.287188,07:46:48,07:52:18,Heavy Rain
5595,2024-03-29,14.873714,120.235449,14.828123,120.281662,07:13:25,07:49:18,Mostly Clear
5596,2024-07-18,14.824587,120.28916,14.806058,120.322033,13:29:03,13:45:37,Heavy Rain
5597,2024-09-17,14.825004,120.27755,14.840134,120.287185,12:02:23,12:10:28,Cloudy
5598,2024-11-27,14.836313,120.27761,14.832728,120.285578,18:11:13,18:17:06,Heavy Rain Showers
5599,2024-11-09,14.828026,120.285228,14.826314,120.273002,08:50:22,08:59:35,Cloudy
5600,2024-04-26,14.805975,120.322722,14.826759,120.282426,17:45:31,18:11:12,Mostly Clear
5601,2024-07-23,14.828168,120.285471,14.823871,120.279704,07:44:46,07:51:16,Clear
5602,2024-08-06,14.823987,120.289404,14.829117,120.287186,18:09:02,18:12:41,Light Rain
5603,2024-06-17,14.820221,120.284626,14.820462,120.275976,17:44:54,17:51:00,Thunderstorm with Hail
5604,2024-08-08,14.829187,120.286333,14.828575,120.286007,06:46:24,06:49:28,Dense Drizzle
5605,2024-11-15,14.842799,120.287257,14.8221,120.272738,05:18:31,05:31:25,Cloudy
5606,2024-07-08,14.84924,120.265054,14.82905,120.281315,07:08:01,07:23:54,Light Rain
5607,2024-10-08,14.838559,120.285575,14.828186,120.284665,18:31:34,18:37:44,Light Rain
5608,2024-12-22,14.833264,120.282857,14.817805,120.283936,17:55:34,18:09:24,Light Drizzle
5609,2024-12-23,14.838932,120.284462,14.843586,120.286803,19:20:32,19:27:35,Partly Cloudy
5610,2024-09-27,14.837991,120.279107,14.797555,120.271812,14:40:44,15:01:25,Rain
5611,2024-04-11,14.820606,120.275433,14.82487,120.281927,07:32:41,07:37:49,Mostly Clear
5612,2024-08-25,14.80597,120.322399,14.848935,120.290943,22:28:34,22:45:40,Partly Cloudy
5613,2024-09-28,14.835026,120.281531,14.814834,120.316936,12:42:51,13:03:07,Clear
5614,2024-07-06,14.848186,120.254841,14.839478,120.283286,12:05:22,12:24:57,Rain Showers
5615,2024-03-13,14.827854,120.294222,14.840145,120.285494,18:23:41,18:30:39,Partly Cloudy
5616,2024-06-26,14.827979,120.294743,14.821055,120.275852,19:43:03,19:57:18,Partly Cloudy
5617,2024-06-20,14.826816,120.282432,14.838119,120.27917,12:26:03,12:34:37,Light Drizzle
5618,2024-09-15,14.828396,120.281787,14.823977,120.289403,18:28:04,18:33:41,Cloudy
5619,2024-05-04,14.841113,120.286743,14.851367,120.262931,15:07:51,15:16:40,Clear
5620,2024-07-05,14.842432,120.286557,14.849835,120.265245,19:21:50,19:34:44,Rain
5621,2024-06-23,14.818995,120.283942,14.826123,120.283116,18:05:39,18:10:55,Clear
5622,2024-12-06,14.829532,120.287444,14.842865,120.287881,07:01:39,07:11:42,Cloudy
5623,2024-01-12,14.836594,120.278171,14.82757,120.28754,17:47:11,17:53:52,Clear
5624,2024-06-28,14.826187,120.272882,14.839668,120.284536,15:49:38,15:57:25,Mostly Clear
5625,2024-09-03,14.806195,120.32268,14.838889,120.283126,19:51:02,20:37:57,Clear
5626,2024-09-12,14.832909,120.282125,14.826061,120.273117,21:14:20,21:20:47,Cloudy
5627,2024-07-18,14.849396,120.290378,14.839808,120.283212,07:00:20,07:08:12,Clear
5628,2024-09-02,14.822357,120.297838,14.805898,120.322812,20:37:43,20:50:22,Cloudy
5629,2024-07-23,14.827669,120.294971,14.824595,120.279808,11:50:20,11:57:08,Cloudy
5630,2024-01-21,14.828347,120.28136,14.836263,120.283276,14:59:50,15:03:55,Partly Cloudy
5631,2024-09-26,14.873675,120.235483,14.821632,120.297865,07:50:19,08:32:36,Partly Cloudy
5632,2024-05-29,14.826958,120.280134,14.841626,120.282312,19:11:00,19:18:29,Mostly Clear
5633,2024-07-19,14.81588,120.283528,14.820451,120.28341,17:48:55,17:53:28,Rain Showers
5634,2024-06-18,14.823155,120.301901,14.826903,120.287641,07:07:44,07:16:08,Mostly Clear
5635,2024-09-15,14.827332,120.281505,14.830194,120.274026,17:10:36,17:17:39,Rain
5636,2024-07-11,14.835805,120.281748,14.836682,120.277987,08:04:44,08:08:02,Cloudy
5637,2024-11-05,14.841333,120.286368,14.827027,120.280184,06:58:08,07:09:20,Partly Cloudy
5638,2024-09-05,14.839729,120.28359,14.843165,120.287956,15:20:53,15:25:15,Light Drizzle
5639,2024-09-03,14.824291,120.279661,14.82486,120.280672,08:52:21,08:56:46,Clear
5640,2024-02-29,14.841233,120.282613,14.830211,120.273923,08:33:40,08:42:10,Clear
5641,2024-01-13,14.849007,120.291211,14.829351,120.287102,13:24:09,13:34:05,Dense Drizzle
5642,2024-07-10,14.843447,120.286064,14.817483,120.284596,08:04:44,08:20:19,Cloudy
5643,2024-04-23,14.82296,120.287226,14.827588,120.281915,18:05:13,18:10:46,Mostly Clear
5644,2024-04-24,14.856977,120.289226,14.824324,120.279139,05:57:55,06:11:55,Mostly Clear
5645,2024-01-11,14.877373,120.233088,14.820014,120.283723,11:53:30,12:34:26,Clear
5646,2024-02-14,14.806196,120.322401,14.842646,120.281965,17:55:11,18:21:08,Mostly Clear
5647,2024-12-25,14.832874,120.285471,14.805705,120.322117,14:41:36,15:06:23,Clear
5648,2024-04-02,14.821203,120.277796,14.839654,120.285025,08:27:40,08:42:57,Partly Cloudy
5649,2024-08-30,14.849233,120.314622,14.887472,120.237448,08:57:05,10:02:15,Light Rain
5650,2024-05-08,14.817711,120.280612,14.825097,120.283751,06:18:21,06:26:31,Light Rain
5651,2024-08-26,14.836799,120.27801,14.843385,120.287287,11:19:31,11:25:26,Mostly Clear
5652,2024-06-06,14.830346,120.288947,14.824663,120.280025,16:57:13,17:02:28,Heavy Rain
5653,2024-01-26,14.87711,120.232976,14.856681,120.28986,07:37:45,08:09:23,Cloudy
5654,2024-11-08,14.84868,120.314827,14.856626,120.29059,07:56:00,08:05:32,Fog
5655,2024-06-11,14.839824,120.282692,14.83679,120.290581,15:52:43,15:58:58,Thunderstorm
5656,2024-03-25,14.877278,120.233434,14.841382,120.283248,13:26:26,14:03:14,Mostly Clear
5657,2024-05-26,14.832407,120.281833,14.821116,120.278435,17:00:09,17:08:45,Clear
5658,2024-05-03,14.829642,120.287372,14.824998,120.280254,06:29:20,06:34:08,Mostly Clear
5659,2024-03-17,14.823467,120.287826,14.836508,120.278594,06:02:09,06:14:55,Clear
5660,2024-02-04,14.82736,120.281199,14.851121,120.256391,19:29:50,19:45:51,Mostly Clear
5661,2024-12-18,14.816118,120.282832,14.834785,120.282572,09:08:39,09:16:24,Clear
5662,2024-07-31,14.819877,120.284139,14.820249,120.27665,19:08:58,19:14:00,Cloudy
5663,2024-10-09,14.835575,120.282213,14.822934,120.283068,09:47:53,09:55:10,Light Rain
5664,2024-07-31,14.822931,120.287263,14.842851,120.281754,15:53:18,16:02:26,Dense Drizzle
5665,2024-03-02,14.829148,120.281985,14.848805,120.254486,15:38:39,15:53:01,Partly Cloudy
5666,2024-12-03,14.819754,120.284194,14.82324,120.287602,16:24:10,16:29:09,Mostly Clear
5667,2024-08-30,14.820075,120.284089,14.839455,120.284096,08:18:19,08:32:38,Cloudy
5668,2024-07-18,14.817736,120.2814,14.818554,120.283825,18:49:12,18:53:14,Drizzle
5669,2024-01-04,14.88752,120.237316,14.821325,120.298279,05:00:40,05:29:16,Mostly Clear
5670,2024-08-10,14.842586,120.288144,14.839938,120.283501,05:15:48,05:19:52,Partly Cloudy
5671,2024-03-12,14.815726,120.283495,14.772085,120.258072,17:49:32,18:21:11,Clear
5672,2024-10-22,14.842998,120.287742,14.806318,120.322711,09:01:35,09:19:11,Cloudy
5673,2024-05-31,14.828184,120.294849,14.825395,120.282803,17:12:06,17:23:16,Clear
5674,2024-09-10,14.789954,120.281918,14.830479,120.289121,18:24:30,18:53:23,Cloudy
5675,2024-05-23,14.829211,120.287229,14.823851,120.288776,07:07:36,07:12:16,Partly Cloudy
5676,2024-03-11,14.84115,120.286447,14.821662,120.298911,07:55:24,08:06:04,Light Drizzle
5677,2024-07-07,14.820868,120.278866,14.827676,120.281842,08:54:11,08:58:29,Clear
5678,2024-11-02,14.843439,120.285613,14.82225,120.298474,06:14:37,06:31:45,Cloudy
5679,2024-09-27,14.81833,120.281242,14.84828,120.254147,17:42:43,18:23:23,Cloudy
5680,2024-06-04,14.838472,120.283472,14.823799,120.279476,18:59:37,19:10:52,Cloudy
5681,2024-06-11,14.82013,120.284257,14.838118,120.285825,15:46:16,15:57:34,Heavy Rain
5682,2024-11-25,14.829882,120.298659,14.821965,120.29843,18:59:34,19:05:59,Fog
5683,2024-03-27,14.843517,120.286008,14.764768,120.293278,06:41:39,07:27:39,Clear
5684,2024-09-01,14.821255,120.278628,14.837431,120.278767,08:03:36,08:17:13,Thunderstorm
5685,2024-09-15,14.856323,120.29013,14.830241,120.288428,14:07:28,14:21:41,Drizzle
5686,2024-11-19,14.828473,120.295429,14.829007,120.287169,19:57:55,20:04:34,Rain
5687,2024-02-07,14.836792,120.277906,14.826901,120.272829,10:18:45,10:24:48,Mostly Clear
5688,2024-04-08,14.791897,120.294742,14.776239,120.307514,06:16:19,06:27:34,Mostly Clear
5689,2024-01-29,14.820781,120.279017,14.835163,120.28785,06:55:41,07:04:02,Light Rain
5690,2024-09-10,14.839568,120.283317,14.828306,120.285495,09:52:06,09:57:40,Rain
5691,2024-08-09,14.839743,120.283381,14.81888,120.283442,17:40:19,17:51:02,Rain Showers
5692,2024-06-21,14.823894,120.28942,14.772466,120.258301,16:32:54,17:00:21,Fog
5693,2024-11-18,14.856435,120.289709,14.820394,120.275885,18:07:29,18:27:02,Thunderstorm
5694,2024-01-15,14.841713,120.286908,14.798065,120.271216,11:09:53,11:27:49,Clear
5695,2024-10-23,14.848622,120.315468,14.815766,120.283329,16:56:34,17:13:31,Fog
5696,2024-05-08,14.817746,120.281353,14.823753,120.289309,17:49:44,17:57:43,Partly Cloudy
5697,2024-07-22,14.823707,120.30029,14.829071,120.28727,12:10:25,12:19:15,Clear
5698,2024-02-25,14.836161,120.283706,14.80601,120.323067,16:49:32,17:11:17,Cloudy
5699,2024-03-19,14.841687,120.282822,14.818306,120.284517,08:00:25,08:19:47,Cloudy
5700,2024-12-26,14.830401,120.289121,14.851293,120.263203,17:13:03,17:41:23,Clear
5701,2024-09-20,14.828754,120.294381,14.825139,120.280326,18:30:49,18:40:50,Light Rain
5702,2024-04-11,14.822692,120.301713,14.81731,120.283979,17:33:30,17:50:29,Mostly Clear
5703,2024-10-25,14.835224,120.287319,14.83682,120.290679,08:14:22,08:17:25,Rain
5704,2024-02-15,14.819508,120.283678,14.836543,120.277564,10:01:20,10:08:35,Mostly Clear
5705,2024-02-06,14.82792,120.285481,14.821999,120.298443,06:36:30,06:51:43,Light Drizzle
5706,2024-01-25,14.81921,120.283977,14.829014,120.280279,18:01:42,18:11:34,Mostly Clear
5707,2024-04-05,14.877129,120.232936,14.838538,120.283533,06:14:10,06:41:24,Clear
5708,2024-04-08,14.821001,120.283743,14.841381,120.286499,17:49:51,18:07:26,Mostly Clear
5709,2024-03-27,14.848889,120.254498,14.815264,120.316382,10:11:28,10:49:36,Mostly Clear
5710,2024-09-27,14.842154,120.287697,14.817851,120.284537,17:18:14,17:36:13,Cloudy
5711,2024-06-23,14.82961,120.287412,14.820618,120.284308,08:15:55,08:23:50,Thunderstorm
5712,2024-09-02,14.820197,120.275424,14.839775,120.284204,09:40:35,09:48:48,Clear
5713,2024-05-12,14.840187,120.286434,14.828884,120.28706,14:22:43,14:30:04,Cloudy
5714,2024-12-08,14.824383,120.279865,14.83479,120.288516,18:04:48,18:12:51,Clear
5715,2024-03-03,14.829128,120.28703,14.836222,120.286981,07:53:52,07:59:18,Partly Cloudy
5716,2024-05-22,14.827901,120.282188,14.819211,120.278748,13:23:49,13:30:03,Clear
5717,2024-08-19,14.84017,120.286543,14.841196,120.286684,19:15:34,19:20:48,Mostly Clear
5718,2024-06-10,14.830821,120.289284,14.815785,120.315909,19:50:58,20:16:21,Violent Rain Showers
5719,2024-04-26,14.821806,120.273481,14.8362,120.283596,10:12:05,10:21:31,Light Rain
5720,2024-12-19,14.79228,120.295114,14.822625,120.282982,12:50:00,13:03:26,Partly Cloudy
5721,2024-10-16,14.823968,120.289374,14.877436,120.233338,08:55:27,09:36:58,Light Rain
5722,2024-11-13,14.882321,120.236821,14.841132,120.286471,08:37:46,09:05:35,Drizzle
5723,2024-03-30,14.824965,120.277397,14.831016,120.288562,21:21:23,21:27:50,Clear
5724,2024-10-17,14.829534,120.298406,14.867705,120.292477,18:28:19,18:45:16,Rain
5725,2024-09-04,14.876933,120.233135,14.837945,120.285918,08:52:00,09:36:19,Cloudy
5726,2024-12-20,14.841408,120.286959,14.824828,120.279332,15:52:23,16:00:26,Partly Cloudy
5727,2024-03-23,14.829207,120.287225,14.828236,120.295134,08:40:16,08:47:40,Mostly Clear
5728,2024-09-26,14.823903,120.288888,14.841579,120.286173,08:53:28,09:07:25,Mostly Clear
5729,2024-10-12,14.817663,120.280979,14.821061,120.272021,19:33:15,19:40:13,Light Rain
5730,2024-06-17,14.831046,120.288595,14.837749,120.267164,17:52:37,18:04:53,Heavy Rain
5731,2024-10-07,14.840968,120.286502,14.823854,120.279667,07:55:29,08:05:14,Mostly Clear
5732,2024-11-16,14.827375,120.279869,14.828821,120.280263,19:47:48,19:51:06,Mostly Clear
5733,2024-09-29,14.843539,120.28593,14.765087,120.293816,20:43:11,21:09:53,Heavy Rain
5734,2024-04-16,14.82647,120.272694,14.876938,120.231861,13:46:31,14:08:00,Clear
5735,2024-09-20,14.764748,120.293123,14.828173,120.285556,19:04:17,19:52:59,Rain
5736,2024-03-17,14.82121,120.279266,14.820068,120.284086,06:25:31,06:30:14,Cloudy
5737,2024-08-30,14.824337,120.289295,14.836616,120.290125,06:28:59,06:39:55,Thunderstorm
5738,2024-07-25,14.820254,120.275358,14.815621,120.283607,07:55:00,08:01:34,Cloudy
5739,2024-05-08,14.877765,120.235122,14.839633,120.283495,13:54:15,14:23:43,Partly Cloudy
5740,2024-06-20,14.87705,120.232815,14.818879,120.283175,06:20:28,06:59:31,Rain
5741,2024-12-23,14.776666,120.307739,14.789127,120.282002,06:22:26,06:35:38,Cloudy
5742,2024-03-03,14.824368,120.279609,14.828376,120.286095,17:08:00,17:13:06,Light Drizzle
5743,2024-05-27,14.829108,120.286592,14.849205,120.264643,10:02:38,10:14:40,Fog
5744,2024-07-09,14.841085,120.283025,14.806349,120.322512,08:49:59,09:32:07,Light Rain
5745,2024-03-30,14.85078,120.263388,14.821205,120.283283,08:07:51,08:34:53,Mostly Clear
5746,2024-01-22,14.828444,120.282017,14.831004,120.28953,12:12:32,12:16:09,Clear
5747,2024-01-21,14.851243,120.262982,14.873483,120.235315,05:39:00,05:52:33,Mostly Clear
5748,2024-06-11,14.815579,120.283041,14.877217,120.233211,13:26:25,14:04:10,Cloudy
5749,2024-11-08,14.818694,120.284354,14.824449,120.277794,06:47:43,06:54:09,Rain Showers
5750,2024-09-15,14.836479,120.286302,14.849046,120.254608,19:18:22,19:46:35,Light Rain
5751,2024-12-12,14.828373,120.281536,14.829279,120.287055,13:40:55,13:45:25,Mostly Clear
5752,2024-03-11,14.842016,120.287509,14.805868,120.322692,20:30:27,20:59:21,Partly Cloudy
5753,2024-02-12,14.819087,120.277746,14.836528,120.286735,11:39:33,11:50:54,Rain
5754,2024-10-10,14.829194,120.299046,14.834921,120.281706,19:04:54,19:14:29,Clear
5755,2024-07-20,14.829682,120.298592,14.836956,120.282985,09:06:27,09:17:38,Cloudy
5756,2024-11-25,14.828742,120.287033,14.857188,120.28976,08:46:09,09:05:23,Drizzle
5757,2024-09-04,14.829213,120.287188,14.821902,120.278603,14:17:57,14:25:03,Light Rain
5758,2024-08-18,14.830762,120.288847,14.877654,120.235064,07:46:07,08:14:41,Light Rain
5759,2024-10-17,14.824019,120.301226,14.843058,120.287548,07:40:05,07:51:07,Light Rain
5760,2024-08-25,14.776786,120.307624,14.839257,120.284066,18:10:55,19:04:33,Drizzle
5761,2024-02-13,14.839093,120.284393,14.82154,120.273916,12:55:19,13:05:41,Mostly Clear
5762,2024-07-27,14.81529,120.283167,14.83271,120.285715,19:06:18,19:17:27,Light Drizzle
5763,2024-12-26,14.828332,120.28545,14.821926,120.29853,08:50:25,08:57:57,Partly Cloudy
5764,2024-02-26,14.821528,120.27843,14.839101,120.284029,14:27:55,14:37:06,Rime Fog
5765,2024-05-04,14.87769,120.232988,14.819911,120.284592,06:57:50,07:41:22,Mostly Clear
5766,2024-08-19,14.822594,120.287699,14.821974,120.272076,11:07:56,11:15:43,Heavy Rain
5767,2024-06-29,14.824418,120.280592,14.839712,120.284193,21:11:04,21:18:40,Dense Drizzle
5768,2024-01-16,14.805347,120.322599,14.849323,120.31481,19:25:43,19:45:35,Partly Cloudy
5769,2024-07-04,14.820552,120.27686,14.828972,120.281456,08:13:13,08:23:47,Heavy Rain
5770,2024-07-04,14.829391,120.287224,14.821011,120.275708,15:20:07,15:28:06,Rain Showers
5771,2024-02-01,14.764826,120.293503,14.867875,120.292545,15:29:58,16:25:38,Clear
5772,2024-08-26,14.836767,120.278383,14.878178,120.235266,06:09:56,06:52:21,Light Drizzle
5773,2024-02-12,14.83958,120.283864,14.848645,120.315161,17:35:28,17:50:07,Clear
5774,2024-05-10,14.824758,120.280136,14.823983,120.289306,18:12:04,18:19:24,Mostly Clear
5775,2024-08-22,14.817929,120.280822,14.878025,120.234609,16:11:58,16:49:06,Light Rain
5776,2024-05-24,14.877539,120.234896,14.824634,120.280429,16:44:32,17:18:41,Partly Cloudy
5777,2024-08-11,14.826585,120.280144,14.824951,120.280068,19:49:24,19:53:03,Mostly Clear
5778,2024-08-24,14.876633,120.232953,14.840224,120.285521,09:24:07,09:50:24,Dense Drizzle
5779,2024-09-18,14.849356,120.264207,14.817846,120.281261,07:29:10,07:56:40,Partly Cloudy
5780,2024-08-05,14.820919,120.276957,14.877422,120.232075,06:15:19,06:51:19,Cloudy
5781,2024-10-17,14.8772,120.235603,14.817676,120.2839,12:48:59,13:15:36,Clear
5782,2024-07-27,14.836002,120.28734,14.814838,120.316359,11:50:56,12:06:41,Mostly Clear
5783,2024-09-14,14.819628,120.284761,14.838977,120.283504,11:36:55,11:46:44,Cloudy
5784,2024-02-26,14.824095,120.279544,14.820381,120.276395,19:05:35,19:10:14,Mostly Clear
5785,2024-02-02,14.829196,120.281354,14.824142,120.279851,05:18:41,05:22:00,Rain Showers
5786,2024-02-08,14.81644,120.283436,14.826174,120.283258,13:43:23,13:49:18,Mostly Clear
5787,2024-08-24,14.840629,120.286337,14.836133,120.282679,07:30:19,07:35:53,Heavy Rain
5788,2024-12-27,14.828981,120.287125,14.836614,120.278085,10:41:44,10:49:49,Clear
5789,2024-08-15,14.816057,120.284042,14.848816,120.291083,17:04:22,17:22:29,Clear
5790,2024-11-12,14.824683,120.280267,14.848657,120.290446,08:03:39,08:16:38,Fog
5791,2024-09-27,14.824299,120.289296,14.836458,120.290362,08:29:01,08:36:08,Mostly Clear
5792,2024-02-08,14.877188,120.231968,14.837271,120.278551,17:34:59,18:21:53,Clear
5793,2024-07-28,14.764132,120.253121,14.8244,120.280186,20:21:24,20:44:30,Mostly Clear
5794,2024-01-29,14.876855,120.233166,14.820214,120.284468,22:46:13,23:23:28,Light Rain
5795,2024-06-25,14.833117,120.285578,14.820715,120.284004,06:46:15,06:54:53,Cloudy
5796,2024-06-09,14.815545,120.283111,14.823813,120.287671,19:28:09,19:33:11,Cloudy
5797,2024-09-30,14.843653,120.285765,14.821391,120.273852,19:05:22,19:17:25,Partly Cloudy
5798,2024-05-15,14.840291,120.286823,14.825124,120.282728,07:16:56,07:26:58,Mostly Clear
5799,2024-01-30,14.823749,120.300602,14.82123,120.278626,08:28:06,08:41:03,Partly Cloudy
5800,2024-08-27,14.81726,120.280932,14.82197,120.298484,22:24:23,22:34:08,Light Drizzle
5801,2024-04-22,14.823947,120.279007,14.887191,120.237542,11:29:37,12:01:33,Fog
5802,2024-01-13,14.821229,120.278446,14.825236,120.281343,07:42:09,07:46:15,Clear
5803,2024-11-23,14.848439,120.290721,14.821975,120.29855,06:46:16,07:03:28,Partly Cloudy
5804,2024-12-09,14.828627,120.286037,14.789265,120.281422,20:26:49,20:44:15,Partly Cloudy
5805,2024-09-22,14.820796,120.283958,14.828908,120.287402,09:09:26,09:15:02,Clear
5806,2024-04-05,14.834908,120.281899,14.817739,120.284103,22:26:25,22:36:44,Clear
5807,2024-06-02,14.849278,120.290217,14.824835,120.279655,08:46:51,09:03:52,Rain
5808,2024-02-18,14.764957,120.252892,14.848863,120.314324,13:34:02,14:27:16,Mostly Clear
5809,2024-02-12,14.830588,120.273966,14.838054,120.285568,06:18:04,06:25:13,Partly Cloudy
5810,2024-01-06,14.827433,120.281458,14.821787,120.298708,07:56:35,08:06:22,Mostly Clear
5811,2024-04-23,14.821689,120.275641,14.887456,120.236702,06:12:29,06:58:11,Clear
5812,2024-07-25,14.824684,120.276929,14.824671,120.279859,17:42:07,17:45:52,Clear
5813,2024-04-06,14.821854,120.298683,14.832847,120.282082,06:56:52,07:07:11,Fog
5814,2024-06-29,14.821093,120.283677,14.819189,120.278596,14:46:04,14:50:16,Light Rain
5815,2024-05-13,14.829042,120.298475,14.820416,120.276612,17:17:06,17:33:26,Partly Cloudy
5816,2024-03-14,14.848274,120.291123,14.824746,120.283039,07:32:00,07:46:00,Clear
5817,2024-08-31,14.820253,120.276181,14.842635,120.288131,07:52:43,08:09:59,Clear
5818,2024-04-05,14.843193,120.282328,14.87737,120.234741,07:17:34,07:45:17,Mostly Clear
5819,2024-07-07,14.824339,120.289769,14.78961,120.281878,06:31:55,06:56:03,Mostly Clear
5820,2024-03-05,14.840193,120.28595,14.825367,120.276855,06:38:33,06:52:15,Partly Cloudy
5821,2024-06-07,14.820493,120.284219,14.828528,120.285719,18:23:10,18:29:49,Light Rain
5822,2024-08-21,14.881833,120.236177,14.877077,120.231913,06:00:50,06:06:07,Partly Cloudy
5823,2024-02-11,14.839676,120.28436,14.851825,120.255925,17:07:20,17:30:12,Cloudy
5824,2024-09-02,14.815464,120.316614,14.77266,120.258237,12:17:50,12:42:20,Cloudy
5825,2024-02-27,14.829401,120.287446,14.81571,120.283915,07:18:32,07:30:34,Cloudy
5826,2024-12-01,14.843529,120.286156,14.839663,120.284215,16:23:45,16:27:06,Cloudy
5827,2024-11-02,14.805631,120.322472,14.818699,120.284068,17:02:57,17:21:00,Cloudy
5828,2024-06-10,14.877347,120.234409,14.821141,120.283466,11:23:37,11:54:12,Drizzle
5829,2024-11-28,14.828073,120.295491,14.820035,120.275374,14:37:52,14:48:25,Rain
5830,2024-03-25,14.815789,120.283477,14.818927,120.283803,15:49:53,15:53:25,Mostly Clear
5831,2024-01-08,14.817962,120.281369,14.839769,120.28457,18:43:50,18:54:42,Light Drizzle
5832,2024-12-13,14.843456,120.286083,14.840029,120.28429,07:19:12,07:23:38,Light Drizzle
5833,2024-01-16,14.823964,120.289407,14.840716,120.28641,22:40:34,22:49:15,Mostly Clear
5834,2024-02-25,14.820172,120.276791,14.839837,120.283257,06:55:44,07:10:05,Clear
5835,2024-02-13,14.818614,120.284495,14.819226,120.283934,17:15:50,17:20:08,Light Rain
5836,2024-01-31,14.82789,120.286117,14.839721,120.2835,09:20:22,09:27:05,Clear
5837,2024-06-05,14.790053,120.282108,14.828929,120.282123,18:16:18,18:41:33,Heavy Rain Showers
5838,2024-02-15,14.823615,120.300591,14.83612,120.286572,07:21:26,07:30:18,Mostly Clear
5839,2024-07-02,14.82543,120.282466,14.827909,120.285274,17:13:05,17:16:58,Clear
5840,2024-01-17,14.820869,120.275267,14.82017,120.284118,08:22:00,08:28:05,Mostly Clear
5841,2024-08-28,14.837551,120.26812,14.835835,120.283665,18:54:33,19:05:53,Partly Cloudy
5842,2024-09-16,14.820114,120.276635,14.821998,120.274453,06:16:13,06:20:36,Clear
5843,2024-01-25,14.828307,120.281646,14.841362,120.286013,19:03:56,19:13:58,Clear
5844,2024-06-22,14.839733,120.285056,14.824993,120.279663,16:27:36,16:34:09,Partly Cloudy
5845,2024-11-07,14.815949,120.283369,14.821612,120.27219,07:12:46,07:19:15,Cloudy
5846,2024-06-21,14.848316,120.254964,14.837776,120.278589,07:49:44,08:04:18,Partly Cloudy
5847,2024-12-19,14.849248,120.26482,14.834894,120.281596,07:45:47,07:58:46,Light Rain
5848,2024-08-22,14.825067,120.281851,14.848686,120.254323,10:09:12,10:33:14,Light Rain
5849,2024-08-31,14.821827,120.271867,14.792671,120.294826,18:02:30,18:39:40,Light Rain
5850,2024-10-25,14.849459,120.315285,14.823108,120.287401,19:48:37,20:04:01,Rain Showers
5851,2024-02-21,14.823343,120.301074,14.877199,120.232944,09:13:20,09:43:12,Partly Cloudy
5852,2024-08-04,14.82666,120.287951,14.819168,120.283763,08:32:56,08:40:47,Mostly Clear
5853,2024-03-14,14.84896,120.314464,14.765449,120.292909,06:21:36,07:09:21,Clear
5854,2024-01-29,14.818833,120.278159,14.82346,120.287596,18:02:19,18:11:59,Mostly Clear
5855,2024-08-02,14.828801,120.281597,14.824188,120.282644,17:27:01,17:31:36,Light Rain
5856,2024-12-10,14.840495,120.28714,14.827138,120.280121,07:50:05,08:01:26,Partly Cloudy
5857,2024-12-09,14.82935,120.280466,14.83784,120.28534,18:33:22,18:39:55,Rain Showers
5858,2024-09-06,14.828811,120.295,14.825022,120.282267,18:44:20,18:53:03,Partly Cloudy
5859,2024-08-12,14.887165,120.237601,14.825901,120.28365,19:52:54,20:33:55,Light Rain
5860,2024-10-05,14.837327,120.267871,14.832893,120.285543,14:28:06,14:39:08,Mostly Clear
5861,2024-07-29,14.820431,120.28348,14.822379,120.297798,17:10:30,17:18:33,Rain
5862,2024-02-06,14.839635,120.283454,14.805783,120.322865,07:28:18,07:53:37,Rain Showers
5863,2024-11-01,14.838821,120.283969,14.836582,120.282825,12:54:22,12:57:22,Mostly Clear
5864,2024-03-05,14.815772,120.283749,14.828862,120.282035,08:03:02,08:11:01,Clear
5865,2024-07-08,14.836695,120.282962,14.829363,120.286914,09:25:27,09:32:17,Fog
5866,2024-04-24,14.822968,120.2827,14.820778,120.274768,14:41:19,14:47:18,Mostly Clear
5867,2024-06-28,14.843419,120.286017,14.827572,120.281074,07:05:18,07:15:06,Clear
5868,2024-01-22,14.824525,120.282919,14.83949,120.284036,07:16:06,07:26:33,Mostly Clear
5869,2024-12-19,14.816037,120.2833,14.838314,120.285995,19:11:13,19:25:44,Drizzle
5870,2024-03-20,14.817757,120.281686,14.823156,120.288128,18:17:15,18:24:52,Light Drizzle
5871,2024-10-03,14.818089,120.281521,14.826639,120.283957,22:32:40,22:38:57,Violent Rain Showers
5872,2024-11-27,14.81748,120.284844,14.828889,120.280687,14:54:36,15:02:18,Mostly Clear
5873,2024-12-19,14.887688,120.238107,14.821434,120.278429,16:59:51,17:32:57,Clear
5874,2024-10-10,14.825358,120.280022,14.82509,120.280801,08:44:21,08:48:30,Light Drizzle
5875,2024-01-09,14.819203,120.283764,14.829643,120.299173,22:06:27,22:14:28,Mostly Clear
5876,2024-07-01,14.824792,120.277106,14.827186,120.287878,21:46:52,21:54:39,Clear
5877,2024-11-18,14.830893,120.289031,14.824167,120.289801,08:00:21,08:06:24,Drizzle
5878,2024-07-21,14.805974,120.322649,14.820756,120.274772,17:04:39,17:37:17,Light Drizzle
5879,2024-06-28,14.82039,120.283466,14.823696,120.300684,08:38:44,08:48:04,Heavy Rain Showers
5880,2024-07-24,14.887331,120.238159,14.823152,120.300897,17:51:05,18:26:48,Heavy Rain
5881,2024-12-04,14.83958,120.284345,14.827582,120.287586,12:39:01,12:47:28,Light Drizzle
5882,2024-10-24,14.805854,120.322658,14.830694,120.289625,06:44:53,07:06:40,Light Rain
5883,2024-06-18,14.823475,120.301166,14.820605,120.283388,08:58:12,09:15:28,Cloudy
5884,2024-04-02,14.829788,120.287113,14.887429,120.237915,06:22:14,06:55:36,Partly Cloudy
5885,2024-02-13,14.836889,120.290369,14.85154,120.256214,19:18:47,19:43:28,Clear
5886,2024-09-26,14.776285,120.307955,14.839341,120.285118,18:54:08,19:21:53,Light Rain
5887,2024-03-07,14.8435,120.28623,14.849221,120.26426,17:07:40,17:22:59,Clear
5888,2024-06-20,14.823604,120.287716,14.827218,120.280288,20:15:23,20:20:40,Light Drizzle
5889,2024-12-26,14.824229,120.300271,14.824516,120.280475,06:06:51,06:18:38,Partly Cloudy
5890,2024-05-15,14.825068,120.281819,14.82441,120.288941,19:37:03,19:45:19,Clear
5891,2024-10-17,14.823202,120.287141,14.821121,120.27509,12:14:36,12:21:30,Drizzle
5892,2024-08-17,14.848364,120.254829,14.764644,120.293849,13:33:25,14:06:51,Light Rain
5893,2024-03-19,14.819816,120.28382,14.820641,120.276105,17:29:31,17:36:03,Clear
5894,2024-05-30,14.873241,120.235788,14.849326,120.265258,09:10:12,09:27:32,Cloudy
5895,2024-08-28,14.838404,120.282913,14.828151,120.286332,12:58:51,13:05:44,Heavy Rain
5896,2024-02-08,14.823898,120.289423,14.820763,120.284103,21:53:51,21:57:52,Clear
5897,2024-05-23,14.806541,120.323011,14.828545,120.280462,09:24:26,09:42:32,Mostly Clear
5898,2024-04-08,14.815815,120.284211,14.815769,120.283608,13:31:22,13:34:44,Clear
5899,2024-09-25,14.824217,120.3005,14.848987,120.290945,06:12:25,06:29:37,Drizzle
5900,2024-12-11,14.81802,120.28121,14.825104,120.281785,09:40:42,09:44:33,Clear
5901,2024-10-20,14.840009,120.284494,14.838096,120.286485,21:14:17,21:17:39,Cloudy
5902,2024-02-24,14.851546,120.263124,14.79,120.281592,06:43:51,07:21:35,Cloudy
5903,2024-06-16,14.820696,120.283997,14.839607,120.284742,07:56:19,08:07:50,Rain
5904,2024-01-23,14.84141,120.286136,14.764479,120.253049,10:38:37,11:25:10,Clear
5905,2024-07-25,14.840922,120.286188,14.817563,120.283282,08:06:25,08:19:19,Cloudy
5906,2024-08-27,14.827688,120.281843,14.849702,120.265056,17:50:45,18:04:37,Dense Drizzle
5907,2024-10-25,14.84081,120.286462,14.828639,120.294854,22:02:29,22:09:45,Rain
5908,2024-06-23,14.877643,120.232401,14.847931,120.255064,20:18:26,20:35:14,Partly Cloudy
5909,2024-05-01,14.837493,120.278872,14.82948,120.286595,19:47:09,19:55:15,Cloudy
5910,2024-06-04,14.837758,120.278058,14.832732,120.285996,19:29:37,19:36:22,Light Drizzle
5911,2024-07-24,14.815666,120.283206,14.868682,120.292602,17:55:13,18:18:12,Partly Cloudy
5912,2024-03-09,14.821075,120.275504,14.877023,120.232777,09:08:37,09:49:09,Clear
5913,2024-07-01,14.841715,120.286585,14.817783,120.281067,06:30:40,06:41:21,Light Drizzle
5914,2024-12-30,14.821382,120.274499,14.824654,120.279594,16:50:51,16:54:51,Light Drizzle
5915,2024-11-18,14.821459,120.272006,14.832354,120.285132,22:38:55,22:46:13,Fog
5916,2024-03-26,14.806055,120.322919,14.882454,120.236914,11:09:52,12:08:41,Partly Cloudy
5917,2024-01-26,14.790086,120.282071,14.772137,120.258313,18:34:51,18:50:47,Rime Fog
5918,2024-01-14,14.820746,120.283158,14.867504,120.291987,18:13:55,18:46:31,Cloudy
5919,2024-10-17,14.827957,120.281847,14.839548,120.283753,19:42:34,19:51:30,Heavy Rain
5920,2024-02-11,14.824418,120.282079,14.820393,120.283255,19:27:05,19:31:02,Mostly Clear
5921,2024-01-17,14.887544,120.237446,14.822003,120.298335,17:12:07,18:22:08,Clear
5922,2024-07-05,14.818148,120.28155,14.828126,120.286185,17:51:42,17:59:53,Light Drizzle
5923,2024-09-28,14.819993,120.284188,14.824753,120.28057,18:04:11,18:09:24,Cloudy
5924,2024-07-14,14.824643,120.279104,14.819757,120.278681,18:15:47,18:20:48,Drizzle
5925,2024-11-12,14.837554,120.283132,14.792321,120.294261,19:21:26,19:39:39,Dense Drizzle
5926,2024-10-19,14.838695,120.283141,14.849206,120.315668,18:25:26,18:40:01,Cloudy
5927,2024-07-20,14.764513,120.253139,14.820421,120.28391,11:19:17,11:43:20,Cloudy
5928,2024-01-16,14.87696,120.233051,14.815932,120.283858,08:04:13,09:10:27,Mostly Clear
5929,2024-03-16,14.867678,120.292489,14.827121,120.272781,08:00:37,08:20:16,Cloudy
5930,2024-01-11,14.821329,120.274756,14.815853,120.283888,07:15:57,07:24:54,Partly Cloudy
5931,2024-11-14,14.824569,120.279799,14.825283,120.283307,08:09:15,08:12:23,Light Drizzle
5932,2024-08-25,14.833246,120.285805,14.815614,120.283297,06:02:25,06:16:28,Dense Drizzle
5933,2024-10-27,14.818797,120.283975,14.820494,120.276582,18:24:15,18:31:00,Mostly Clear
5934,2024-01-27,14.823524,120.278721,14.842713,120.287821,19:34:11,19:47:08,Light Drizzle
5935,2024-05-28,14.764457,120.253516,14.792036,120.29447,10:44:50,11:11:51,Clear
5936,2024-11-27,14.828057,120.284888,14.836224,120.286629,06:29:11,06:36:24,Cloudy
5937,2024-09-30,14.828498,120.281002,14.820434,120.284148,14:23:29,14:29:32,Drizzle
5938,2024-12-17,14.764595,120.253413,14.821384,120.278948,05:05:58,05:29:46,Rain Showers
5939,2024-02-29,14.830439,120.289253,14.82843,120.285427,07:10:42,07:13:54,Cloudy
5940,2024-06-19,14.827741,120.281243,14.819898,120.284289,19:16:45,19:23:25,Dense Drizzle
5941,2024-06-06,14.821067,120.278454,14.820577,120.283748,20:54:04,20:57:29,Rain Showers
5942,2024-10-11,14.835702,120.281752,14.836119,120.283846,18:10:10,18:14:46,Clear
5943,2024-03-01,14.825345,120.277724,14.837333,120.277843,09:25:55,09:33:56,Cloudy
5944,2024-12-31,14.823846,120.279067,14.827499,120.280632,21:17:05,21:20:47,Mostly Clear
5945,2024-05-07,14.848128,120.254721,14.876471,120.232538,22:45:38,23:03:01,Mostly Clear
5946,2024-12-16,14.839219,120.284858,14.837204,120.282574,21:06:08,21:08:39,Clear
5947,2024-06-02,14.848946,120.254003,14.84321,120.28211,19:27:12,19:42:32,Cloudy
5948,2024-05-07,14.832868,120.285442,14.837461,120.268238,08:06:52,08:20:42,Mostly Clear
5949,2024-02-24,14.828668,120.282291,14.849037,120.25533,18:39:30,19:01:36,Clear
5950,2024-01-02,14.820576,120.275329,14.805725,120.323108,07:04:09,07:29:04,Mostly Clear
5951,2024-06-10,14.8209,120.283294,14.821206,120.278648,07:01:09,07:04:35,Cloudy
5952,2024-06-16,14.832937,120.282289,14.820252,120.276507,16:25:35,16:34:25,Partly Cloudy
5953,2024-04-23,14.867681,120.292545,14.824241,120.279679,06:26:33,06:59:54,Mostly Clear
5954,2024-11-09,14.817368,120.283674,14.815522,120.316727,16:00:28,16:13:44,Light Rain
5955,2024-11-27,14.820972,120.276394,14.837299,120.268156,14:47:54,14:56:15,Light Rain
5956,2024-11-05,14.838127,120.286224,14.822376,120.282607,18:23:34,18:37:52,Cloudy
5957,2024-11-30,14.828626,120.295332,14.829316,120.286964,19:20:49,19:27:58,Heavy Rain
5958,2024-09-23,14.83519,120.282085,14.829216,120.287175,22:38:35,22:42:31,Cloudy
5959,2024-05-04,14.824793,120.282993,14.828396,120.294507,06:54:28,07:03:55,Cloudy
5960,2024-02-08,14.851603,120.256162,14.764773,120.293173,06:40:33,07:38:22,Partly Cloudy
5961,2024-07-21,14.827924,120.28511,14.835791,120.283276,06:58:33,07:06:47,Light Rain
5962,2024-04-14,14.841694,120.282696,14.815813,120.282879,07:14:07,07:28:39,Mostly Clear
5963,2024-08-30,14.824093,120.279105,14.825333,120.280304,18:03:01,18:06:25,Mostly Clear
5964,2024-07-27,14.825061,120.280452,14.877179,120.232363,14:53:35,15:17:39,Heavy Rain
5965,2024-02-06,14.82046,120.276619,14.830154,120.298622,07:30:14,07:42:25,Mostly Clear
5966,2024-04-27,14.83531,120.282097,14.829179,120.28725,19:44:06,19:49:56,Clear
5967,2024-04-05,14.805917,120.322379,14.776155,120.307808,07:53:46,08:13:40,Mostly Clear
5968,2024-03-06,14.82124,120.275017,14.829585,120.298482,08:17:48,08:30:56,Clear
5969,2024-01-22,14.829141,120.287795,14.820806,120.28286,13:29:33,13:35:24,Partly Cloudy
5970,2024-07-26,14.843142,120.28665,14.851379,120.256118,06:42:16,07:11:55,Clear
5971,2024-08-20,14.82609,120.273157,14.82468,120.283108,19:55:16,20:01:47,Partly Cloudy
5972,2024-07-08,14.830964,120.288791,14.841439,120.282453,11:40:04,11:45:38,Drizzle
5973,2024-12-12,14.836136,120.286594,14.824083,120.289688,21:02:45,21:07:59,Partly Cloudy
5974,2024-05-10,14.887367,120.237827,14.818307,120.281489,22:30:25,23:12:49,Mostly Clear
5975,2024-01-07,14.819772,120.283967,14.839756,120.285848,22:26:37,22:38:54,Fog
5976,2024-12-22,14.838032,120.28634,14.828296,120.285399,17:45:08,17:51:18,Clear
5977,2024-04-20,14.820393,120.275917,14.821503,120.271696,18:08:36,18:13:09,Clear
5978,2024-05-14,14.818549,120.283787,14.828348,120.284853,17:56:01,18:02:46,Clear
5979,2024-08-31,14.820691,120.284049,14.835547,120.288251,17:22:19,17:34:46,Rain
5980,2024-07-18,14.837861,120.278719,14.842526,120.282195,18:57:56,19:03:11,Mostly Clear
5981,2024-01-05,14.824559,120.281495,14.792377,120.294172,17:01:38,17:21:10,Light Drizzle
5982,2024-11-26,14.82277,120.282825,14.8152,120.283476,09:32:19,09:38:43,Mostly Clear
5983,2024-12-03,14.817425,120.280803,14.82154,120.274263,06:26:18,06:32:50,Rain Showers
5984,2024-04-28,14.820629,120.276928,14.876481,120.231759,14:20:48,14:43:07,Mostly Clear
5985,2024-02-07,14.831141,120.289655,14.792362,120.293771,17:40:04,17:57:17,Clear
5986,2024-12-11,14.851877,120.2559,14.837299,120.283309,15:21:40,15:31:59,Partly Cloudy
5987,2024-10-28,14.841683,120.283018,14.838486,120.286106,07:38:15,07:42:12,Cloudy
5988,2024-05-14,14.837472,120.277987,14.824078,120.288652,12:20:30,12:30:16,Light Drizzle
5989,2024-12-08,14.84116,120.28696,14.836462,120.290242,20:25:00,20:29:14,Cloudy
5990,2024-05-31,14.843,120.285983,14.820686,120.27599,14:14:07,14:28:57,Fog
5991,2024-11-27,14.841036,120.28612,14.827988,120.284994,17:37:20,17:44:25,Dense Drizzle
5992,2024-10-25,14.840454,120.287505,14.82669,120.283741,18:12:04,18:25:47,Mostly Clear
5993,2024-09-16,14.815713,120.28379,14.826307,120.283432,06:23:42,06:28:56,Cloudy
5994,2024-06-06,14.827883,120.281141,14.847897,120.255303,17:28:52,17:41:27,Light Drizzle
5995,2024-09-02,14.797532,120.271953,14.829507,120.287545,22:17:19,22:29:38,Cloudy
5996,2024-09-29,14.815251,120.28343,14.836769,120.277872,20:43:40,20:52:26,Light Rain
5997,2024-02-21,14.829087,120.287162,14.82139,120.271676,10:37:05,10:45:17,Clear
5998,2024-10-21,14.81968,120.283811,14.824349,120.279422,19:06:34,19:13:12,Mostly Clear
5999,2024-01-17,14.876831,120.231687,14.829712,120.298978,19:09:26,19:44:53,Clear
6000,2024-12-10,14.829425,120.28738,14.868042,120.293089,14:33:50,14:49:23,Clear
6001,2024-04-23,14.829136,120.280457,14.837015,120.279127,22:16:09,22:23:00,Clear
6002,2024-03-19,14.820018,120.284073,14.82365,120.300571,17:28:02,17:40:24,Clear
6003,2024-10-21,14.8488,120.254545,14.856496,120.289527,07:12:46,07:40:18,Cloudy
6004,2024-09-15,14.819666,120.278787,14.819495,120.284141,11:50:05,11:54:32,Rain
6005,2024-07-27,14.828805,120.280254,14.824499,120.288947,18:46:53,18:52:30,Rain Showers
6006,2024-10-26,14.851578,120.25581,14.842573,120.287528,07:08:58,07:24:31,Clear
6007,2024-08-19,14.843006,120.28682,14.827817,120.281025,18:13:38,18:24:06,Clear
6008,2024-07-22,14.792425,120.294934,14.776039,120.308189,16:32:44,16:41:58,Mostly Clear
6009,2024-08-14,14.817773,120.284149,14.821159,120.27853,19:29:25,19:35:27,Dense Drizzle
6010,2024-02-20,14.84846,120.31563,14.877177,120.231734,06:09:20,06:54:42,Drizzle
6011,2024-01-29,14.836199,120.287004,14.851651,120.263663,17:59:12,18:09:55,Partly Cloudy
6012,2024-02-11,14.764332,120.293087,14.792097,120.294391,19:26:33,19:43:19,Clear
6013,2024-09-18,14.839154,120.284416,14.823654,120.289427,12:01:22,12:07:43,Heavy Rain
6014,2024-05-26,14.827555,120.282654,14.82071,120.275866,17:00:52,17:07:39,Partly Cloudy
6015,2024-06-01,14.815455,120.317098,14.856886,120.290393,08:03:51,08:32:55,Heavy Rain
6016,2024-02-13,14.82058,120.284575,14.835217,120.282412,18:40:18,18:52:00,Clear
6017,2024-07-02,14.823285,120.287091,14.819117,120.284005,11:08:05,11:12:16,Light Rain
6018,2024-07-03,14.820676,120.283966,14.822045,120.298717,15:27:36,15:37:13,Light Drizzle
6019,2024-03-14,14.818026,120.283677,14.823515,120.300866,21:38:26,21:48:28,Mostly Clear
6020,2024-03-16,14.839234,120.284376,14.815846,120.283851,08:10:28,08:25:56,Clear
6021,2024-07-27,14.836092,120.283867,14.827822,120.28206,14:36:54,14:42:17,Thunderstorm
6022,2024-07-25,14.824917,120.280198,14.822718,120.301584,21:24:12,21:35:47,Drizzle
6023,2024-06-13,14.857407,120.290185,14.820603,120.276518,17:12:10,17:44:04,Rain
6024,2024-10-17,14.819715,120.278355,14.765416,120.293236,08:04:17,08:44:05,Light Rain
6025,2024-01-25,14.821017,120.275343,14.825792,120.272698,08:10:37,08:15:38,Mostly Clear
6026,2024-07-21,14.823516,120.288922,14.826843,120.280211,16:28:52,16:34:59,Rime Fog
6027,2024-09-29,14.836615,120.290284,14.822613,120.298263,17:24:11,17:33:46,Partly Cloudy
6028,2024-08-09,14.843461,120.286134,14.826745,120.283095,06:16:06,06:28:38,Cloudy
6029,2024-05-02,14.840277,120.283825,14.836493,120.284097,19:57:23,20:01:56,Mostly Clear
6030,2024-11-04,14.836714,120.277659,14.818541,120.28349,18:45:08,18:57:02,Partly Cloudy
6031,2024-02-01,14.824728,120.282836,14.835839,120.283521,05:56:57,06:04:27,Clear
6032,2024-04-25,14.819045,120.28402,14.806018,120.322875,11:54:22,12:10:08,Partly Cloudy
6033,2024-07-12,14.820182,120.28428,14.828329,120.285699,18:00:59,18:09:57,Partly Cloudy
6034,2024-08-30,14.835417,120.282102,14.820773,120.284098,13:26:42,13:37:41,Cloudy
6035,2024-04-05,14.838102,120.285533,14.842286,120.287571,22:12:41,22:17:07,Clear
6036,2024-04-16,14.828527,120.281857,14.815774,120.283793,19:49:09,19:56:44,Clear
6037,2024-08-18,14.82036,120.283811,14.829206,120.298514,18:21:11,18:31:58,Light Rain
6038,2024-03-23,14.868473,120.292528,14.824029,120.278613,05:25:45,05:47:11,Mostly Clear
6039,2024-06-10,14.877223,120.232353,14.797359,120.272308,20:35:30,21:23:25,Dense Drizzle
6040,2024-12-29,14.821433,120.274595,14.824318,120.27989,13:23:39,13:28:25,Cloudy
6041,2024-05-13,14.824158,120.280565,14.817786,120.28391,07:44:23,07:49:43,Mostly Clear
6042,2024-08-20,14.817895,120.281261,14.824379,120.283645,09:23:44,09:27:37,Partly Cloudy
6043,2024-06-01,14.82009,120.278048,14.848767,120.265099,21:14:15,21:26:30,Light Rain
6044,2024-04-05,14.828766,120.287037,14.828892,120.280504,13:48:26,13:52:18,Clear
6045,2024-10-14,14.887394,120.23753,14.830071,120.298928,19:52:32,20:45:44,Partly Cloudy
6046,2024-11-06,14.876725,120.231945,14.820033,120.28359,08:08:16,08:51:49,Cloudy
6047,2024-08-25,14.826943,120.287985,14.764955,120.293063,09:16:18,09:39:39,Light Drizzle
6048,2024-06-25,14.827717,120.282106,14.823185,120.287776,19:53:42,20:01:51,Light Drizzle
6049,2024-02-10,14.841717,120.286138,14.822585,120.29827,05:43:28,05:56:02,Partly Cloudy
6050,2024-07-11,14.819986,120.284184,14.843009,120.286731,13:11:53,13:25:57,Partly Cloudy
6051,2024-01-04,14.839546,120.284434,14.828409,120.285607,17:11:31,17:20:40,Light Rain
6052,2024-10-18,14.851168,120.263772,14.825191,120.281605,06:12:12,06:30:40,Light Drizzle
6053,2024-08-23,14.836354,120.286584,14.843039,120.281882,19:29:46,19:38:45,Mostly Clear
6054,2024-07-13,14.839609,120.284106,14.77625,120.307562,06:32:26,07:25:28,Mostly Clear
6055,2024-02-12,14.824316,120.280129,14.818691,120.284123,10:31:46,10:36:38,Cloudy
6056,2024-04-12,14.797761,120.271902,14.887815,120.236833,21:22:35,21:52:12,Mostly Clear
6057,2024-06-15,14.8283,120.285502,14.819318,120.283708,08:14:52,08:24:52,Light Rain
6058,2024-02-09,14.824854,120.283359,14.838624,120.285177,15:52:56,15:59:46,Cloudy
6059,2024-06-28,14.824916,120.277171,14.821014,120.275277,17:50:33,17:56:16,Thunderstorm
6060,2024-01-02,14.830548,120.289104,14.826306,120.272136,15:35:41,15:41:48,Partly Cloudy
6061,2024-06-16,14.824396,120.277747,14.83269,120.285084,17:10:25,17:17:40,Fog
6062,2024-10-06,14.806134,120.322882,14.825107,120.280578,19:33:35,19:58:41,Drizzle
6063,2024-08-02,14.828816,120.28664,14.825556,120.280448,07:53:09,07:58:07,Cloudy
6064,2024-09-07,14.832884,120.285534,14.819772,120.278643,08:41:09,08:48:01,Light Rain
6065,2024-08-02,14.840328,120.286567,14.822826,120.287603,07:21:19,07:35:29,Rain
6066,2024-01-13,14.764057,120.252569,14.816097,120.284067,06:32:49,07:00:27,Clear
6067,2024-02-29,14.819863,120.278157,14.83918,120.283912,12:39:03,12:46:14,Partly Cloudy
6068,2024-11-28,14.826557,120.272777,14.839251,120.283254,08:07:35,08:19:34,Partly Cloudy
6069,2024-09-03,14.877635,120.235047,14.819537,120.283933,06:21:58,07:02:56,Partly Cloudy
6070,2024-02-26,14.842529,120.286866,14.797784,120.271476,11:56:05,12:13:22,Partly Cloudy
6071,2024-05-05,14.887669,120.237191,14.827314,120.281749,07:35:51,08:13:19,Clear
6072,2024-10-16,14.827983,120.285145,14.824752,120.283043,08:54:44,08:59:09,Cloudy
6073,2024-01-20,14.830243,120.273492,14.843532,120.282308,08:28:43,08:36:37,Clear
6074,2024-04-14,14.836113,120.282739,14.824161,120.280522,07:21:54,07:31:02,Fog
6075,2024-08-18,14.876673,120.233167,14.825154,120.283158,22:05:10,22:31:39,Partly Cloudy
6076,2024-05-30,14.82547,120.277701,14.826217,120.283629,19:13:30,19:18:48,Partly Cloudy
6077,2024-04-26,14.878081,120.234961,14.820433,120.284155,17:54:27,18:51:29,Light Drizzle
6078,2024-07-13,14.826912,120.279804,14.82398,120.289406,18:36:07,18:42:56,Partly Cloudy
6079,2024-07-18,14.821973,120.274361,14.764784,120.293676,08:59:34,09:44:23,Fog
6080,2024-09-01,14.887001,120.23697,14.842676,120.286593,22:39:45,23:11:26,Dense Drizzle
6081,2024-03-09,14.81792,120.281577,14.840158,120.28537,07:49:53,08:07:46,Clear
6082,2024-03-16,14.815488,120.31678,14.832636,120.28205,14:29:41,14:46:37,Mostly Clear
6083,2024-05-27,14.877935,120.23544,14.819102,120.278473,13:57:10,14:20:41,Clear
6084,2024-01-01,14.817345,120.284324,14.840235,120.284911,19:47:14,20:03:35,Clear
6085,2024-06-13,14.849245,120.264976,14.877272,120.232732,08:53:23,09:12:02,Clear
6086,2024-04-26,14.829497,120.287236,14.79004,120.282126,08:17:14,08:43:35,Mostly Clear
6087,2024-01-11,14.882206,120.236151,14.821988,120.298258,07:45:40,08:52:28,Light Drizzle
6088,2024-06-29,14.847742,120.253884,14.820699,120.284174,07:40:36,07:59:48,Mostly Clear
6089,2024-04-02,14.832858,120.285417,14.805807,120.322644,07:40:07,08:14:44,Clear
6090,2024-08-04,14.81748,120.280817,14.838325,120.283448,06:34:24,06:46:38,Mostly Clear
6091,2024-07-08,14.837664,120.267493,14.830261,120.273745,14:52:03,14:57:31,Cloudy
6092,2024-07-05,14.824267,120.289207,14.832975,120.281547,06:00:23,06:08:06,Severe Thunderstorm with Hail
6093,2024-11-13,14.819532,120.278867,14.87738,120.232168,08:16:32,08:49:33,Rain Showers
6094,2024-02-24,14.837315,120.279373,14.828833,120.282349,12:57:53,13:04:36,Clear
6095,2024-08-25,14.83967,120.285138,14.828965,120.286517,11:56:44,12:04:19,Cloudy
6096,2024-12-27,14.826839,120.2879,14.805951,120.322794,08:51:08,09:09:02,Clear
6097,2024-05-07,14.877634,120.232344,14.817749,120.284089,17:37:53,18:25:44,Cloudy
6098,2024-05-02,14.843406,120.285912,14.828385,120.286248,17:30:07,17:38:47,Heavy Rain
6099,2024-02-05,14.820156,120.284235,14.82863,120.286428,19:52:07,19:56:15,Mostly Clear
6100,2024-12-21,14.834677,120.282104,14.84363,120.285595,18:36:17,18:43:39,Fog
6101,2024-03-09,14.791557,120.294594,14.829358,120.286452,14:21:21,14:34:45,Mostly Clear
6102,2024-06-15,14.823695,120.27925,14.822967,120.282729,19:51:56,19:54:53,Clear
6103,2024-05-02,14.772199,120.258234,14.824808,120.28048,19:05:44,19:29:22,Light Drizzle
6104,2024-05-05,14.843476,120.285983,14.837397,120.268292,06:17:51,06:30:46,Cloudy
6105,2024-01-29,14.877313,120.233495,14.820397,120.283553,15:14:16,15:53:47,Clear
6106,2024-09-28,14.826666,120.288152,14.82918,120.286689,15:24:42,15:27:01,Light Drizzle
6107,2024-04-18,14.829148,120.287162,14.824125,120.278502,07:22:56,07:30:23,Mostly Clear
6108,2024-08-05,14.841821,120.283475,14.83605,120.282895,07:35:08,07:39:14,Light Rain
6109,2024-12-07,14.827955,120.285543,14.819085,120.283955,07:16:39,07:24:00,Drizzle
6110,2024-07-26,14.829064,120.286917,14.868507,120.291705,11:26:12,11:42:30,Partly Cloudy
6111,2024-03-16,14.8772,120.231271,14.84123,120.286511,18:41:21,19:13:05,Clear
6112,2024-05-26,14.828615,120.287045,14.817568,120.283485,07:58:41,08:09:03,Partly Cloudy
6113,2024-11-08,14.837491,120.283553,14.83704,120.277507,16:14:04,16:19:04,Light Drizzle
6114,2024-03-08,14.886914,120.237406,14.836046,120.283059,05:09:11,05:31:54,Heavy Rain
6115,2024-02-09,14.837619,120.278717,14.824248,120.279011,17:50:16,18:01:20,Clear
6116,2024-05-18,14.841579,120.285932,14.824481,120.280205,16:10:04,16:18:12,Clear
6117,2024-10-08,14.823895,120.279068,14.822012,120.299034,17:50:31,18:03:34,Thunderstorm
6118,2024-07-05,14.819088,120.28411,14.805376,120.322212,07:31:53,07:52:05,Cloudy
6119,2024-05-26,14.815335,120.284032,14.835901,120.283735,18:43:53,18:59:29,Light Drizzle
6120,2024-02-04,14.820864,120.274742,14.837299,120.26792,06:14:44,06:32:52,Mostly Clear
6121,2024-01-03,14.840518,120.28648,14.827054,120.287161,17:25:14,17:37:50,Dense Drizzle
6122,2024-03-07,14.888033,120.237292,14.82101,120.275587,21:58:30,22:38:26,Rime Fog
6123,2024-01-02,14.823514,120.289191,14.851657,120.256797,08:16:03,08:39:39,Partly Cloudy
6124,2024-07-31,14.824446,120.280447,14.843024,120.287328,07:52:40,08:09:03,Drizzle
6125,2024-10-19,14.839665,120.284249,14.822862,120.283446,21:23:25,21:31:56,Clear
6126,2024-04-08,14.817892,120.281437,14.820677,120.283127,08:59:01,09:01:22,Mostly Clear
6127,2024-03-27,14.828785,120.295207,14.840065,120.284923,19:18:44,19:27:04,Clear
6128,2024-11-27,14.842002,120.287026,14.815944,120.316276,10:32:05,10:45:45,Mostly Clear
6129,2024-12-16,14.823284,120.302043,14.835327,120.282074,22:12:09,22:23:23,Drizzle
6130,2024-10-13,14.820251,120.2758,14.828291,120.286094,14:09:33,14:15:39,Light Drizzle
6131,2024-03-20,14.829305,120.287235,14.824034,120.289675,15:44:40,15:48:27,Cloudy
6132,2024-03-24,14.836214,120.283636,14.805696,120.322605,11:07:54,11:25:37,Mostly Clear
6133,2024-03-24,14.823128,120.300696,14.824007,120.289337,06:35:35,06:42:41,Cloudy
6134,2024-09-12,14.830518,120.289183,14.839629,120.284813,05:24:28,05:29:03,Mostly Clear
6135,2024-06-08,14.817828,120.281724,14.849651,120.264728,18:01:03,18:24:50,Light Rain
6136,2024-05-28,14.8215,120.298232,14.828635,120.281498,13:26:22,13:38:01,Cloudy
6137,2024-09-30,14.821514,120.273835,14.836731,120.277916,15:44:01,15:51:16,Thunderstorm
6138,2024-09-14,14.830638,120.273764,14.836535,120.289706,07:51:13,08:02:12,Rain Showers
6139,2024-01-17,14.824466,120.289444,14.823642,120.28022,08:47:04,08:55:06,Clear
6140,2024-09-08,14.824962,120.282567,14.821207,120.278891,18:05:35,18:09:58,Rain
6141,2024-09-17,14.824523,120.289239,14.820489,120.275369,10:54:35,11:03:05,Partly Cloudy
6142,2024-05-13,14.815248,120.28348,14.821577,120.274084,19:37:35,19:44:01,Partly Cloudy
6143,2024-08-12,14.82049,120.275895,14.856696,120.289915,13:23:51,13:40:22,Clear
6144,2024-11-12,14.828808,120.28065,14.836784,120.29038,07:16:19,07:25:51,Mostly Clear
6145,2024-03-04,14.848599,120.290333,14.887503,120.237546,07:34:55,08:03:20,Partly Cloudy
6146,2024-05-22,14.823567,120.300259,14.776359,120.308306,07:58:08,08:23:57,Mostly Clear
6147,2024-01-15,14.826729,120.287277,14.821235,120.279016,15:34:27,15:39:57,Dense Drizzle
6148,2024-05-18,14.836581,120.286642,14.848615,120.315229,22:47:27,23:05:04,Light Drizzle
6149,2024-03-06,14.819331,120.283957,14.837552,120.282842,09:48:14,09:54:52,Light Rain
6150,2024-06-30,14.828137,120.28557,14.824588,120.283133,05:51:16,05:55:02,Drizzle
6151,2024-08-25,14.84836,120.25517,14.824922,120.282342,07:22:36,07:38:35,Partly Cloudy
6152,2024-06-02,14.83232,120.285392,14.839277,120.28545,08:03:26,08:10:17,Drizzle
6153,2024-10-26,14.851421,120.262198,14.851597,120.257039,12:52:16,12:54:58,Light Rain
6154,2024-11-13,14.825083,120.277306,14.817119,120.284085,18:58:26,19:06:57,Dense Drizzle
6155,2024-12-19,14.818942,120.283936,14.825379,120.281662,16:56:06,16:59:23,Drizzle
6156,2024-02-23,14.827164,120.282182,14.823801,120.289409,19:32:59,19:37:50,Rain Showers
6157,2024-09-09,14.842764,120.287283,14.827189,120.279352,12:10:31,12:18:39,Rain
6158,2024-07-21,14.820237,120.27612,14.820767,120.283679,07:35:09,07:39:42,Light Rain
6159,2024-05-28,14.824899,120.280205,14.8485,120.254709,18:54:34,19:15:36,Mostly Clear
6160,2024-02-14,14.815999,120.282943,14.825559,120.279955,17:36:26,17:41:50,Clear
6161,2024-08-26,14.817936,120.281804,14.8222,120.298719,18:57:46,19:12:27,Light Rain
6162,2024-02-25,14.828137,120.286259,14.82753,120.281637,21:42:32,21:45:25,Partly Cloudy
6163,2024-08-07,14.806134,120.32269,14.887536,120.237488,15:19:38,15:57:07,Light Rain
6164,2024-06-21,14.832747,120.282105,14.881671,120.236071,18:51:07,19:24:18,Clear
6165,2024-02-26,14.829148,120.286862,14.83296,120.282185,13:15:16,13:19:25,Clear
6166,2024-12-29,14.790175,120.28148,14.840869,120.286457,07:57:06,08:45:00,Light Rain
6167,2024-12-11,14.828557,120.295474,14.8241,120.279508,22:56:36,23:03:46,Clear
6168,2024-07-08,14.84307,120.28591,14.76411,120.293407,06:23:23,07:00:22,Drizzle
6169,2024-09-08,14.823199,120.300521,14.77566,120.307503,08:02:49,08:27:02,Partly Cloudy
6170,2024-11-11,14.830256,120.274185,14.825101,120.281627,07:46:46,07:52:47,Drizzle
6171,2024-12-06,14.8269,120.279828,14.816203,120.283266,12:37:47,12:43:07,Cloudy
6172,2024-12-16,14.815715,120.283785,14.819627,120.278642,20:53:32,20:58:34,Clear
6173,2024-12-02,14.837097,120.278681,14.789485,120.282021,20:15:50,20:33:20,Clear
6174,2024-03-18,14.824079,120.300848,14.851683,120.256346,22:31:19,23:03:54,Mostly Clear
6175,2024-10-28,14.836671,120.277494,14.836177,120.283063,16:46:45,16:52:31,Partly Cloudy
6176,2024-02-02,14.877725,120.235165,14.823635,120.287079,13:58:38,14:22:53,Clear
6177,2024-08-18,14.829235,120.281873,14.830168,120.289217,14:04:01,14:10:27,Partly Cloudy
6178,2024-11-15,14.88194,120.236337,14.789948,120.282687,08:18:44,09:06:34,Clear
6179,2024-01-20,14.830038,120.28913,14.817735,120.281406,10:53:11,11:02:40,Clear
6180,2024-12-01,14.764342,120.292495,14.764739,120.252748,18:07:00,18:27:50,Partly Cloudy
6181,2024-02-03,14.877152,120.233483,14.825105,120.283536,08:34:06,09:18:42,Mostly Clear
6182,2024-02-23,14.839372,120.284136,14.836754,120.282949,19:56:30,20:01:13,Clear
6183,2024-09-26,14.775586,120.308024,14.824159,120.279421,20:31:29,20:59:25,Drizzle
6184,2024-03-07,14.87707,120.233363,14.825245,120.283448,06:24:13,07:03:00,Cloudy
6185,2024-05-04,14.836094,120.290424,14.833326,120.282177,08:12:11,08:19:29,Clear
6186,2024-06-02,14.84076,120.286761,14.764302,120.293563,07:02:10,08:01:00,Heavy Rain
6187,2024-04-15,14.817461,120.28062,14.822445,120.301751,09:16:23,09:26:39,Rain
6188,2024-04-27,14.817872,120.281214,14.851862,120.256105,18:10:50,18:31:44,Partly Cloudy
6189,2024-06-10,14.835949,120.289719,14.848716,120.290609,19:07:33,19:16:12,Drizzle
6190,2024-12-17,14.834901,120.288216,14.84237,120.287628,06:51:51,06:59:15,Partly Cloudy
6191,2024-07-30,14.819689,120.283457,14.822101,120.298681,18:00:59,18:09:47,Mostly Clear
6192,2024-03-20,14.848055,120.255023,14.837113,120.279272,08:30:59,08:48:54,Cloudy
6193,2024-06-03,14.820397,120.276208,14.81512,120.283749,07:25:40,07:32:24,Drizzle
6194,2024-04-18,14.82123,120.274719,14.837857,120.283414,12:50:44,12:59:34,Partly Cloudy
6195,2024-05-12,14.819234,120.283768,14.827671,120.28181,08:51:29,08:58:14,Clear
6196,2024-07-03,14.838331,120.285896,14.828119,120.285415,17:40:13,17:47:02,Drizzle
6197,2024-08-31,14.819137,120.284282,14.823796,120.289769,19:35:28,19:42:30,Partly Cloudy
6198,2024-04-10,14.827,120.286849,14.789548,120.282799,07:26:01,07:43:54,Light Rain
6199,2024-11-23,14.877191,120.233035,14.825373,120.283117,08:06:26,08:41:50,Rain Showers
6200,2024-06-29,14.839666,120.284859,14.822832,120.302016,17:42:26,17:54:24,Clear
6201,2024-12-26,14.837096,120.289852,14.822758,120.287077,19:46:15,19:54:31,Mostly Clear
6202,2024-02-16,14.849031,120.315079,14.80557,120.32321,06:14:38,06:34:17,Partly Cloudy
6203,2024-05-27,14.837265,120.277958,14.826311,120.282734,07:51:53,08:00:57,Rain Showers
6204,2024-11-14,14.828996,120.280886,14.823644,120.289522,17:43:29,17:51:39,Rain
6205,2024-07-03,14.820278,120.276297,14.822718,120.301586,17:33:35,17:45:22,Clear
6206,2024-11-20,14.823597,120.287854,14.820066,120.284266,20:29:52,20:34:29,Partly Cloudy
6207,2024-05-12,14.83612,120.286508,14.823082,120.288117,21:11:31,21:19:23,Mostly Clear
6208,2024-12-07,14.838051,120.279196,14.824652,120.2816,14:54:11,15:00:53,Partly Cloudy
6209,2024-06-08,14.82497,120.282255,14.836081,120.283229,19:09:17,19:15:30,Drizzle
6210,2024-07-18,14.842467,120.287654,14.818549,120.281306,14:32:21,14:45:02,Rain
6211,2024-03-08,14.821548,120.278417,14.805548,120.322241,07:18:33,07:39:48,Partly Cloudy
6212,2024-08-20,14.887566,120.236931,14.826092,120.283602,19:23:24,20:09:59,Cloudy
6213,2024-10-28,14.82109,120.275723,14.817895,120.2813,06:21:52,06:27:14,Partly Cloudy
6214,2024-12-26,14.823653,120.278536,14.8332,120.285382,19:44:10,19:56:03,Mostly Clear
6215,2024-10-03,14.841348,120.28291,14.856645,120.290715,09:18:31,09:28:58,Clear
6216,2024-01-07,14.83627,120.287413,14.82488,120.283114,09:03:00,09:09:14,Heavy Rain
6217,2024-02-02,14.824395,120.276959,14.83663,120.282519,17:42:08,17:52:05,Mostly Clear
6218,2024-03-19,14.83616,120.290168,14.764818,120.253305,18:21:05,19:12:11,Drizzle
6219,2024-03-06,14.830048,120.289183,14.821447,120.275272,19:46:03,19:57:32,Clear
6220,2024-12-30,14.87761,120.234571,14.819935,120.284494,09:19:38,09:48:56,Heavy Rain Showers
6221,2024-07-09,14.830495,120.289119,14.836422,120.283179,18:27:00,18:32:30,Drizzle
6222,2024-07-07,14.82106,120.28398,14.826722,120.287974,18:30:09,18:36:24,Mostly Clear
6223,2024-08-12,14.887367,120.23777,14.764493,120.253045,05:56:02,06:43:06,Thunderstorm with Hail
6224,2024-05-22,14.87648,120.23319,14.823666,120.289925,11:33:11,12:08:12,Mostly Clear
6225,2024-06-03,14.817833,120.281237,14.825959,120.272464,05:04:37,05:09:42,Fog
6226,2024-07-14,14.835417,120.288397,14.820137,120.275488,20:55:58,21:05:40,Thunderstorm
6227,2024-04-23,14.817643,120.28138,14.848977,120.264057,17:07:43,17:30:41,Mostly Clear
6228,2024-03-02,14.81768,120.281279,14.823621,120.278931,06:28:34,06:34:32,Partly Cloudy
6229,2024-06-01,14.826685,120.273056,14.823733,120.28786,15:58:19,16:03:54,Partly Cloudy
6230,2024-11-12,14.805938,120.322592,14.822503,120.287048,17:06:31,17:22:41,Clear
6231,2024-04-09,14.830984,120.274201,14.829635,120.298823,07:02:10,07:27:11,Fog
6232,2024-08-27,14.820414,120.284146,14.841362,120.286456,17:49:42,18:05:05,Cloudy
6233,2024-01-07,14.823856,120.288905,14.887522,120.23722,22:35:05,23:09:43,Mostly Clear
6234,2024-09-06,14.824559,120.28285,14.836223,120.277472,20:40:21,20:45:46,Partly Cloudy
6235,2024-08-16,14.839509,120.282862,14.829303,120.286862,17:56:10,18:06:02,Drizzle
6236,2024-12-27,14.848001,120.254949,14.789448,120.281262,08:29:10,09:02:54,Light Drizzle
6237,2024-11-30,14.829232,120.287575,14.836568,120.277616,07:35:13,07:43:48,Partly Cloudy
6238,2024-04-23,14.878235,120.235025,14.825113,120.281853,15:44:05,16:09:37,Light Drizzle
6239,2024-02-01,14.868087,120.292636,14.824327,120.279942,06:22:38,06:46:45,Light Rain
6240,2024-02-09,14.83951,120.284423,14.836608,120.277698,08:16:12,08:24:25,Clear
6241,2024-02-28,14.828826,120.285098,14.820118,120.283968,21:49:34,21:54:52,Mostly Clear
6242,2024-10-01,14.826555,120.272501,14.824153,120.278991,16:25:46,16:30:46,Thunderstorm
6243,2024-04-30,14.819434,120.278939,14.817837,120.281331,07:10:35,07:14:07,Mostly Clear
6244,2024-03-27,14.8182,120.281257,14.815575,120.283401,10:57:14,11:00:24,Clear
6245,2024-04-19,14.836149,120.283173,14.825366,120.282818,07:04:55,07:13:26,Mostly Clear
6246,2024-08-28,14.823489,120.300464,14.823475,120.287605,05:52:50,05:59:53,Cloudy
6247,2024-11-11,14.824704,120.283167,14.839574,120.283762,17:42:00,17:53:42,Heavy Rain Showers
6248,2024-08-23,14.849373,120.265106,14.842803,120.287714,07:59:10,08:17:38,Violent Rain Showers
6249,2024-09-30,14.85667,120.28925,14.834765,120.287972,19:14:40,19:27:16,Cloudy
6250,2024-12-28,14.829191,120.287228,14.842693,120.288003,08:15:36,08:28:44,Mostly Clear
6251,2024-06-10,14.823046,120.287385,14.82113,120.27793,17:08:04,17:16:38,Clear
6252,2024-09-14,14.815717,120.284107,14.819223,120.284538,09:48:21,09:50:35,Mostly Clear
6253,2024-03-16,14.82254,120.30153,14.827042,120.287466,17:31:31,17:40:59,Partly Cloudy
6254,2024-07-22,14.887535,120.237827,14.827043,120.280578,19:45:11,20:41:07,Cloudy
6255,2024-06-05,14.841472,120.286334,14.843109,120.286904,07:07:35,07:10:53,Cloudy
6256,2024-03-04,14.837362,120.267361,14.8152,120.283586,07:20:59,07:39:21,Clear
6257,2024-12-22,14.843198,120.28716,14.764613,120.252701,18:18:27,19:11:41,Partly Cloudy
6258,2024-10-31,14.841631,120.282014,14.877209,120.234926,08:16:12,08:41:09,Light Rain
6259,2024-01-04,14.838515,120.282598,14.877823,120.2353,20:05:40,20:31:32,Mostly Clear
6260,2024-04-05,14.821603,120.298092,14.851463,120.262847,11:42:33,12:05:00,Mostly Clear
6261,2024-02-21,14.839711,120.284184,14.791798,120.29396,17:33:52,18:16:37,Clear
6262,2024-07-31,14.842589,120.288021,14.824973,120.277298,15:19:29,15:27:01,Clear
6263,2024-07-06,14.835733,120.287606,14.826717,120.273108,18:54:44,19:07:46,Rain Showers
6264,2024-01-30,14.820867,120.271998,14.824491,120.28032,17:22:40,17:27:38,Mostly Clear
6265,2024-02-21,14.838687,120.283022,14.82508,120.280776,18:25:21,18:39:19,Clear
6266,2024-01-05,14.829437,120.286462,14.839447,120.284406,08:40:37,08:47:25,Partly Cloudy
6267,2024-01-10,14.825469,120.279975,14.832374,120.281733,07:51:10,07:56:07,Partly Cloudy
6268,2024-03-24,14.825629,120.277153,14.82505,120.282937,07:45:42,07:49:30,Mostly Clear
6269,2024-04-25,14.818032,120.281298,14.843935,120.286726,22:02:24,22:17:37,Clear
6270,2024-01-05,14.820533,120.2759,14.836659,120.283408,11:48:01,11:57:37,Mostly Clear
6271,2024-09-26,14.806036,120.322769,14.887344,120.237318,12:16:48,12:56:24,Fog
6272,2024-09-15,14.82146,120.271747,14.851891,120.263655,18:16:52,18:31:06,Light Drizzle
6273,2024-01-06,14.82187,120.298982,14.828512,120.294987,16:19:06,16:23:47,Mostly Clear
6274,2024-03-07,14.826369,120.282858,14.833072,120.281669,06:50:01,06:54:16,Mostly Clear
6275,2024-03-15,14.822606,120.272603,14.82081,120.276165,10:14:47,10:18:20,Clear
6276,2024-11-09,14.825167,120.281545,14.824213,120.279818,17:27:49,17:32:37,Rain Showers
6277,2024-10-11,14.820424,120.2841,14.821215,120.278622,17:01:58,17:05:50,Violent Rain Showers
6278,2024-08-19,14.825003,120.280098,14.829119,120.281173,07:34:26,07:37:23,Drizzle
6279,2024-08-12,14.764428,120.252505,14.816064,120.284167,18:31:20,19:21:13,Mostly Clear
6280,2024-01-11,14.856987,120.289771,14.833173,120.286218,19:53:54,20:08:05,Clear
6281,2024-11-20,14.836904,120.282956,14.821544,120.275634,10:09:45,10:18:13,Clear
6282,2024-03-04,14.842768,120.287236,14.824142,120.30027,18:20:42,18:35:43,Cloudy
6283,2024-11-19,14.825973,120.272433,14.819045,120.284348,15:52:49,15:59:03,Clear
6284,2024-12-28,14.841697,120.282899,14.76446,120.253046,19:15:58,19:59:30,Clear
6285,2024-03-06,14.830839,120.28955,14.820763,120.28417,13:22:40,13:30:02,Clear
6286,2024-07-17,14.815573,120.283311,14.837412,120.283106,21:57:22,22:08:29,Mostly Clear
6287,2024-02-18,14.817537,120.280573,14.830847,120.289511,18:30:56,18:42:36,Mostly Clear
6288,2024-12-29,14.805885,120.323121,14.838206,120.285966,19:57:50,20:21:12,Light Rain
6289,2024-11-01,14.831002,120.289031,14.839765,120.285028,07:38:26,07:48:21,Partly Cloudy
6290,2024-07-30,14.847517,120.254514,14.820635,120.277022,22:46:17,23:07:28,Dense Drizzle
6291,2024-01-08,14.830349,120.298918,14.815559,120.283482,19:46:07,19:58:34,Cloudy
6292,2024-09-02,14.842326,120.287053,14.823225,120.286936,17:01:54,17:16:37,Partly Cloudy
6293,2024-11-21,14.827677,120.294892,14.830806,120.288871,13:58:07,14:02:34,Fog
6294,2024-03-03,14.84299,120.281883,14.835707,120.287206,06:46:40,06:52:56,Clear
6295,2024-04-29,14.85163,120.256703,14.815786,120.283081,20:44:01,21:01:21,Mostly Clear
6296,2024-01-06,14.839401,120.283581,14.827397,120.281552,17:29:53,17:39:21,Partly Cloudy
6297,2024-08-18,14.82321,120.287687,14.828818,120.286693,18:54:00,18:58:50,Clear
6298,2024-03-02,14.819048,120.28461,14.877633,120.235175,07:45:41,08:24:38,Mostly Clear
6299,2024-12-21,14.824687,120.281222,14.824374,120.277426,12:23:53,12:26:54,Mostly Clear
6300,2024-09-28,14.820436,120.276256,14.776152,120.307496,10:52:18,11:20:31,Heavy Rain Showers
6301,2024-06-18,14.828657,120.281629,14.827063,120.28348,18:24:59,18:29:40,Light Rain
6302,2024-06-20,14.839471,120.283777,14.824072,120.288852,17:14:18,17:29:26,Thunderstorm
6303,2024-09-02,14.76441,120.253455,14.824504,120.28016,20:27:13,21:00:54,Cloudy
6304,2024-02-02,14.828668,120.286668,14.81515,120.283309,08:53:23,09:03:15,Cloudy
6305,2024-12-08,14.825181,120.280807,14.825011,120.279731,08:55:10,08:58:42,Cloudy
6306,2024-01-15,14.816258,120.283538,14.826431,120.273302,21:52:19,22:00:34,Cloudy
6307,2024-12-26,14.823854,120.279107,14.765036,120.252912,19:00:32,19:46:25,Clear
6308,2024-05-12,14.83583,120.282244,14.824802,120.280203,11:18:11,11:26:50,Clear
6309,2024-02-03,14.829823,120.298745,14.821468,120.273943,19:58:34,20:19:24,Drizzle
6310,2024-03-07,14.827597,120.281159,14.849548,120.2543,18:31:57,18:47:33,Clear
6311,2024-03-11,14.843107,120.286878,14.821967,120.272147,19:58:17,20:17:59,Clear
6312,2024-01-13,14.820423,120.276513,14.820262,120.27586,09:30:52,09:34:02,Partly Cloudy
6313,2024-04-21,14.841511,120.286909,14.838438,120.285995,10:55:42,11:00:08,Clear
6314,2024-12-04,14.819925,120.284791,14.840174,120.285727,19:10:03,19:20:15,Partly Cloudy
6315,2024-02-22,14.823984,120.289387,14.839115,120.284675,08:13:22,08:24:42,Mostly Clear
6316,2024-11-09,14.838212,120.283207,14.821219,120.278534,18:26:29,18:42:05,Rain
6317,2024-01-15,14.877399,120.23172,14.805889,120.322846,16:59:56,17:47:17,Mostly Clear
6318,2024-09-24,14.837829,120.285315,14.824447,120.278807,08:20:24,08:34:11,Light Rain
6319,2024-02-11,14.821305,120.278699,14.826641,120.283134,08:41:43,08:46:41,Fog
6320,2024-12-14,14.823778,120.279056,14.836059,120.283141,17:07:37,17:16:42,Mostly Clear
6321,2024-06-05,14.805787,120.322884,14.821044,120.283562,19:38:30,20:01:11,Cloudy
6322,2024-04-06,14.829772,120.298543,14.834928,120.2879,09:24:33,09:29:45,Clear
6323,2024-05-31,14.820865,120.283582,14.823414,120.289806,22:01:37,22:05:46,Mostly Clear
6324,2024-07-26,14.825023,120.280427,14.822968,120.272578,09:15:16,09:21:55,Rain
6325,2024-12-12,14.835232,120.287811,14.819631,120.284297,07:32:57,07:41:22,Clear
6326,2024-06-07,14.848666,120.254532,14.821061,120.275448,19:40:23,20:00:54,Light Drizzle
6327,2024-12-19,14.826912,120.272393,14.84117,120.283035,17:44:55,17:58:01,Mostly Clear
6328,2024-10-22,14.82088,120.28378,14.8363,120.278154,12:14:13,12:22:24,Cloudy
6329,2024-09-27,14.840044,120.286282,14.819411,120.284495,14:12:55,14:21:29,Drizzle
6330,2024-12-30,14.840539,120.285884,14.838388,120.286436,08:27:12,08:31:42,Partly Cloudy
6331,2024-06-03,14.830097,120.298881,14.820691,120.284495,08:15:14,08:26:21,Fog
6332,2024-08-21,14.820571,120.28418,14.827432,120.279552,15:04:03,15:08:54,Light Rain
6333,2024-05-29,14.842792,120.287277,14.820183,120.284086,17:35:12,17:52:00,Dense Drizzle
6334,2024-10-23,14.816036,120.283724,14.830542,120.288805,09:40:56,09:51:36,Partly Cloudy
6335,2024-01-13,14.877107,120.232979,14.820598,120.284079,21:19:56,21:51:45,Clear
6336,2024-01-13,14.877595,120.235059,14.838526,120.283681,19:05:54,19:34:18,Clear
6337,2024-01-01,14.829654,120.287708,14.824912,120.280286,07:54:33,07:59:40,Cloudy
6338,2024-04-10,14.817796,120.280459,14.847975,120.254566,17:44:40,18:09:50,Clear
6339,2024-07-05,14.821216,120.284594,14.828135,120.28526,17:57:51,18:02:53,Clear
6340,2024-04-19,14.832725,120.285384,14.837333,120.278923,08:46:17,08:52:10,Clear
6341,2024-04-22,14.887131,120.238055,14.82232,120.298364,15:47:21,16:31:56,Partly Cloudy
6342,2024-09-02,14.806043,120.322825,14.838597,120.284715,19:17:38,19:37:57,Thunderstorm with Hail
6343,2024-12-18,14.830303,120.273747,14.836643,120.277852,06:49:54,06:58:19,Rime Fog
6344,2024-03-22,14.820893,120.28371,14.824923,120.280204,18:06:33,18:10:07,Light Rain
6345,2024-04-07,14.873642,120.235221,14.826034,120.282622,06:02:53,06:39:16,Clear
6346,2024-03-06,14.828085,120.284809,14.849003,120.25519,07:05:11,07:23:24,Partly Cloudy
6347,2024-11-09,14.818234,120.284158,14.764494,120.293332,22:27:30,22:45:55,Mostly Clear
6348,2024-09-21,14.818061,120.284691,14.837225,120.268093,17:19:57,17:37:36,Light Drizzle
6349,2024-08-22,14.877411,120.233102,14.842417,120.287373,05:05:13,05:28:09,Thunderstorm
6350,2024-06-28,14.816013,120.283252,14.821699,120.273779,11:45:23,11:50:12,Cloudy
6351,2024-06-12,14.824185,120.279836,14.83979,120.283284,08:43:24,08:57:41,Cloudy
6352,2024-02-27,14.829362,120.28649,14.838261,120.285123,06:40:21,06:47:13,Clear
6353,2024-08-07,14.819841,120.276449,14.839177,120.284626,07:52:16,08:03:28,Light Rain
6354,2024-05-06,14.849509,120.265314,14.832234,120.285544,21:51:52,22:05:43,Clear
6355,2024-01-17,14.824198,120.288908,14.839655,120.283852,08:02:14,08:11:23,Mostly Clear
6356,2024-12-04,14.842464,120.287637,14.838673,120.28336,21:15:47,21:21:33,Mostly Clear
6357,2024-10-11,14.830901,120.289075,14.820856,120.274795,19:13:08,19:22:35,Dense Drizzle
6358,2024-01-06,14.820277,120.276309,14.842502,120.287639,08:29:05,08:52:47,Mostly Clear
6359,2024-03-10,14.824311,120.288971,14.817489,120.281934,06:10:45,06:17:32,Drizzle
6360,2024-04-19,14.842198,120.28837,14.835118,120.282048,06:24:10,06:32:18,Clear
6361,2024-11-25,14.856672,120.290056,14.828277,120.285644,10:18:00,10:29:02,Light Drizzle
6362,2024-03-05,14.81999,120.283686,14.821196,120.275425,18:25:26,18:29:58,Mostly Clear
6363,2024-07-01,14.836177,120.28663,14.882124,120.236562,14:58:23,15:23:28,Thunderstorm with Hail
6364,2024-03-30,14.828318,120.285394,14.837533,120.278743,13:49:35,13:56:19,Clear
6365,2024-06-12,14.881474,120.236132,14.81799,120.281221,07:38:43,08:32:52,Mostly Clear
6366,2024-11-24,14.847991,120.255389,14.822912,120.283781,22:04:14,22:24:53,Partly Cloudy
6367,2024-03-14,14.829713,120.298653,14.824713,120.276618,08:51:45,09:03:37,Rain
6368,2024-09-12,14.789819,120.282005,14.827039,120.279706,17:07:04,17:33:01,Light Rain
6369,2024-07-13,14.815955,120.282717,14.821774,120.275391,12:40:15,12:45:14,Rain
6370,2024-11-15,14.87742,120.235051,14.827884,120.295484,18:26:07,18:57:45,Clear
6371,2024-07-21,14.823787,120.279432,14.847603,120.254072,17:14:50,17:33:21,Rain
6372,2024-11-19,14.819093,120.283989,14.836403,120.283217,17:42:19,17:52:37,Rain Showers
6373,2024-03-19,14.818133,120.281586,14.825013,120.280233,18:51:28,18:56:21,Mostly Clear
6374,2024-10-10,14.836777,120.268019,14.8265,120.283081,18:33:21,18:45:16,Light Drizzle
6375,2024-03-19,14.829421,120.286707,14.819595,120.284886,08:49:04,08:58:13,Mostly Clear
6376,2024-01-22,14.838055,120.285672,14.806241,120.322639,22:04:28,22:30:55,Mostly Clear
6377,2024-11-25,14.826976,120.28174,14.818228,120.281449,22:41:09,22:46:04,Rain
6378,2024-05-05,14.823099,120.282241,14.825035,120.279988,05:17:16,05:20:31,Partly Cloudy
6379,2024-10-10,14.817997,120.281378,14.848938,120.314969,19:59:57,20:32:19,Rime Fog
6380,2024-05-31,14.824716,120.277106,14.827111,120.281932,17:16:43,17:21:53,Mostly Clear
6381,2024-06-17,14.831143,120.289573,14.824434,120.288881,18:05:50,18:13:16,Clear
6382,2024-06-13,14.848498,120.290426,14.82494,120.279773,06:13:29,06:30:48,Light Drizzle
6383,2024-04-20,14.843248,120.282406,14.829301,120.287276,10:43:02,10:51:20,Partly Cloudy
6384,2024-07-07,14.824203,120.279817,14.822124,120.298341,21:39:10,21:49:51,Cloudy
6385,2024-12-10,14.824904,120.280203,14.828851,120.281263,08:48:20,08:53:09,Rain Showers
6386,2024-08-21,14.848932,120.25477,14.825067,120.281901,06:57:20,07:17:05,Clear
6387,2024-01-06,14.834819,120.287967,14.82109,120.275431,21:26:28,21:36:20,Mostly Clear
6388,2024-08-05,14.837874,120.28585,14.820042,120.284199,17:28:15,17:43:40,Heavy Rain Showers
6389,2024-11-22,14.820938,120.276424,14.827334,120.281185,07:47:19,07:52:14,Rain
6390,2024-08-07,14.839917,120.285267,14.819535,120.279079,14:35:14,14:43:12,Partly Cloudy
6391,2024-05-08,14.828992,120.286781,14.81826,120.284151,06:50:13,06:59:50,Rain Showers
6392,2024-01-24,14.823725,120.279923,14.830255,120.289946,07:19:49,07:28:21,Fog
6393,2024-01-28,14.843461,120.286109,14.877023,120.233373,06:00:17,06:28:27,Dense Drizzle
6394,2024-10-11,14.824121,120.279621,14.818804,120.278295,18:49:29,18:55:27,Rain
6395,2024-09-01,14.837425,120.285546,14.82722,120.28036,17:19:10,17:27:00,Cloudy
6396,2024-12-07,14.878054,120.234889,14.819672,120.284028,14:42:26,15:07:25,Clear
6397,2024-02-26,14.826547,120.286909,14.836596,120.290462,16:13:16,16:17:54,Clear
6398,2024-01-16,14.835382,120.2821,14.826406,120.28303,12:11:16,12:19:06,Fog
6399,2024-03-23,14.836459,120.284101,14.840513,120.287398,06:49:24,06:52:39,Clear
6400,2024-10-26,14.775519,120.308064,14.836243,120.283184,08:05:10,08:47:04,Dense Drizzle
6401,2024-05-26,14.877066,120.23143,14.868579,120.292701,20:16:59,20:49:00,Clear
6402,2024-09-27,14.848518,120.254938,14.822459,120.287642,16:38:42,16:55:29,Clear
6403,2024-03-19,14.82839,120.281381,14.822116,120.27237,19:15:27,19:22:53,Light Drizzle
6404,2024-01-24,14.826635,120.287097,14.806179,120.323024,08:11:23,08:30:18,Partly Cloudy
6405,2024-08-20,14.820932,120.283247,14.805959,120.322894,12:04:49,12:25:47,Partly Cloudy
6406,2024-02-11,14.823995,120.289412,14.848746,120.29096,18:31:18,18:45:17,Mostly Clear
6407,2024-03-25,14.829727,120.298781,14.81784,120.281603,07:23:43,07:35:19,Mostly Clear
6408,2024-03-09,14.84063,120.28618,14.822721,120.301634,07:57:35,08:10:01,Clear
6409,2024-04-28,14.827674,120.281634,14.829335,120.287113,07:12:16,07:17:52,Mostly Clear
6410,2024-02-28,14.815478,120.283511,14.771903,120.25804,14:30:37,14:53:11,Mostly Clear
6411,2024-12-01,14.838656,120.283721,14.829093,120.287623,22:52:23,22:59:53,Mostly Clear
6412,2024-06-23,14.835368,120.282013,14.823651,120.289221,19:07:17,19:15:19,Rain Showers
6413,2024-12-03,14.82388,120.279048,14.792153,120.293756,15:25:26,15:38:18,Mostly Clear
6414,2024-10-04,14.822851,120.301214,14.830547,120.274115,11:36:52,11:46:43,Clear
6415,2024-12-07,14.882394,120.236159,14.840126,120.285292,18:16:59,18:54:04,Cloudy
6416,2024-12-28,14.878124,120.234875,14.824637,120.279774,17:07:15,18:00:52,Rime Fog
6417,2024-02-12,14.842677,120.28772,14.822926,120.302351,19:47:54,19:59:39,Partly Cloudy
6418,2024-03-04,14.822138,120.272389,14.837437,120.267341,14:08:20,14:19:12,Clear
6419,2024-11-24,14.828583,120.285685,14.829169,120.280183,08:21:37,08:27:31,Clear
6420,2024-08-06,14.82073,120.275018,14.826447,120.280167,06:17:48,06:24:27,Clear
6421,2024-01-08,14.829527,120.287154,14.838458,120.286318,08:02:34,08:10:43,Partly Cloudy
6422,2024-09-04,14.82492,120.280009,14.822071,120.301419,20:05:45,20:18:35,Rain Showers
6423,2024-01-16,14.837254,120.278235,14.826542,120.283025,13:25:31,13:32:33,Fog
6424,2024-10-20,14.822005,120.298448,14.822575,120.30094,18:55:44,19:01:21,Rime Fog
6425,2024-11-21,14.830365,120.273568,14.837407,120.267852,05:41:16,05:47:55,Violent Rain Showers
6426,2024-04-06,14.835482,120.286459,14.818979,120.278909,22:05:26,22:17:20,Light Drizzle
6427,2024-10-14,14.837277,120.283326,14.828179,120.281642,21:08:18,21:13:33,Fog
6428,2024-12-19,14.87767,120.232906,14.887373,120.237607,06:32:29,06:39:55,Mostly Clear
6429,2024-10-15,14.849163,120.290866,14.822198,120.301487,08:57:19,09:21:33,Cloudy
6430,2024-06-05,14.835876,120.283035,14.830003,120.298822,20:44:54,20:52:19,Thunderstorm
6431,2024-02-16,14.821484,120.274,14.764865,120.292962,13:47:33,14:13:20,Clear
6432,2024-09-28,14.868467,120.292177,14.839244,120.285421,06:57:18,07:21:06,Cloudy
6433,2024-10-29,14.887494,120.237645,14.817987,120.281162,08:36:28,09:16:45,Mostly Clear
6434,2024-02-11,14.776074,120.30798,14.819854,120.284904,22:15:26,22:35:00,Partly Cloudy
6435,2024-11-22,14.837855,120.268157,14.881606,120.236802,19:07:40,19:42:14,Clear
6436,2024-01-11,14.829132,120.286866,14.824357,120.282758,15:45:33,15:50:14,Cloudy
6437,2024-09-29,14.820095,120.275516,14.826429,120.283172,06:05:11,06:10:55,Thunderstorm
6438,2024-08-25,14.843141,120.285539,14.820403,120.283953,16:18:49,16:27:49,Cloudy
6439,2024-09-24,14.83846,120.283455,14.818871,120.278714,17:26:47,17:39:01,Heavy Rain
6440,2024-02-24,14.824053,120.288651,14.823525,120.27948,15:24:50,15:28:37,Mostly Clear
6441,2024-02-13,14.827266,120.287249,14.817656,120.284137,07:05:20,07:14:25,Cloudy
6442,2024-01-30,14.824849,120.282359,14.836588,120.283962,19:28:59,19:36:21,Mostly Clear
6443,2024-09-22,14.848934,120.265565,14.840598,120.287412,13:21:52,13:34:10,Dense Drizzle
6444,2024-08-05,14.824307,120.279112,14.827057,120.279968,15:49:26,15:53:19,Cloudy
6445,2024-03-16,14.815607,120.283569,14.8213,120.278958,17:26:02,17:33:09,Partly Cloudy
6446,2024-10-29,14.843309,120.281945,14.825524,120.276808,19:04:41,19:16:33,Mostly Clear
6447,2024-06-08,14.824582,120.277087,14.83642,120.283906,18:29:02,18:41:06,Light Drizzle
6448,2024-02-18,14.828946,120.280273,14.79167,120.293791,17:49:36,18:12:17,Partly Cloudy
6449,2024-05-15,14.824519,120.289819,14.849062,120.25506,18:56:30,19:17:53,Partly Cloudy
6450,2024-06-27,14.851218,120.263525,14.817938,120.281278,06:41:53,07:03:58,Light Drizzle
6451,2024-06-23,14.828741,120.280751,14.825097,120.281662,22:44:09,22:47:18,Cloudy
6452,2024-10-26,14.829211,120.287247,14.815494,120.283648,07:02:34,07:13:33,Drizzle
6453,2024-04-05,14.877605,120.232097,14.823777,120.279906,19:29:33,20:21:06,Partly Cloudy
6454,2024-06-28,14.764036,120.25371,14.835617,120.288022,15:26:22,15:53:18,Light Drizzle
6455,2024-09-02,14.825463,120.280088,14.851715,120.256364,18:58:03,19:24:43,Drizzle
6456,2024-11-15,14.819099,120.278667,14.821462,120.271557,17:41:59,17:48:36,Heavy Rain Showers
6457,2024-04-27,14.820227,120.276973,14.81984,120.28414,07:38:22,07:44:59,Clear
6458,2024-09-15,14.837946,120.279017,14.829573,120.299328,21:31:55,21:41:41,Rain
6459,2024-09-20,14.815472,120.283938,14.843804,120.285615,15:37:14,15:52:33,Drizzle
6460,2024-05-09,14.829408,120.287185,14.824267,120.280392,19:10:48,19:16:40,Mostly Clear
6461,2024-09-23,14.842739,120.287593,14.820548,120.27837,18:41:32,18:58:56,Rain Showers
6462,2024-07-31,14.839115,120.283061,14.838966,120.284431,19:53:32,19:57:48,Cloudy
6463,2024-03-06,14.825152,120.280351,14.82494,120.279718,08:25:50,08:28:56,Clear
6464,2024-07-24,14.842719,120.287513,14.824808,120.281953,11:41:34,11:49:18,Mostly Clear
6465,2024-09-19,14.827287,120.280616,14.839043,120.284332,17:47:16,17:53:56,Cloudy
6466,2024-10-25,14.820216,120.283349,14.867944,120.292446,17:38:11,18:06:29,Light Drizzle
6467,2024-10-09,14.830997,120.288572,14.887794,120.237758,22:27:49,22:52:49,Partly Cloudy
6468,2024-06-06,14.806187,120.322694,14.848937,120.315545,17:18:54,17:51:48,Mostly Clear
6469,2024-12-06,14.81989,120.27939,14.815478,120.31669,22:10:25,22:28:06,Dense Drizzle
6470,2024-12-05,14.835151,120.288101,14.836448,120.290205,10:55:40,10:59:28,Clear
6471,2024-03-16,14.820484,120.276562,14.887522,120.237454,06:15:16,07:11:58,Drizzle
6472,2024-05-01,14.849389,120.26564,14.881747,120.23617,17:16:48,17:45:29,Mostly Clear
6473,2024-06-28,14.823265,120.287351,14.764889,120.293259,12:41:36,13:05:02,Partly Cloudy
6474,2024-07-24,14.827982,120.285331,14.820464,120.284109,06:53:04,06:59:37,Partly Cloudy
6475,2024-12-24,14.837105,120.27817,14.821253,120.275654,19:22:16,19:34:04,Light Drizzle
6476,2024-11-09,14.820672,120.278744,14.82006,120.284103,08:03:53,08:10:30,Partly Cloudy
6477,2024-05-04,14.827663,120.282002,14.826415,120.283145,19:00:43,19:04:21,Clear
6478,2024-07-24,14.876659,120.23238,14.856853,120.290236,18:41:26,19:17:05,Heavy Rain
6479,2024-11-25,14.818055,120.28104,14.792591,120.294073,14:29:11,14:41:57,Clear
6480,2024-12-13,14.849145,120.264796,14.835282,120.281642,07:15:07,07:28:36,Partly Cloudy
6481,2024-04-01,14.832949,120.286237,14.77198,120.258844,12:18:19,12:41:05,Drizzle
6482,2024-07-27,14.836509,120.283723,14.825007,120.282069,15:20:18,15:29:16,Cloudy
6483,2024-05-25,14.836266,120.283037,14.836149,120.286696,09:19:06,09:22:06,Clear
6484,2024-07-20,14.840853,120.287468,14.81759,120.284912,10:52:12,11:01:22,Mostly Clear
6485,2024-02-27,14.876911,120.233197,14.776136,120.307805,06:15:41,07:13:24,Cloudy
6486,2024-08-02,14.837555,120.27871,14.838506,120.284631,17:47:03,17:52:37,Partly Cloudy
6487,2024-03-25,14.839311,120.284541,14.820253,120.275879,11:45:05,11:55:46,Cloudy
6488,2024-07-27,14.839606,120.284527,14.837727,120.278455,09:25:49,09:29:48,Cloudy
6489,2024-04-07,14.820556,120.276334,14.857366,120.290443,08:17:13,08:35:40,Mostly Clear
6490,2024-11-07,14.78977,120.282583,14.824275,120.279131,10:04:01,10:18:43,Cloudy
6491,2024-01-21,14.851635,120.256277,14.822696,120.298553,12:09:43,12:35:37,Mostly Clear
6492,2024-04-30,14.837965,120.283116,14.792067,120.294483,17:24:05,17:51:55,Heavy Rain
6493,2024-02-12,14.791696,120.293946,14.764706,120.25228,17:54:25,18:22:08,Partly Cloudy
6494,2024-03-13,14.836356,120.283223,14.82445,120.27901,22:48:54,22:56:53,Clear
6495,2024-03-11,14.775778,120.308643,14.824718,120.283027,12:34:10,12:52:39,Light Rain
6496,2024-06-28,14.835187,120.287929,14.8178,120.281141,07:44:51,07:56:57,Dense Drizzle
6497,2024-11-12,14.828758,120.287347,14.830292,120.298428,07:45:07,07:50:46,Mostly Clear
6498,2024-05-08,14.827702,120.281789,14.849017,120.291104,17:37:29,17:52:17,Partly Cloudy
6499,2024-03-13,14.843099,120.287898,14.826867,120.286826,18:37:18,18:44:48,Partly Cloudy
6500,2024-02-21,14.84259,120.281217,14.874218,120.235208,20:55:28,21:25:19,Partly Cloudy
6501,2024-02-08,14.819102,120.283413,14.819977,120.276743,18:20:56,18:27:04,Mostly Clear
6502,2024-03-21,14.83301,120.282108,14.824546,120.283214,17:24:57,17:34:15,Clear
6503,2024-01-24,14.826774,120.280221,14.82391,120.290056,18:56:38,19:05:44,Mostly Clear
6504,2024-09-05,14.877413,120.234696,14.830678,120.28833,17:08:44,17:39:13,Clear
6505,2024-09-15,14.843461,120.285788,14.818281,120.281366,21:02:00,21:12:26,Dense Drizzle
6506,2024-10-13,14.830275,120.273978,14.771906,120.25764,20:49:58,21:16:42,Clear
6507,2024-08-20,14.824789,120.279381,14.792064,120.294383,17:01:57,17:24:33,Cloudy
6508,2024-08-08,14.830404,120.273849,14.835282,120.28207,06:31:53,06:38:16,Light Rain
6509,2024-05-20,14.821302,120.275829,14.821167,120.284133,14:20:10,14:25:16,Cloudy
6510,2024-07-08,14.836532,120.277739,14.824327,120.2803,14:04:02,14:10:27,Mostly Clear
6511,2024-06-03,14.826956,120.287366,14.823488,120.279444,07:47:57,07:53:23,Cloudy
6512,2024-11-28,14.836934,120.278001,14.83731,120.268162,18:32:48,18:43:19,Dense Drizzle
6513,2024-02-14,14.826778,120.272436,14.830207,120.274255,16:27:25,16:32:05,Cloudy
6514,2024-06-14,14.829288,120.286802,14.818581,120.28438,06:24:27,06:32:19,Rain
6515,2024-01-25,14.819619,120.283917,14.836414,120.286784,11:31:59,11:41:58,Clear
6516,2024-06-18,14.82142,120.275855,14.764879,120.293652,08:38:10,09:12:21,Partly Cloudy
6517,2024-11-14,14.829383,120.29791,14.821841,120.298239,19:38:03,19:44:32,Partly Cloudy
6518,2024-07-08,14.838103,120.285773,14.82871,120.281586,17:09:17,17:18:18,Rain Showers
6519,2024-12-28,14.832876,120.282112,14.823752,120.287389,19:34:50,19:44:05,Light Drizzle
6520,2024-11-02,14.818432,120.278907,14.820002,120.284208,13:22:38,13:26:32,Rain
6521,2024-05-26,14.820523,120.284057,14.825333,120.281811,17:59:57,18:05:30,Partly Cloudy
6522,2024-10-05,14.820521,120.277179,14.839152,120.283476,20:23:32,20:31:06,Heavy Rain
6523,2024-12-13,14.82544,120.281331,14.84222,120.282688,18:25:56,18:39:45,Cloudy
6524,2024-01-30,14.849127,120.290827,14.820356,120.283872,05:37:31,05:49:30,Cloudy
6525,2024-12-23,14.821469,120.273834,14.824071,120.289824,13:50:29,13:57:38,Mostly Clear
6526,2024-10-28,14.820826,120.276089,14.821025,120.274892,07:38:27,07:42:21,Light Rain
6527,2024-02-14,14.836162,120.286996,14.820599,120.275431,17:54:08,18:04:26,Clear
6528,2024-02-11,14.877158,120.23299,14.806242,120.323196,07:28:55,08:28:11,Partly Cloudy
6529,2024-05-17,14.821191,120.272041,14.824907,120.28121,08:18:51,08:25:23,Clear
6530,2024-10-09,14.824769,120.280693,14.838554,120.286412,08:23:21,08:33:35,Dense Drizzle
6531,2024-05-22,14.825252,120.277076,14.8282,120.281437,19:38:08,19:41:54,Partly Cloudy
6532,2024-01-20,14.839161,120.283787,14.824911,120.277034,08:19:07,08:30:36,Mostly Clear
6533,2024-02-18,14.817648,120.284225,14.833322,120.282272,13:46:07,13:52:34,Fog
6534,2024-05-21,14.829052,120.287339,14.842466,120.287994,09:37:52,09:46:24,Clear
6535,2024-12-26,14.789868,120.281368,14.822099,120.297875,18:23:03,18:46:04,Clear
6536,2024-07-28,14.877572,120.235075,14.86805,120.292017,18:11:49,18:49:52,Rain Showers
6537,2024-08-29,14.877489,120.234384,14.852232,120.256671,18:17:37,18:39:21,Drizzle
6538,2024-05-13,14.825038,120.281912,14.832405,120.285802,18:21:32,18:26:53,Light Drizzle
6539,2024-05-24,14.877336,120.235202,14.877365,120.233468,13:15:48,13:18:05,Clear
6540,2024-05-18,14.820336,120.283883,14.798151,120.272246,15:44:37,15:59:11,Clear
6541,2024-02-16,14.823092,120.301239,14.820513,120.284386,13:00:27,13:09:54,Mostly Clear
6542,2024-11-24,14.805958,120.322895,14.817637,120.28132,09:17:59,09:39:44,Light Drizzle
6543,2024-06-23,14.790277,120.281833,14.887622,120.237427,07:17:55,08:09:42,Heavy Rain Showers
6544,2024-06-19,14.839101,120.284123,14.825855,120.282855,18:59:14,19:09:15,Mostly Clear
6545,2024-07-10,14.825059,120.277715,14.825382,120.280462,18:14:44,18:18:25,Rain
6546,2024-02-13,14.834933,120.287962,14.824646,120.27694,05:55:35,06:03:18,Mostly Clear
6547,2024-04-25,14.820735,120.283748,14.836187,120.28329,07:15:32,07:22:56,Clear
6548,2024-12-02,14.817576,120.283694,14.877436,120.232599,14:41:00,15:23:31,Partly Cloudy
6549,2024-12-24,14.829274,120.28,14.877486,120.231816,16:49:31,17:16:25,Partly Cloudy
6550,2024-05-08,14.843425,120.28596,14.826151,120.272584,08:02:29,08:16:12,Partly Cloudy
6551,2024-04-21,14.820015,120.284401,14.824088,120.289122,18:07:14,18:13:18,Clear
6552,2024-03-03,14.824127,120.289363,14.829535,120.298275,20:42:43,20:48:25,Clear
6553,2024-10-07,14.878182,120.235562,14.797789,120.27199,15:53:43,16:24:18,Light Drizzle
6554,2024-05-15,14.851518,120.26317,14.81799,120.281043,08:35:11,08:52:47,Fog
6555,2024-05-10,14.849761,120.265175,14.842254,120.28808,08:19:07,08:42:28,Partly Cloudy
6556,2024-11-13,14.82007,120.284894,14.821988,120.2981,17:29:53,17:38:24,Mostly Clear
6557,2024-05-04,14.82148,120.275788,14.826926,120.27967,06:02:57,06:09:02,Clear
6558,2024-02-22,14.839529,120.284127,14.8263,120.272763,20:27:07,20:35:36,Partly Cloudy
6559,2024-02-11,14.829674,120.287555,14.825846,120.272686,20:50:02,20:57:01,Clear
6560,2024-10-11,14.833065,120.281854,14.830537,120.289215,17:07:24,17:17:07,Partly Cloudy
6561,2024-09-15,14.815394,120.28347,14.819135,120.278454,19:41:48,19:46:41,Clear
6562,2024-12-07,14.848999,120.291444,14.836162,120.286707,15:23:55,15:31:40,Clear
6563,2024-01-18,14.839323,120.283801,14.828532,120.282294,15:19:46,15:25:37,Clear
6564,2024-05-23,14.837088,120.278449,14.820867,120.2834,19:26:53,19:39:09,Mostly Clear
6565,2024-04-13,14.823576,120.288904,14.827285,120.281485,21:00:41,21:05:59,Heavy Rain
6566,2024-05-24,14.837187,120.278697,14.824951,120.279956,19:48:13,19:55:55,Mostly Clear
6567,2024-01-01,14.821225,120.27534,14.851134,120.25633,05:36:02,05:56:33,Clear
6568,2024-04-03,14.823487,120.300669,14.827754,120.279793,08:13:37,08:25:34,Mostly Clear
6569,2024-07-11,14.840511,120.285907,14.836471,120.282945,08:09:18,08:13:38,Clear
6570,2024-03-30,14.776238,120.307479,14.867986,120.292901,19:18:36,20:43:21,Clear
6571,2024-04-11,14.86809,120.291821,14.827928,120.294396,09:03:54,09:27:29,Mostly Clear
6572,2024-02-04,14.841713,120.282756,14.819669,120.284525,07:12:53,07:24:40,Clear
6573,2024-01-26,14.826501,120.287772,14.836313,120.286947,07:14:36,07:23:56,Mostly Clear
6574,2024-06-23,14.83704,120.278924,14.823726,120.287503,09:55:54,10:06:30,Light Drizzle
6575,2024-06-25,14.835379,120.281872,14.789575,120.281868,06:11:25,06:35:22,Light Rain
6576,2024-02-12,14.806033,120.322234,14.824721,120.283827,07:23:04,07:47:02,Rain
6577,2024-02-10,14.842061,120.283177,14.819852,120.283722,13:00:16,13:12:01,Clear
6578,2024-11-21,14.848987,120.265127,14.819821,120.278822,06:22:04,06:38:06,Clear
6579,2024-09-12,14.829752,120.298177,14.822707,120.301225,05:11:38,05:16:51,Light Drizzle
6580,2024-03-14,14.843345,120.281204,14.832481,120.282703,06:16:48,06:24:54,Clear
6581,2024-12-25,14.836019,120.282028,14.824334,120.28295,20:04:28,20:13:10,Heavy Rain Showers
6582,2024-03-25,14.820016,120.284117,14.823451,120.301091,20:54:41,21:02:53,Clear
6583,2024-03-02,14.817708,120.28357,14.82782,120.281187,21:55:45,22:03:29,Mostly Clear
6584,2024-07-19,14.830466,120.289023,14.823989,120.289433,11:48:47,11:53:22,Partly Cloudy
6585,2024-04-05,14.837018,120.27809,14.83534,120.281938,09:59:45,10:03:21,Cloudy
6586,2024-11-06,14.831071,120.288617,14.822991,120.300365,18:45:13,18:58:24,Light Drizzle
6587,2024-12-05,14.824104,120.280067,14.837716,120.27907,08:11:19,08:21:49,Partly Cloudy
6588,2024-07-27,14.820029,120.284181,14.849409,120.264792,19:22:01,19:44:22,Cloudy
6589,2024-03-12,14.844027,120.286192,14.877031,120.23201,07:18:21,07:51:40,Mostly Clear
6590,2024-03-11,14.826136,120.272255,14.8056,120.323557,18:35:47,19:14:00,Clear
6591,2024-04-01,14.820496,120.28359,14.826566,120.27275,19:08:32,19:14:57,Clear
6592,2024-10-26,14.82404,120.279354,14.805912,120.323206,19:42:06,20:20:29,Clear
6593,2024-11-05,14.82061,120.284003,14.820614,120.284467,17:37:49,17:42:10,Partly Cloudy
6594,2024-07-31,14.847979,120.25512,14.764353,120.25232,12:43:13,13:17:32,Light Drizzle
6595,2024-02-05,14.83026,120.274158,14.764709,120.293209,20:57:03,21:22:08,Light Drizzle
6596,2024-07-09,14.776476,120.307919,14.842825,120.287765,06:26:40,07:13:04,Cloudy
6597,2024-10-14,14.818849,120.278398,14.877104,120.231225,08:34:30,09:10:37,Rain Showers
6598,2024-07-11,14.84009,120.283693,14.824877,120.280431,19:14:14,19:23:05,Rain
6599,2024-09-29,14.822706,120.288068,14.822115,120.29827,21:44:00,21:50:09,Mostly Clear
6600,2024-04-15,14.764797,120.293155,14.8374,120.267845,19:44:03,20:26:05,Clear
6601,2024-12-03,14.820572,120.276609,14.848695,120.254334,21:36:02,21:57:23,Cloudy
6602,2024-06-13,14.815761,120.283358,14.848602,120.254607,18:38:51,19:02:17,Light Rain
6603,2024-07-16,14.82089,120.283229,14.851704,120.25615,16:40:58,16:54:19,Fog
6604,2024-09-15,14.797786,120.271915,14.828212,120.294972,15:36:16,15:50:24,Light Drizzle
6605,2024-08-22,14.824514,120.279642,14.817965,120.284371,17:05:14,17:14:26,Light Rain
6606,2024-02-10,14.887922,120.236999,14.817822,120.2808,15:28:45,16:09:29,Light Rain
6607,2024-01-18,14.821064,120.283381,14.765205,120.292898,16:00:26,16:26:08,Drizzle
6608,2024-02-24,14.823289,120.287723,14.8263,120.283044,05:14:06,05:19:33,Mostly Clear
6609,2024-12-22,14.838969,120.283715,14.848844,120.254706,19:30:26,19:47:45,Partly Cloudy
6610,2024-07-17,14.824706,120.281188,14.842934,120.287705,18:20:05,18:35:56,Light Drizzle
6611,2024-02-23,14.841156,120.286509,14.82679,120.283309,19:37:49,19:52:10,Mostly Clear
6612,2024-02-14,14.848401,120.255239,14.836198,120.286993,06:16:31,06:40:07,Cloudy
6613,2024-02-12,14.835274,120.28227,14.839335,120.284239,15:28:25,15:31:34,Clear
6614,2024-04-30,14.830799,120.288879,14.819289,120.283156,19:40:13,19:52:34,Cloudy
6615,2024-04-08,14.833102,120.282762,14.876478,120.232791,18:15:55,18:45:12,Cloudy
6616,2024-10-14,14.835937,120.282121,14.828713,120.287111,18:10:22,18:16:47,Rain
6617,2024-09-09,14.829589,120.287168,14.83629,120.28326,12:19:24,12:23:42,Cloudy
6618,2024-07-08,14.843445,120.286073,14.876994,120.232131,06:20:55,06:55:09,Rain
6619,2024-05-14,14.838133,120.285722,14.837323,120.267036,18:59:55,19:10:10,Clear
6620,2024-07-12,14.817773,120.28122,14.824135,120.279927,16:02:31,16:06:24,Light Rain
6621,2024-05-25,14.817816,120.281389,14.836337,120.290862,15:58:45,16:07:40,Cloudy
6622,2024-02-18,14.806084,120.322553,14.824266,120.279239,18:12:30,18:33:16,Clear
6623,2024-12-13,14.824122,120.279153,14.820615,120.276297,19:44:37,19:48:30,Cloudy
6624,2024-10-28,14.821101,120.2839,14.820397,120.284721,08:13:25,08:18:13,Fog
6625,2024-07-12,14.822596,120.302261,14.841484,120.282917,21:05:16,21:15:50,Drizzle
6626,2024-07-07,14.87665,120.233116,14.829963,120.28921,07:02:36,07:52:33,Thunderstorm
6627,2024-11-27,14.839159,120.283446,14.827766,120.28488,18:38:49,18:46:45,Mostly Clear
6628,2024-01-22,14.818916,120.278336,14.839649,120.283451,10:58:04,11:08:28,Light Drizzle
6629,2024-12-12,14.815818,120.283478,14.772205,120.258538,19:17:54,19:43:37,Clear
6630,2024-08-22,14.848717,120.253908,14.826469,120.283117,17:42:22,18:08:21,Light Drizzle
6631,2024-08-23,14.842941,120.281844,14.82375,120.289437,06:08:00,06:22:13,Cloudy
6632,2024-03-20,14.805909,120.322775,14.848303,120.25525,10:38:02,11:07:43,Clear
6633,2024-05-07,14.823886,120.279726,14.83576,120.282418,17:59:25,18:07:57,Cloudy
6634,2024-08-07,14.821067,120.274708,14.841365,120.283293,06:02:40,06:19:53,Partly Cloudy
6635,2024-07-17,14.842807,120.287268,14.792281,120.293924,18:54:06,19:25:17,Heavy Rain
6636,2024-10-02,14.82694,120.279828,14.852133,120.256584,17:27:09,17:44:26,Light Drizzle
6637,2024-12-30,14.837831,120.283692,14.840151,120.285405,18:55:09,18:59:16,Clear
6638,2024-01-07,14.834943,120.28146,14.840718,120.286702,18:07:39,18:12:27,Partly Cloudy
6639,2024-02-05,14.828602,120.280269,14.820622,120.275569,19:45:16,19:51:18,Partly Cloudy
6640,2024-05-29,14.828781,120.282116,14.887423,120.236797,20:40:02,21:06:38,Mostly Clear
6641,2024-08-12,14.877244,120.23555,14.830507,120.273777,18:47:52,19:21:02,Mostly Clear
6642,2024-03-10,14.828956,120.287696,14.828625,120.287221,11:54:33,11:57:13,Mostly Clear
6643,2024-01-02,14.830134,120.289681,14.82394,120.289369,18:50:17,18:55:56,Cloudy
6644,2024-05-21,14.849316,120.314679,14.805482,120.322314,13:29:29,13:46:01,Clear
6645,2024-06-10,14.820101,120.283735,14.842964,120.282079,19:49:10,20:06:28,Cloudy
6646,2024-05-28,14.776129,120.30767,14.830566,120.289794,16:34:17,16:56:36,Cloudy
6647,2024-05-29,14.837793,120.285261,14.825109,120.280384,18:09:39,18:17:27,Clear
6648,2024-01-02,14.822598,120.283372,14.843416,120.281989,18:01:29,18:17:46,Clear
6649,2024-01-05,14.843454,120.286028,14.817936,120.281432,05:00:56,05:10:20,Mostly Clear
6650,2024-06-30,14.835012,120.281807,14.838185,120.28539,06:45:01,06:49:05,Light Rain
6651,2024-06-09,14.822821,120.282362,14.8434,120.281237,22:32:43,22:46:25,Light Drizzle
6652,2024-08-25,14.772589,120.25844,14.82279,120.272767,13:06:06,13:28:03,Partly Cloudy
6653,2024-06-24,14.849495,120.265395,14.822545,120.29794,19:06:57,19:24:26,Cloudy
6654,2024-06-25,14.806021,120.322541,14.822907,120.301628,17:37:24,17:52:18,Light Drizzle
6655,2024-04-16,14.835338,120.282026,14.827691,120.279609,06:24:12,06:31:31,Light Rain
6656,2024-11-12,14.819673,120.284592,14.822162,120.297855,13:52:59,14:00:04,Partly Cloudy
6657,2024-02-16,14.887788,120.236796,14.764482,120.253779,19:45:22,20:36:39,Mostly Clear
6658,2024-12-09,14.817981,120.281372,14.82621,120.27281,05:19:08,05:26:11,Clear
6659,2024-04-27,14.838259,120.28532,14.828078,120.285151,17:33:56,17:43:57,Clear
6660,2024-02-27,14.82611,120.282402,14.824065,120.279124,20:15:52,20:19:15,Cloudy
6661,2024-02-28,14.820105,120.28439,14.819953,120.275691,22:17:31,22:23:17,Clear
6662,2024-05-25,14.867764,120.292381,14.819175,120.278577,07:14:16,07:33:29,Cloudy
6663,2024-04-30,14.832711,120.285466,14.82774,120.281262,21:38:46,21:43:16,Light Rain
6664,2024-06-11,14.824078,120.300534,14.828143,120.294784,08:13:49,08:18:41,Light Rain
6665,2024-01-31,14.829273,120.286679,14.79208,120.294387,10:06:03,10:24:19,Light Drizzle
6666,2024-12-25,14.817757,120.281404,14.842946,120.281859,18:34:52,18:54:36,Partly Cloudy
6667,2024-06-21,14.828394,120.282141,14.824884,120.280864,09:19:30,09:23:42,Fog
6668,2024-07-10,14.848704,120.315782,14.827351,120.281491,06:00:46,06:23:20,Partly Cloudy
6669,2024-11-16,14.829159,120.287155,14.837917,120.28523,06:23:26,06:29:22,Cloudy
6670,2024-03-22,14.824225,120.279779,14.851095,120.256814,07:41:11,08:00:07,Rime Fog
6671,2024-11-05,14.837431,120.283558,14.806125,120.323405,07:52:46,08:20:16,Rain Showers
6672,2024-01-07,14.821423,120.2738,14.828445,120.285974,20:16:31,20:23:03,Clear
6673,2024-04-06,14.833095,120.281539,14.842225,120.287258,07:07:51,07:16:55,Rain Showers
6674,2024-08-15,14.818538,120.28431,14.822317,120.301917,18:11:45,18:22:15,Partly Cloudy
6675,2024-04-10,14.843369,120.286127,14.836104,120.286578,08:16:23,08:22:34,Clear
6676,2024-05-23,14.789806,120.282184,14.805464,120.322461,06:45:38,07:18:26,Rain
6677,2024-11-18,14.764832,120.253614,14.835819,120.281752,11:17:25,11:55:12,Partly Cloudy
6678,2024-07-18,14.836499,120.283061,14.823864,120.2791,10:56:32,11:05:01,Clear
6679,2024-03-28,14.828253,120.29479,14.805508,120.322975,22:15:55,22:32:16,Clear
6680,2024-03-13,14.820578,120.275087,14.84838,120.254718,22:17:19,22:31:35,Cloudy
6681,2024-02-17,14.881951,120.236505,14.824311,120.289708,05:13:50,05:37:01,Mostly Clear
6682,2024-11-23,14.851552,120.255931,14.839641,120.284085,08:35:06,08:49:07,Mostly Clear
6683,2024-01-28,14.819689,120.283941,14.822384,120.298415,18:31:16,18:44:32,Mostly Clear
6684,2024-07-30,14.824555,120.280003,14.829312,120.280955,10:38:22,10:41:36,Clear
6685,2024-12-16,14.877489,120.232746,14.829156,120.286946,07:56:29,08:30:27,Clear
6686,2024-07-23,14.82945,120.287407,14.820197,120.283628,06:41:22,06:48:19,Partly Cloudy
6687,2024-06-02,14.825011,120.281762,14.851421,120.263064,18:10:42,18:33:55,Cloudy
6688,2024-09-30,14.836094,120.277758,14.817823,120.281793,19:07:46,19:23:43,Light Rain
6689,2024-09-23,14.828897,120.280491,14.824884,120.283334,18:42:42,18:48:32,Clear
6690,2024-02-25,14.829702,120.298682,14.830727,120.289043,17:34:28,17:42:38,Clear
6691,2024-08-27,14.823849,120.289401,14.821088,120.275525,06:54:34,07:04:22,Mostly Clear
6692,2024-09-30,14.887563,120.237529,14.819951,120.283355,11:56:01,12:23:59,Cloudy
6693,2024-09-07,14.823641,120.300156,14.797856,120.271921,11:39:19,11:55:08,Cloudy
6694,2024-09-05,14.848805,120.315096,14.826336,120.272785,07:35:31,08:05:17,Fog
6695,2024-07-04,14.839506,120.284442,14.821332,120.28344,11:35:06,11:45:55,Mostly Clear
6696,2024-12-15,14.764518,120.252969,14.841858,120.287481,13:00:54,13:31:00,Mostly Clear
6697,2024-01-21,14.848077,120.254515,14.80581,120.322792,07:52:00,08:39:49,Rain Showers
6698,2024-06-04,14.792614,120.29446,14.828102,120.294556,11:09:53,11:22:10,Drizzle
6699,2024-02-05,14.887445,120.23813,14.823746,120.300574,18:13:25,19:15:40,Partly Cloudy
6700,2024-03-09,14.829215,120.286428,14.820303,120.283449,08:29:24,08:41:04,Cloudy
6701,2024-06-23,14.849153,120.255254,14.825436,120.281281,09:16:50,09:38:09,Light Rain
6702,2024-06-13,14.828601,120.294616,14.821726,120.298586,08:02:16,08:10:07,Rain
6703,2024-07-10,14.843398,120.28542,14.840222,120.284987,07:17:40,07:20:39,Cloudy
6704,2024-12-30,14.843477,120.286098,14.820666,120.284022,07:55:50,08:05:55,Light Rain
6705,2024-03-29,14.82422,120.279701,14.821501,120.271551,18:21:13,18:27:11,Mostly Clear
6706,2024-10-07,14.823746,120.289536,14.764927,120.292869,15:22:02,15:49:16,Light Drizzle
6707,2024-04-17,14.827001,120.28739,14.827358,120.28037,22:51:39,22:56:13,Clear
6708,2024-05-29,14.840014,120.284193,14.840533,120.286751,17:05:21,17:10:45,Clear
6709,2024-06-05,14.818385,120.281414,14.835438,120.287599,10:51:33,10:59:35,Rain Showers
6710,2024-03-28,14.817909,120.28066,14.832808,120.282398,08:30:30,08:44:03,Clear
6711,2024-04-17,14.83098,120.274262,14.838945,120.284326,08:24:00,08:33:56,Clear
6712,2024-08-19,14.830757,120.289711,14.81528,120.31681,21:47:52,21:57:32,Partly Cloudy
6713,2024-01-06,14.827812,120.282273,14.835234,120.288077,19:31:26,19:42:37,Mostly Clear
6714,2024-02-11,14.842393,120.287491,14.821652,120.271497,18:05:42,18:21:24,Light Drizzle
6715,2024-04-19,14.823862,120.280009,14.829347,120.287602,19:28:27,19:38:06,Clear
6716,2024-03-02,14.824405,120.276966,14.806086,120.32258,06:26:21,06:47:14,Partly Cloudy
6717,2024-05-20,14.824273,120.279511,14.821164,120.278819,18:48:12,18:52:11,Fog
6718,2024-05-25,14.848548,120.315073,14.827695,120.281728,20:51:43,21:12:25,Mostly Clear
6719,2024-05-18,14.765329,120.293245,14.819996,120.284182,19:00:20,19:28:27,Clear
6720,2024-06-05,14.820327,120.283786,14.820895,120.27605,18:07:41,18:12:01,Cloudy
6721,2024-06-26,14.764134,120.253106,14.828205,120.294087,13:26:19,14:01:59,Clear
6722,2024-02-05,14.821264,120.279023,14.818849,120.279424,05:23:57,05:26:33,Light Drizzle
6723,2024-07-09,14.820103,120.2841,14.825336,120.283094,11:03:21,11:07:25,Mostly Clear
6724,2024-11-08,14.824287,120.289549,14.841725,120.286063,08:14:06,08:27:41,Light Drizzle
6725,2024-03-09,14.819216,120.284029,14.821508,120.273777,12:18:54,12:24:12,Partly Cloudy
6726,2024-04-29,14.877351,120.232154,14.806262,120.322126,17:30:52,18:30:58,Partly Cloudy
6727,2024-02-03,14.85694,120.290073,14.851775,120.25644,18:48:36,19:17:28,Mostly Clear
6728,2024-09-21,14.820517,120.275361,14.821578,120.273444,19:40:48,19:43:36,Partly Cloudy
6729,2024-10-21,14.819696,120.283759,14.819339,120.283856,09:18:47,09:21:02,Dense Drizzle
6730,2024-04-04,14.877172,120.233083,14.829216,120.287904,12:08:23,12:33:54,Mostly Clear
6731,2024-01-03,14.887673,120.237564,14.790171,120.282082,16:49:45,17:27:44,Partly Cloudy
6732,2024-05-31,14.834997,120.281712,14.821521,120.29853,18:08:48,18:22:04,Light Drizzle
6733,2024-09-21,14.856695,120.290006,14.827676,120.281956,11:25:37,11:40:34,Light Drizzle
6734,2024-06-16,14.826424,120.273015,14.828132,120.286793,17:44:00,17:52:45,Light Rain
6735,2024-09-30,14.838607,120.283031,14.826372,120.283676,17:55:25,18:03:29,Dense Drizzle
6736,2024-06-05,14.82405,120.289337,14.836576,120.277904,10:08:30,10:16:57,Mostly Clear
6737,2024-05-06,14.824665,120.281495,14.776039,120.307674,08:19:26,08:43:31,Fog
6738,2024-01-31,14.8158,120.282633,14.82546,120.280559,13:07:16,13:11:50,Clear
6739,2024-06-08,14.764487,120.253039,14.77612,120.308043,21:03:24,21:25:16,Light Drizzle
6740,2024-08-15,14.82129,120.275622,14.817827,120.28134,21:20:01,21:25:22,Partly Cloudy
6741,2024-02-12,14.85095,120.263328,14.820685,120.275441,09:25:18,09:35:50,Mostly Clear
6742,2024-11-24,14.82458,120.289527,14.827247,120.279483,06:56:02,07:02:23,Partly Cloudy
6743,2024-11-24,14.817687,120.281514,14.817927,120.281127,08:37:37,08:41:43,Heavy Rain
6744,2024-12-24,14.818835,120.283626,14.828129,120.28624,18:47:31,18:57:25,Dense Drizzle
6745,2024-10-30,14.83988,120.28356,14.821997,120.298423,19:52:23,20:07:13,Light Rain
6746,2024-06-26,14.82703,120.279535,14.823801,120.279554,05:57:30,06:00:50,Mostly Clear
6747,2024-03-21,14.848991,120.264206,14.839282,120.285138,08:08:48,08:24:53,Clear
6748,2024-08-05,14.824937,120.280487,14.820631,120.283237,09:31:16,09:36:57,Partly Cloudy
6749,2024-03-29,14.819381,120.284138,14.824216,120.27976,09:17:06,09:21:53,Partly Cloudy
6750,2024-03-03,14.8284,120.28654,14.820286,120.284044,13:24:44,13:29:13,Mostly Clear
6751,2024-07-14,14.792089,120.294437,14.824858,120.283037,14:22:58,14:39:56,Partly Cloudy
6752,2024-01-21,14.815903,120.283651,14.818821,120.278687,09:17:39,09:21:51,Partly Cloudy
6753,2024-05-22,14.827114,120.281472,14.82238,120.297921,06:14:08,06:22:51,Clear
6754,2024-10-01,14.820738,120.28427,14.82343,120.279369,13:26:21,13:31:03,Light Rain
6755,2024-04-09,14.840272,120.28597,14.823905,120.28972,12:59:24,13:11:41,Fog
6756,2024-03-09,14.841704,120.283044,14.848668,120.254011,09:42:13,09:53:03,Partly Cloudy
6757,2024-01-04,14.817362,120.283877,14.829074,120.287188,11:19:11,11:25:45,Fog
6758,2024-08-03,14.840546,120.287317,14.776118,120.307885,07:39:15,08:14:59,Partly Cloudy
6759,2024-04-02,14.837138,120.278598,14.764969,120.252772,22:11:40,22:38:12,Mostly Clear
6760,2024-07-14,14.836453,120.287213,14.830466,120.289068,14:58:15,15:01:52,Severe Thunderstorm with Hail
6761,2024-11-17,14.820068,120.283954,14.818776,120.283843,18:34:59,18:38:45,Drizzle
6762,2024-12-27,14.821024,120.283562,14.851831,120.263563,18:12:45,18:32:16,Fog
6763,2024-03-26,14.823327,120.300072,14.819252,120.284083,06:25:52,06:35:19,Clear
6764,2024-02-16,14.87352,120.235298,14.792516,120.29393,07:33:42,08:30:09,Clear
6765,2024-10-01,14.83642,120.290182,14.824839,120.280107,20:59:41,21:09:34,Partly Cloudy
6766,2024-02-16,14.828613,120.295158,14.819522,120.284215,19:12:42,19:21:40,Clear
6767,2024-09-22,14.838407,120.28572,14.829361,120.286625,18:39:55,18:48:08,Clear
6768,2024-10-29,14.877854,120.234808,14.820544,120.27631,17:15:41,18:04:54,Cloudy
6769,2024-10-30,14.823059,120.282778,14.819056,120.278375,20:51:42,20:57:11,Thunderstorm with Hail
6770,2024-02-22,14.821393,120.278951,14.840169,120.283103,08:49:51,09:04:48,Clear
6771,2024-05-03,14.877489,120.231483,14.838362,120.283396,17:30:55,18:06:53,Mostly Clear
6772,2024-04-17,14.838268,120.285688,14.867717,120.292748,17:31:34,17:49:00,Partly Cloudy
6773,2024-10-11,14.835476,120.28223,14.826546,120.283046,17:58:36,18:05:11,Light Rain
6774,2024-06-12,14.836409,120.286111,14.84297,120.281842,18:40:31,18:44:37,Cloudy
6775,2024-01-28,14.839846,120.284025,14.823167,120.286912,21:10:14,21:18:26,Clear
6776,2024-07-30,14.826644,120.287536,14.822696,120.301889,14:26:05,14:33:02,Light Rain
6777,2024-04-18,14.835083,120.281694,14.81521,120.316618,19:46:08,20:09:03,Mostly Clear
6778,2024-06-08,14.842249,120.287652,14.820183,120.283455,17:19:42,17:32:56,Drizzle
6779,2024-08-15,14.817562,120.281197,14.828461,120.280698,20:28:48,20:33:59,Clear
6780,2024-12-02,14.820704,120.274858,14.764244,120.293386,22:14:31,22:50:28,Light Drizzle
6781,2024-11-16,14.840606,120.287236,14.849059,120.253912,09:39:34,09:54:39,Fog
6782,2024-07-31,14.820596,120.27481,14.837676,120.278854,19:56:35,20:06:35,Thunderstorm
6783,2024-09-16,14.820319,120.276135,14.873634,120.234646,17:52:32,18:29:50,Partly Cloudy
6784,2024-01-07,14.823888,120.299859,14.838692,120.283315,06:19:22,06:30:34,Mostly Clear
6785,2024-10-06,14.797948,120.272557,14.83659,120.27776,13:58:40,14:16:25,Partly Cloudy
6786,2024-06-23,14.820169,120.283674,14.828203,120.285432,18:17:48,18:22:42,Light Drizzle
6787,2024-03-19,14.772427,120.258334,14.819734,120.278571,10:36:32,10:55:22,Mostly Clear
6788,2024-12-08,14.826574,120.279456,14.824863,120.283071,19:16:11,19:20:21,Mostly Clear
6789,2024-10-26,14.842131,120.287337,14.820308,120.275788,12:35:50,12:44:55,Light Rain
6790,2024-10-09,14.827788,120.285255,14.828381,120.282004,07:12:03,07:15:47,Heavy Rain Showers
6791,2024-09-05,14.838285,120.285773,14.81714,120.284053,20:31:17,20:40:21,Clear
6792,2024-01-05,14.822201,120.271592,14.827387,120.281692,05:47:34,05:53:30,Clear
6793,2024-09-02,14.851755,120.256813,14.829062,120.28084,15:29:20,15:49:12,Partly Cloudy
6794,2024-08-09,14.775844,120.308636,14.81923,120.27851,17:27:13,18:09:20,Partly Cloudy
6795,2024-07-29,14.829778,120.273976,14.820706,120.284638,07:14:22,07:26:03,Cloudy
6796,2024-02-20,14.815528,120.283431,14.814929,120.31693,18:11:43,18:34:12,Clear
6797,2024-02-26,14.805664,120.322313,14.819078,120.284001,16:05:43,16:23:59,Partly Cloudy
6798,2024-01-25,14.821012,120.27886,14.825748,120.281981,10:31:47,10:35:39,Mostly Clear
6799,2024-08-19,14.764975,120.293567,14.839049,120.283638,08:08:08,08:54:18,Fog
6800,2024-09-17,14.821397,120.273858,14.821413,120.279172,19:01:49,19:06:36,Drizzle
6801,2024-11-28,14.83833,120.285648,14.824617,120.279277,18:31:04,18:39:32,Light Drizzle
6802,2024-12-12,14.839996,120.285403,14.820591,120.275345,14:55:45,15:04:34,Clear
6803,2024-04-15,14.882633,120.236634,14.843015,120.287492,13:27:56,13:51:02,Partly Cloudy
6804,2024-06-12,14.839757,120.284054,14.832717,120.286069,17:29:02,17:37:12,Heavy Rain Showers
6805,2024-05-13,14.819714,120.284696,14.838272,120.286105,17:48:32,18:00:02,Mostly Clear
6806,2024-06-05,14.828523,120.28189,14.833031,120.282307,17:44:43,17:50:31,Cloudy
6807,2024-08-29,14.838669,120.283586,14.822781,120.301565,18:51:14,19:09:10,Cloudy
6808,2024-12-20,14.828211,120.286434,14.826548,120.283358,11:43:31,11:46:18,Drizzle
6809,2024-07-29,14.829396,120.287902,14.82374,120.300558,16:48:55,16:55:33,Rain Showers
6810,2024-01-25,14.84009,120.285455,14.828991,120.28041,05:29:35,05:36:30,Clear
6811,2024-03-13,14.824962,120.283211,14.829189,120.287221,20:20:10,20:24:01,Mostly Clear
6812,2024-03-22,14.84389,120.285913,14.841989,120.282435,07:01:14,07:04:32,Clear
6813,2024-05-09,14.848604,120.315727,14.836687,120.278093,07:54:36,08:16:27,Mostly Clear
6814,2024-05-07,14.823955,120.289129,14.81745,120.284356,08:03:43,08:10:01,Partly Cloudy
6815,2024-11-24,14.841357,120.286672,14.772576,120.258172,15:24:47,16:03:06,Cloudy
6816,2024-05-15,14.798269,120.271867,14.832906,120.28185,16:56:24,17:07:23,Clear
6817,2024-01-25,14.830494,120.28875,14.821442,120.271742,17:12:45,17:28:46,Clear
6818,2024-05-14,14.826759,120.279329,14.82398,120.28958,21:23:56,21:30:38,Clear
6819,2024-10-22,14.818022,120.281092,14.848917,120.254441,17:05:23,17:25:08,Mostly Clear
6820,2024-08-30,14.828723,120.280901,14.844008,120.286059,18:37:33,18:46:46,Rain
6821,2024-09-03,14.840656,120.286419,14.815536,120.28287,08:48:30,09:04:22,Rain
6822,2024-08-29,14.837326,120.277946,14.823955,120.288941,19:34:09,19:44:02,Dense Drizzle
6823,2024-06-08,14.821475,120.298225,14.790041,120.282688,08:38:33,08:58:23,Light Drizzle
6824,2024-02-13,14.820418,120.284056,14.841004,120.285827,17:33:13,17:45:36,Dense Drizzle
6825,2024-04-24,14.824825,120.280321,14.843412,120.286036,05:57:42,06:04:15,Partly Cloudy
6826,2024-12-05,14.877042,120.232453,14.824288,120.280354,19:13:13,19:55:41,Rime Fog
6827,2024-04-05,14.81519,120.283203,14.822003,120.301513,19:04:44,19:21:27,Clear
6828,2024-04-10,14.856689,120.289962,14.829733,120.27376,17:09:20,17:27:39,Partly Cloudy
6829,2024-06-09,14.820672,120.284029,14.847797,120.255392,18:41:27,19:03:21,Partly Cloudy
6830,2024-09-17,14.817279,120.281512,14.819171,120.279251,21:38:24,21:41:56,Rain
6831,2024-11-22,14.828531,120.295074,14.820056,120.284379,18:18:49,18:28:44,Cloudy
6832,2024-08-23,14.857304,120.289525,14.837734,120.286274,20:26:05,20:36:08,Mostly Clear
6833,2024-06-17,14.835846,120.285885,14.830186,120.289143,16:56:47,17:00:11,Rain
6834,2024-05-14,14.776078,120.307813,14.81792,120.284253,07:05:51,07:33:04,Partly Cloudy
6835,2024-02-01,14.821952,120.272097,14.817968,120.281298,10:41:18,10:48:20,Cloudy
6836,2024-01-13,14.822082,120.298361,14.824945,120.280308,18:44:51,18:53:58,Mostly Clear
6837,2024-03-05,14.826312,120.27196,14.826776,120.283621,17:14:40,17:20:40,Mostly Clear
6838,2024-10-13,14.820973,120.283451,14.82922,120.287622,13:46:29,13:52:11,Clear
6839,2024-10-14,14.839572,120.282834,14.822447,120.27236,18:40:19,18:51:30,Partly Cloudy
6840,2024-09-27,14.805427,120.322192,14.828037,120.294873,11:00:07,11:15:20,Light Rain
6841,2024-06-18,14.830534,120.289587,14.821415,120.274513,17:31:06,17:41:18,Drizzle
6842,2024-03-08,14.836646,120.278013,14.819946,120.276278,18:57:03,19:06:36,Mostly Clear
6843,2024-05-15,14.849246,120.254515,14.822412,120.299077,14:17:18,14:41:24,Cloudy
6844,2024-10-14,14.837523,120.285565,14.842674,120.287343,18:56:16,19:02:39,Thunderstorm
6845,2024-05-29,14.842998,120.282117,14.823767,120.280063,08:03:18,08:14:26,Rime Fog
6846,2024-12-12,14.776155,120.308013,14.764191,120.293558,22:24:17,22:31:34,Clear
6847,2024-04-01,14.825011,120.280215,14.805838,120.322551,08:21:15,08:44:22,Mostly Clear
6848,2024-12-22,14.848242,120.254859,14.824721,120.283354,06:28:25,06:49:12,Clear
6849,2024-03-13,14.817604,120.280721,14.828041,120.295177,10:55:22,11:05:11,Clear
6850,2024-08-28,14.828034,120.281446,14.821584,120.273826,18:23:10,18:30:31,Partly Cloudy
6851,2024-01-16,14.851949,120.256618,14.84174,120.28281,18:22:04,18:40:45,Mostly Clear
6852,2024-06-22,14.867859,120.292219,14.82042,120.284753,08:22:29,08:44:51,Rime Fog
6853,2024-09-02,14.838659,120.283896,14.82446,120.289629,17:29:39,17:41:18,Light Drizzle
6854,2024-07-12,14.820268,120.284447,14.818956,120.277864,18:18:12,18:23:35,Heavy Rain
6855,2024-03-27,14.82072,120.283747,14.817939,120.28379,18:25:37,18:28:21,Clear
6856,2024-07-26,14.816122,120.283674,14.819071,120.278755,16:08:00,16:12:27,Clear
6857,2024-08-27,14.82125,120.27865,14.820539,120.275412,17:44:56,17:49:32,Clear
6858,2024-06-26,14.81843,120.281592,14.827922,120.284854,18:25:19,18:34:45,Clear
6859,2024-09-19,14.823683,120.28887,14.820911,120.28343,08:42:59,08:47:08,Mostly Clear
6860,2024-06-26,14.764243,120.253076,14.829296,120.287609,11:51:56,12:32:36,Partly Cloudy
6861,2024-05-07,14.805665,120.322702,14.820237,120.284069,07:20:53,07:47:20,Light Drizzle
6862,2024-02-18,14.82476,120.281784,14.823974,120.289453,19:07:06,19:12:58,Fog
6863,2024-08-09,14.832712,120.28504,14.825094,120.281906,07:59:36,08:07:21,Mostly Clear
6864,2024-12-15,14.856744,120.29046,14.849099,120.254357,17:40:17,18:07:27,Partly Cloudy
6865,2024-07-25,14.82392,120.279166,14.836434,120.283435,18:09:21,18:19:22,Dense Drizzle
6866,2024-02-08,14.824389,120.289832,14.818069,120.283796,07:20:51,07:27:59,Violent Rain Showers
6867,2024-12-26,14.835247,120.287867,14.824846,120.279386,11:06:24,11:13:29,Partly Cloudy
6868,2024-07-24,14.805757,120.322668,14.84255,120.288344,18:55:23,19:28:23,Rain
6869,2024-03-18,14.815271,120.283573,14.820813,120.283636,18:36:48,18:42:17,Mostly Clear
6870,2024-12-07,14.828777,120.281672,14.820071,120.276968,19:54:39,20:03:20,Clear
6871,2024-02-18,14.83097,120.289203,14.851621,120.256271,15:29:07,15:43:03,Partly Cloudy
6872,2024-11-09,14.819091,120.278879,14.830102,120.2993,06:43:33,06:57:20,Cloudy
6873,2024-08-25,14.805893,120.322769,14.822038,120.299084,19:33:24,19:50:53,Partly Cloudy
6874,2024-11-13,14.836525,120.278122,14.824677,120.279711,19:10:49,19:22:00,Mostly Clear
6875,2024-12-04,14.837227,120.277828,14.826758,120.273013,17:46:51,17:57:15,Partly Cloudy
6876,2024-08-24,14.820414,120.277172,14.877217,120.231589,06:18:42,06:55:06,Mostly Clear
6877,2024-09-12,14.820777,120.28418,14.841921,120.286731,19:22:21,19:36:11,Clear
6878,2024-04-03,14.822991,120.300387,14.815092,120.283197,06:58:42,07:10:17,Mostly Clear
6879,2024-05-16,14.829974,120.298914,14.82112,120.273424,19:46:34,20:06:57,Clear
6880,2024-09-17,14.764394,120.292806,14.824815,120.282695,15:02:42,15:23:04,Light Rain
6881,2024-12-26,14.821885,120.271342,14.838989,120.283859,22:51:05,23:04:32,Rain
6882,2024-12-14,14.841879,120.283061,14.82052,120.283599,08:42:13,08:51:53,Clear
6883,2024-06-22,14.842843,120.287771,14.820601,120.283417,05:25:33,05:34:43,Light Rain
6884,2024-06-10,14.877255,120.232068,14.882561,120.236343,18:42:26,18:48:12,Cloudy
6885,2024-02-28,14.836724,120.277575,14.828248,120.281837,17:26:44,17:35:47,Cloudy
6886,2024-07-14,14.877695,120.235155,14.833097,120.285079,18:39:25,19:19:40,Fog
6887,2024-04-30,14.837759,120.279439,14.82179,120.298687,19:21:17,19:37:24,Cloudy
6888,2024-06-04,14.829746,120.28739,14.828804,120.281038,20:40:56,20:45:30,Partly Cloudy
6889,2024-08-07,14.840256,120.286634,14.838333,120.283649,11:37:11,11:40:51,Clear
6890,2024-04-09,14.827104,120.279995,14.830781,120.288735,18:17:41,18:26:40,Mostly Clear
6891,2024-11-30,14.836564,120.286444,14.837558,120.283062,19:46:57,19:51:05,Light Rain
6892,2024-09-01,14.849167,120.254329,14.82484,120.283175,08:41:55,09:01:55,Clear
6893,2024-06-01,14.842631,120.281889,14.818905,120.283495,08:10:55,08:22:39,Cloudy
6894,2024-11-06,14.826659,120.279275,14.839176,120.284289,17:48:24,17:57:41,Clear
6895,2024-11-12,14.839427,120.285774,14.836623,120.289567,15:39:42,15:43:42,Cloudy
6896,2024-12-21,14.837558,120.267763,14.823197,120.301923,20:08:37,20:23:04,Mostly Clear
6897,2024-11-21,14.848072,120.25459,14.822973,120.287928,07:02:10,07:33:12,Partly Cloudy
6898,2024-12-04,14.823994,120.279802,14.83965,120.284011,06:05:25,06:17:52,Partly Cloudy
6899,2024-11-23,14.828216,120.286417,14.821157,120.275417,11:35:46,11:43:29,Partly Cloudy
6900,2024-03-05,14.829243,120.280535,14.821303,120.278929,12:34:42,12:41:36,Mostly Clear
6901,2024-04-08,14.819984,120.284306,14.839343,120.283736,18:17:01,18:27:22,Partly Cloudy
6902,2024-02-19,14.829822,120.298739,14.824685,120.282946,13:53:19,14:02:39,Partly Cloudy
6903,2024-03-19,14.824139,120.289595,14.772342,120.258188,16:43:32,17:04:41,Rain Showers
6904,2024-02-19,14.823892,120.280236,14.830557,120.289287,07:36:20,07:43:18,Cloudy
6905,2024-12-20,14.823555,120.289664,14.764815,120.293218,06:32:00,07:20:55,Clear
6906,2024-11-16,14.876937,120.232605,14.830307,120.288661,07:05:43,07:31:49,Drizzle
6907,2024-03-04,14.84059,120.286517,14.836361,120.29004,05:44:27,05:47:42,Clear
6908,2024-08-15,14.841807,120.286817,14.824097,120.300577,12:17:31,12:32:08,Rain
6909,2024-12-27,14.836076,120.283609,14.838805,120.283489,14:52:26,14:55:47,Mostly Clear
6910,2024-01-27,14.832868,120.282097,14.839013,120.284284,19:56:01,20:02:01,Clear
6911,2024-04-16,14.88762,120.237447,14.82877,120.281772,18:51:48,19:41:11,Cloudy
6912,2024-08-30,14.838122,120.285839,14.829029,120.28635,17:16:57,17:23:48,Cloudy
6913,2024-09-03,14.828377,120.295513,14.85669,120.290279,18:44:02,18:59:49,Drizzle
6914,2024-08-20,14.828274,120.294805,14.827528,120.280146,19:41:08,19:48:14,Light Rain
6915,2024-01-16,14.822069,120.271793,14.832486,120.284954,09:10:21,09:19:14,Mostly Clear
6916,2024-09-30,14.826924,120.288138,14.829167,120.280906,08:29:32,08:35:51,Dense Drizzle
6917,2024-05-27,14.83614,120.283363,14.851503,120.256378,06:11:10,06:34:19,Partly Cloudy
6918,2024-05-07,14.836431,120.283418,14.836675,120.290576,08:54:00,08:58:47,Mostly Clear
6919,2024-05-06,14.836839,120.278313,14.83749,120.267803,19:53:51,20:00:30,Partly Cloudy
6920,2024-01-12,14.823576,120.300951,14.819463,120.283846,07:58:09,08:13:37,Mostly Clear
6921,2024-07-13,14.836661,120.278315,14.876937,120.232169,17:54:53,18:47:33,Heavy Rain
6922,2024-09-12,14.830601,120.289758,14.840487,120.286738,14:57:12,15:01:17,Clear
6923,2024-10-28,14.819713,120.283773,14.877646,120.234345,18:41:51,19:23:29,Rain
6924,2024-03-05,14.829166,120.280325,14.82671,120.272121,18:10:36,18:16:28,Heavy Rain
6925,2024-07-14,14.823812,120.279075,14.839867,120.285022,08:46:31,08:55:59,Partly Cloudy
6926,2024-07-23,14.84927,120.290969,14.820548,120.283827,15:26:19,15:38:19,Dense Drizzle
6927,2024-04-26,14.877151,120.232939,14.836562,120.283348,08:05:37,08:42:49,Mostly Clear
6928,2024-02-18,14.842476,120.287106,14.826797,120.283615,19:46:06,19:59:48,Mostly Clear
6929,2024-03-05,14.818984,120.284288,14.825569,120.27684,19:07:08,19:15:44,Rain
6930,2024-03-05,14.806499,120.323164,14.828048,120.284823,12:38:29,13:04:26,Mostly Clear
6931,2024-03-01,14.837601,120.278512,14.822159,120.29798,21:06:52,21:18:26,Clear
6932,2024-01-16,14.819541,120.28448,14.832544,120.282048,17:26:34,17:33:56,Partly Cloudy
6933,2024-02-14,14.848068,120.254591,14.824855,120.279958,07:30:59,07:46:50,Light Rain
6934,2024-11-15,14.830816,120.273987,14.836325,120.278495,16:21:31,16:25:43,Cloudy
6935,2024-07-02,14.820261,120.284147,14.822808,120.301481,05:16:16,05:23:14,Rain Showers
6936,2024-05-31,14.828791,120.279675,14.823002,120.286952,19:47:23,19:54:40,Partly Cloudy
6937,2024-07-03,14.826863,120.279754,14.84891,120.254417,10:02:09,10:18:20,Light Drizzle
6938,2024-08-26,14.848058,120.254465,14.849214,120.3151,08:10:18,08:43:18,Drizzle
6939,2024-05-06,14.775789,120.307646,14.848673,120.291147,18:55:05,19:32:16,Drizzle
6940,2024-04-10,14.8181,120.281625,14.82398,120.289405,11:08:32,11:15:33,Cloudy
6941,2024-03-11,14.819623,120.283541,14.824439,120.280207,19:06:58,19:12:04,Clear
6942,2024-01-08,14.87336,120.236124,14.829315,120.298745,08:35:48,09:16:38,Mostly Clear
6943,2024-03-14,14.828988,120.287669,14.772139,120.258132,16:58:28,17:23:23,Clear
6944,2024-05-03,14.827412,120.281779,14.828175,120.28516,17:45:54,17:48:56,Mostly Clear
6945,2024-12-18,14.829976,120.274085,14.818106,120.28193,06:29:48,06:38:20,Partly Cloudy
6946,2024-12-19,14.837276,120.278565,14.81941,120.284284,21:38:48,21:49:15,Clear
6947,2024-12-18,14.839519,120.283512,14.81743,120.284336,17:17:14,17:35:06,Clear
6948,2024-08-05,14.805988,120.322438,14.820748,120.276793,17:58:27,18:19:16,Mostly Clear
6949,2024-03-04,14.827435,120.279845,14.828293,120.286921,18:15:54,18:21:03,Mostly Clear
6950,2024-01-05,14.87387,120.23586,14.789567,120.28221,09:19:56,09:55:42,Partly Cloudy
6951,2024-03-15,14.828958,120.286847,14.821992,120.298419,22:10:48,22:18:15,Mostly Clear
6952,2024-03-19,14.820507,120.276684,14.821231,120.270938,08:01:37,08:06:42,Light Drizzle
6953,2024-02-06,14.839765,120.285138,14.837739,120.28339,11:59:56,12:02:41,Clear
6954,2024-08-19,14.83795,120.278083,14.824944,120.283026,18:28:38,18:38:46,Rain Showers
6955,2024-01-13,14.821292,120.278635,14.839588,120.283161,07:17:36,07:35:52,Clear
6956,2024-07-27,14.824932,120.280198,14.819345,120.284519,22:07:50,22:12:55,Partly Cloudy
6957,2024-07-27,14.824612,120.282167,14.823016,120.301431,19:56:03,20:04:41,Cloudy
6958,2024-10-29,14.888042,120.237992,14.842523,120.287269,17:02:30,17:53:25,Rain Showers
6959,2024-11-24,14.823641,120.27949,14.849683,120.264933,18:57:52,19:12:17,Partly Cloudy
6960,2024-08-17,14.827607,120.282173,14.822894,120.287307,17:12:19,17:16:28,Partly Cloudy
6961,2024-04-05,14.828457,120.281721,14.843544,120.286222,21:09:18,21:18:36,Cloudy
6962,2024-11-20,14.8492,120.290928,14.823677,120.287738,20:03:53,20:18:44,Cloudy
6963,2024-02-16,14.82868,120.280269,14.823868,120.279541,16:39:37,16:43:44,Light Drizzle
6964,2024-05-06,14.820664,120.275289,14.828114,120.28552,18:00:28,18:10:31,Partly Cloudy
6965,2024-12-03,14.887545,120.237586,14.824031,120.289176,17:58:46,18:42:00,Partly Cloudy
6966,2024-02-08,14.868518,120.292294,14.839651,120.285072,06:13:57,06:27:17,Clear
6967,2024-05-16,14.82161,120.279196,14.839417,120.283939,21:45:34,21:53:40,Rain Showers
6968,2024-10-24,14.835994,120.286515,14.835309,120.282075,10:55:52,11:00:21,Light Rain
6969,2024-06-27,14.827539,120.280228,14.828136,120.294192,05:43:10,05:48:35,Clear
6970,2024-05-29,14.828086,120.294613,14.824952,120.280051,18:37:04,18:48:21,Light Rain
6971,2024-02-01,14.822402,120.298687,14.841238,120.286289,07:08:22,07:20:19,Partly Cloudy
6972,2024-03-30,14.851825,120.255752,14.820303,120.283721,08:53:54,09:13:42,Partly Cloudy
6973,2024-06-06,14.833153,120.281768,14.77253,120.258135,18:38:34,19:03:32,Cloudy
6974,2024-04-26,14.856844,120.289471,14.837825,120.278616,05:25:24,05:35:52,Mostly Clear
6975,2024-07-12,14.79258,120.294396,14.832904,120.284947,13:23:36,13:42:52,Partly Cloudy
6976,2024-12-29,14.825174,120.276955,14.821144,120.273834,17:57:05,18:01:50,Clear
6977,2024-11-21,14.87748,120.232499,14.839838,120.284232,12:16:58,12:37:22,Rain
6978,2024-03-09,14.830894,120.288423,14.839219,120.284121,08:15:18,08:24:10,Light Rain
6979,2024-02-13,14.822888,120.272056,14.828653,120.28521,22:21:02,22:31:11,Clear
6980,2024-01-19,14.829066,120.287456,14.818417,120.281336,07:39:16,07:47:05,Clear
6981,2024-12-08,14.839475,120.284252,14.832728,120.285512,19:33:38,19:40:46,Light Drizzle
6982,2024-12-31,14.851305,120.263393,14.839427,120.284301,10:22:05,10:33:09,Light Drizzle
6983,2024-03-31,14.824995,120.280871,14.828442,120.285932,17:18:49,17:23:43,Clear
6984,2024-11-10,14.828281,120.285893,14.819599,120.284242,12:38:51,12:44:32,Cloudy
6985,2024-10-13,14.836639,120.282722,14.830925,120.28973,16:41:59,16:46:34,Light Drizzle
6986,2024-06-06,14.825064,120.281733,14.839285,120.283801,18:02:01,18:11:13,Cloudy
6987,2024-12-05,14.820048,120.284118,14.828262,120.285642,12:37:07,12:42:36,Partly Cloudy
6988,2024-05-30,14.841853,120.285939,14.820337,120.275804,05:54:50,06:06:47,Mostly Clear
6989,2024-08-07,14.848289,120.254043,14.828247,120.294874,08:07:36,08:31:22,Drizzle
6990,2024-01-17,14.818877,120.27853,14.840117,120.286903,11:41:22,11:52:56,Light Rain
6991,2024-08-16,14.856349,120.290188,14.829169,120.281172,21:55:54,22:07:21,Cloudy
6992,2024-11-21,14.839996,120.283346,14.792176,120.294808,17:49:00,18:21:42,Rain
6993,2024-03-27,14.87732,120.231357,14.839054,120.284285,16:23:02,16:50:10,Mostly Clear
6994,2024-07-02,14.841856,120.282486,14.824884,120.280843,08:50:16,09:03:44,Rain
6995,2024-08-17,14.829445,120.287973,14.824746,120.283034,09:30:47,09:36:44,Dense Drizzle
6996,2024-12-26,14.805454,120.32239,14.849249,120.264861,18:57:27,19:43:15,Clear
6997,2024-12-05,14.819589,120.278779,14.775809,120.307962,22:24:52,22:46:05,Drizzle
6998,2024-08-12,14.829609,120.298343,14.772232,120.258005,15:27:50,16:02:13,Partly Cloudy
6999,2024-10-03,14.820746,120.275363,14.837117,120.27837,06:18:46,06:32:13,Mostly Clear
7000,2024-12-05,14.823027,120.287257,14.827298,120.279431,15:13:02,15:18:52,Mostly Clear
7001,2024-07-04,14.842436,120.287667,14.817896,120.281262,17:47:54,18:07:45,Light Rain
7002,2024-02-18,14.821253,120.278735,14.836464,120.290187,08:17:27,08:34:39,Partly Cloudy
7003,2024-06-09,14.80607,120.323061,14.819056,120.283785,19:24:37,19:50:03,Clear
7004,2024-09-15,14.823133,120.300519,14.824944,120.277154,07:41:07,07:55:34,Partly Cloudy
7005,2024-06-28,14.848181,120.315107,14.824484,120.280316,07:22:12,07:48:48,Light Rain
7006,2024-05-17,14.839262,120.284497,14.827646,120.285963,15:51:44,15:58:23,Partly Cloudy
7007,2024-07-08,14.851969,120.256069,14.824401,120.279631,14:54:48,15:12:04,Mostly Clear
7008,2024-06-08,14.820156,120.284386,14.828609,120.286255,19:40:44,19:46:11,Rain
7009,2024-09-09,14.805776,120.323643,14.819155,120.284007,19:42:00,20:16:01,Mostly Clear
7010,2024-05-20,14.837302,120.278029,14.820773,120.2839,22:22:04,22:30:10,Cloudy
7011,2024-09-02,14.8233,120.278614,14.838425,120.28528,21:48:07,21:53:56,Mostly Clear
7012,2024-12-22,14.828081,120.284982,14.829467,120.287285,09:31:35,09:34:43,Partly Cloudy
7013,2024-08-24,14.789898,120.282423,14.828307,120.285445,17:30:16,17:52:04,Rain Showers
7014,2024-03-26,14.851396,120.263121,14.838171,120.283929,08:26:53,08:46:02,Partly Cloudy
7015,2024-02-03,14.823591,120.300713,14.824758,120.280223,22:23:42,22:32:38,Partly Cloudy
7016,2024-05-23,14.825374,120.280397,14.828742,120.280919,11:44:02,11:47:20,Cloudy
7017,2024-06-04,14.878022,120.235482,14.821976,120.298487,11:51:25,12:16:06,Violent Rain Showers
7018,2024-03-20,14.837109,120.27899,14.820915,120.271373,17:08:28,17:19:10,Rime Fog
7019,2024-12-02,14.867924,120.292218,14.775954,120.307843,08:35:46,09:16:38,Partly Cloudy
7020,2024-06-15,14.821863,120.297622,14.849238,120.264823,18:21:40,18:44:38,Cloudy
7021,2024-02-09,14.828151,120.281705,14.829741,120.299402,09:41:37,09:49:50,Mostly Clear
7022,2024-11-22,14.826181,120.272727,14.829352,120.287848,21:49:50,21:56:13,Partly Cloudy
7023,2024-09-27,14.833338,120.281449,14.851456,120.256466,12:23:18,12:41:13,Clear
7024,2024-11-19,14.805722,120.322402,14.829213,120.286935,17:48:34,18:14:21,Clear
7025,2024-11-29,14.776077,120.307723,14.841862,120.283059,12:39:34,13:18:17,Mostly Clear
7026,2024-11-25,14.84008,120.283664,14.829441,120.279917,15:57:53,16:06:41,Partly Cloudy
7027,2024-10-29,14.836815,120.289908,14.823442,120.28886,18:28:09,18:37:00,Partly Cloudy
7028,2024-01-20,14.843156,120.285708,14.832547,120.282678,07:21:38,07:31:10,Mostly Clear
7029,2024-03-05,14.819852,120.283661,14.849149,120.314958,17:26:38,17:48:05,Partly Cloudy
7030,2024-03-21,14.821856,120.298464,14.82858,120.279804,11:01:56,11:09:45,Clear
7031,2024-03-25,14.818354,120.281692,14.821224,120.2758,17:56:40,18:02:21,Partly Cloudy
7032,2024-12-25,14.817779,120.281637,14.839957,120.284969,19:07:17,19:21:44,Clear
7033,2024-05-13,14.867783,120.29223,14.820993,120.275532,14:50:27,15:13:34,Clear
7034,2024-02-22,14.887731,120.237888,14.820582,120.274883,17:38:03,18:12:29,Mostly Clear
7035,2024-01-05,14.805938,120.322823,14.764178,120.253267,18:48:58,19:43:50,Light Rain
7036,2024-12-24,14.823707,120.300593,14.839574,120.283976,07:44:47,08:00:09,Cloudy
7037,2024-08-02,14.828267,120.285399,14.764382,120.252838,08:17:43,09:13:43,Dense Drizzle
7038,2024-12-29,14.792266,120.294986,14.775934,120.307978,08:25:11,08:39:00,Mostly Clear
7039,2024-07-14,14.815749,120.28362,14.830191,120.289735,11:35:10,11:44:17,Heavy Rain Showers
7040,2024-01-05,14.820877,120.284682,14.829156,120.287342,19:59:27,20:07:12,Clear
7041,2024-10-23,14.83962,120.284127,14.848315,120.254288,18:01:10,18:18:47,Clear
7042,2024-05-10,14.837589,120.278781,14.824411,120.289855,19:29:10,19:42:24,Mostly Clear
7043,2024-04-15,14.836519,120.29018,14.818796,120.278651,19:18:23,19:31:29,Mostly Clear
7044,2024-08-20,14.829459,120.280621,14.792361,120.294908,15:00:14,15:15:31,Cloudy
7045,2024-09-01,14.833161,120.285596,14.829364,120.287894,19:07:55,19:13:04,Light Rain
7046,2024-07-10,14.843604,120.285913,14.842701,120.287162,08:46:14,08:49:24,Drizzle
7047,2024-05-01,14.819101,120.283964,14.820446,120.276527,18:57:50,19:03:08,Mostly Clear
7048,2024-05-15,14.825159,120.277519,14.823658,120.289,19:07:39,19:16:46,Light Rain
7049,2024-09-14,14.820605,120.275357,14.819983,120.283386,08:01:17,08:07:03,Rain Showers
7050,2024-07-11,14.828764,120.280688,14.830472,120.288698,11:27:17,11:32:46,Light Rain
7051,2024-11-25,14.828944,120.28061,14.848884,120.290402,19:11:29,19:28:11,Fog
7052,2024-05-23,14.836129,120.286675,14.851007,120.256426,18:47:09,19:06:22,Mostly Clear
7053,2024-07-27,14.823249,120.286956,14.842837,120.287775,11:27:56,11:38:52,Rain
7054,2024-05-03,14.849304,120.264738,14.838192,120.28355,07:00:47,07:17:17,Partly Cloudy
7055,2024-02-15,14.833349,120.281933,14.764634,120.293169,06:18:34,07:13:41,Cloudy
7056,2024-04-10,14.830716,120.289335,14.828414,120.285257,13:28:28,13:32:59,Clear
7057,2024-07-21,14.823597,120.279988,14.842797,120.287152,08:41:10,08:55:07,Rain Showers
7058,2024-08-09,14.841644,120.282776,14.771689,120.258228,11:22:03,11:47:37,Partly Cloudy
7059,2024-11-28,14.827068,120.279949,14.828948,120.286537,13:01:43,13:06:02,Clear
7060,2024-07-25,14.824564,120.289555,14.849133,120.290676,21:10:32,21:24:32,Clear
7061,2024-05-06,14.829771,120.298789,14.819161,120.283683,18:19:25,18:31:08,Partly Cloudy
7062,2024-10-08,14.823986,120.278557,14.818681,120.279244,19:30:22,19:34:53,Partly Cloudy
7063,2024-06-16,14.828799,120.286833,14.820169,120.283625,06:05:10,06:11:25,Rain
7064,2024-12-11,14.819866,120.284294,14.776377,120.307716,15:49:45,16:16:41,Mostly Clear
7065,2024-11-01,14.836801,120.277429,14.821386,120.27874,05:07:03,05:15:18,Partly Cloudy
7066,2024-06-21,14.848859,120.254443,14.821031,120.283283,05:57:20,06:20:17,Clear
7067,2024-09-30,14.877067,120.232833,14.830485,120.289319,09:29:04,10:11:02,Cloudy
7068,2024-03-14,14.82706,120.280779,14.820723,120.276635,17:18:12,17:23:52,Mostly Clear
7069,2024-11-12,14.821459,120.272342,14.856818,120.290025,21:55:04,22:10:30,Light Rain
7070,2024-01-21,14.820501,120.275482,14.818685,120.278868,09:16:05,09:19:13,Clear
7071,2024-05-06,14.823717,120.289983,14.826546,120.283279,13:34:15,13:39:30,Mostly Clear
7072,2024-06-04,14.82496,120.277447,14.82204,120.272097,17:03:13,17:09:02,Light Drizzle
7073,2024-10-27,14.82068,120.284001,14.792515,120.293869,19:46:58,20:05:29,Light Rain
7074,2024-06-30,14.839478,120.284186,14.833016,120.28484,20:18:58,20:23:36,Heavy Rain Showers
7075,2024-12-17,14.817784,120.281718,14.839327,120.285322,06:24:41,06:41:30,Mostly Clear
7076,2024-11-19,14.828051,120.286161,14.823648,120.279239,06:30:31,06:35:39,Heavy Rain
7077,2024-11-21,14.887742,120.237388,14.836742,120.278034,10:42:05,11:04:07,Light Rain
7078,2024-08-16,14.819567,120.278668,14.843314,120.286046,10:12:46,10:27:57,Partly Cloudy
7079,2024-03-21,14.823625,120.288935,14.806545,120.323018,08:48:11,09:11:16,Clear
7080,2024-06-19,14.823214,120.300166,14.842182,120.287214,19:55:25,20:12:34,Light Rain
7081,2024-01-21,14.829301,120.287919,14.826498,120.272935,07:17:30,07:25:42,Cloudy
7082,2024-10-06,14.819927,120.27946,14.837211,120.279499,13:48:57,13:56:45,Rain Showers
7083,2024-10-12,14.820113,120.283968,14.823865,120.289444,18:47:37,18:51:22,Fog
7084,2024-05-14,14.820379,120.283307,14.840441,120.286689,20:53:31,21:05:02,Partly Cloudy
7085,2024-12-20,14.806018,120.322616,14.848295,120.254811,19:45:23,20:25:16,Clear
7086,2024-01-02,14.820443,120.284629,14.851803,120.25714,19:22:54,19:48:59,Clear
7087,2024-12-27,14.789696,120.282176,14.847773,120.255006,12:55:10,13:18:03,Cloudy
7088,2024-12-07,14.824571,120.280145,14.825771,120.283308,17:43:37,17:47:57,Clear
7089,2024-10-15,14.806359,120.323349,14.841912,120.282089,18:20:50,19:05:08,Light Rain
7090,2024-06-12,14.824749,120.282087,14.823803,120.300531,11:45:43,11:52:39,Partly Cloudy
7091,2024-05-21,14.877483,120.234464,14.815419,120.283943,12:12:31,12:47:27,Partly Cloudy
7092,2024-06-06,14.824296,120.282486,14.819525,120.278485,18:38:27,18:45:12,Mostly Clear
7093,2024-10-10,14.876934,120.232239,14.764901,120.252764,18:55:26,19:45:01,Rain
7094,2024-03-18,14.839407,120.28415,14.835521,120.28797,19:17:42,19:21:06,Clear
7095,2024-06-16,14.772372,120.25806,14.819943,120.284154,06:33:14,07:03:41,Partly Cloudy
7096,2024-06-23,14.832929,120.286065,14.822099,120.298548,06:20:01,06:29:37,Light Rain
7097,2024-07-16,14.815617,120.283473,14.828885,120.285338,09:33:30,09:43:40,Partly Cloudy
7098,2024-12-14,14.827414,120.282207,14.839897,120.28507,18:00:54,18:10:20,Partly Cloudy
7099,2024-03-01,14.820097,120.276403,14.818704,120.278758,17:09:23,17:13:15,Partly Cloudy
7100,2024-07-10,14.848945,120.315269,14.828153,120.285327,22:31:07,22:48:07,Mostly Clear
7101,2024-01-09,14.827572,120.27939,14.789849,120.281982,10:09:06,10:30:25,Mostly Clear
7102,2024-10-04,14.826885,120.283507,14.827982,120.294846,06:37:20,06:43:57,Cloudy
7103,2024-08-09,14.821574,120.27189,14.84203,120.283156,13:20:23,13:29:13,Rain Showers
7104,2024-07-08,14.819433,120.284573,14.821177,120.278647,17:00:24,17:05:32,Cloudy
7105,2024-07-16,14.851639,120.263554,14.789365,120.281454,07:38:52,08:11:32,Heavy Rain
7106,2024-09-22,14.827499,120.279702,14.798254,120.272097,12:19:02,12:31:36,Rain
7107,2024-09-05,14.821474,120.271153,14.824829,120.27746,20:23:14,20:29:08,Rain Showers
7108,2024-11-08,14.821749,120.29851,14.839213,120.285199,11:27:37,11:39:46,Clear
7109,2024-10-07,14.828074,120.281873,14.826461,120.283023,18:02:50,18:06:23,Cloudy
7110,2024-03-22,14.830216,120.298198,14.88204,120.236413,13:12:54,13:53:37,Light Rain
7111,2024-10-22,14.82842,120.28059,14.792281,120.294067,21:07:01,21:21:55,Rain
7112,2024-11-25,14.797681,120.271775,14.857379,120.289661,22:51:52,23:12:34,Cloudy
7113,2024-03-18,14.887873,120.238087,14.827645,120.285955,17:59:10,18:57:24,Mostly Clear
7114,2024-09-14,14.839742,120.284057,14.841505,120.286729,17:41:45,17:45:17,Rain
7115,2024-08-27,14.832928,120.282231,14.848079,120.255085,17:10:51,17:26:46,Partly Cloudy
7116,2024-04-20,14.868102,120.292193,14.823885,120.288839,10:39:01,10:58:46,Clear
7117,2024-07-14,14.842802,120.287614,14.84305,120.282535,17:20:44,17:26:11,Cloudy
7118,2024-09-29,14.824238,120.289855,14.828899,120.287767,06:43:43,06:49:39,Thunderstorm with Hail
7119,2024-05-13,14.84264,120.287462,14.827669,120.282285,10:15:35,10:22:36,Clear
7120,2024-05-14,14.876765,120.231718,14.842043,120.282808,18:58:10,19:43:55,Mostly Clear
7121,2024-06-29,14.823057,120.28788,14.828646,120.295346,21:24:36,21:31:48,Light Rain
7122,2024-01-10,14.826802,120.279918,14.824035,120.290182,20:15:30,20:20:52,Rain
7123,2024-04-13,14.851742,120.256313,14.823212,120.300169,09:40:35,10:06:35,Clear
7124,2024-01-22,14.818733,120.278005,14.82026,120.27592,17:47:12,17:50:50,Clear
7125,2024-05-29,14.825039,120.277397,14.824831,120.279901,19:28:13,19:31:56,Clear
7126,2024-07-08,14.764761,120.293173,14.821196,120.271986,20:28:33,20:51:55,Light Rain
7127,2024-02-03,14.877707,120.233054,14.825331,120.283079,06:51:55,07:25:05,Clear
7128,2024-01-23,14.824159,120.279736,14.815413,120.31661,07:05:19,07:34:14,Clear
7129,2024-09-16,14.81951,120.284739,14.829158,120.287101,17:26:55,17:38:27,Drizzle
7130,2024-05-22,14.840511,120.286877,14.820084,120.276104,14:22:45,14:33:58,Partly Cloudy
7131,2024-05-22,14.83469,120.287568,14.821741,120.273865,12:37:32,12:46:51,Clear
7132,2024-04-09,14.772182,120.258246,14.841268,120.286628,13:18:47,13:47:27,Clear
7133,2024-04-19,14.856885,120.290092,14.823163,120.28773,17:18:49,17:36:59,Clear
7134,2024-08-29,14.820868,120.284819,14.836667,120.277976,13:04:14,13:16:01,Clear
7135,2024-07-09,14.828615,120.286972,14.83629,120.286467,08:31:25,08:38:14,Clear
7136,2024-03-07,14.815056,120.283417,14.841655,120.283436,19:33:14,19:53:43,Mostly Clear
7137,2024-06-12,14.815305,120.283172,14.817847,120.284489,05:11:37,05:15:44,Partly Cloudy
7138,2024-11-06,14.877591,120.232232,14.823019,120.302149,22:12:02,22:40:50,Cloudy
7139,2024-10-02,14.837567,120.278557,14.824708,120.283059,15:53:54,15:59:14,Light Rain
7140,2024-01-19,14.805801,120.322859,14.823063,120.287013,22:52:17,23:07:32,Cloudy
7141,2024-11-19,14.823665,120.278878,14.841471,120.28314,19:35:40,19:47:15,Rain
7142,2024-04-26,14.849519,120.264068,14.840937,120.286121,06:32:13,06:44:11,Mostly Clear
7143,2024-10-18,14.887494,120.236805,14.868113,120.292409,16:37:33,17:07:14,Partly Cloudy
7144,2024-09-26,14.815673,120.28347,14.836726,120.277965,12:47:10,12:58:21,Partly Cloudy
7145,2024-05-21,14.826302,120.287215,14.790189,120.281839,09:41:39,09:57:12,Cloudy
7146,2024-07-20,14.83296,120.282276,14.771729,120.258642,19:04:11,19:33:59,Mostly Clear
7147,2024-06-05,14.829975,120.298207,14.828796,120.280607,06:04:36,06:14:19,Rain Showers
7148,2024-04-21,14.87736,120.231174,14.842801,120.287126,19:59:57,20:37:06,Cloudy
7149,2024-07-10,14.838234,120.278793,14.826087,120.273195,19:31:34,19:43:11,Dense Drizzle
7150,2024-08-29,14.826708,120.28004,14.826482,120.283082,17:15:07,17:19:14,Heavy Rain
7151,2024-09-07,14.790302,120.281862,14.839291,120.284416,16:37:23,16:56:14,Cloudy
7152,2024-06-21,14.828578,120.285237,14.776152,120.308102,08:29:09,08:53:07,Partly Cloudy
7153,2024-12-23,14.824389,120.279474,14.820024,120.276411,19:16:54,19:20:36,Mostly Clear
7154,2024-06-05,14.764372,120.252215,14.82911,120.287154,21:02:20,21:42:52,Drizzle
7155,2024-06-16,14.829511,120.280192,14.820189,120.275401,10:17:53,10:24:57,Rain
7156,2024-03-21,14.824843,120.280551,14.842944,120.286623,06:52:05,07:03:28,Clear
7157,2024-06-27,14.839633,120.284088,14.822923,120.272291,19:07:11,19:23:41,Light Drizzle
7158,2024-04-01,14.815662,120.283317,14.877023,120.232099,06:24:35,07:15:20,Partly Cloudy
7159,2024-03-19,14.830523,120.289667,14.817401,120.280963,08:43:10,08:52:48,Clear
7160,2024-08-01,14.819649,120.284081,14.837044,120.268384,17:39:58,18:00:56,Rain
7161,2024-03-04,14.829048,120.280751,14.829315,120.287301,16:48:59,16:54:13,Clear
7162,2024-04-10,14.820661,120.276328,14.819202,120.278518,10:19:31,10:23:13,Partly Cloudy
7163,2024-08-01,14.815736,120.283597,14.826553,120.273167,17:47:38,17:57:11,Heavy Rain Showers
7164,2024-06-29,14.820328,120.284284,14.819094,120.283794,19:23:51,19:27:22,Drizzle
7165,2024-06-18,14.84908,120.264164,14.823872,120.280057,16:52:59,17:06:56,Partly Cloudy
7166,2024-01-13,14.848861,120.264524,14.872972,120.235309,13:04:46,13:18:44,Cloudy
7167,2024-05-23,14.856656,120.290137,14.826451,120.283123,19:46:21,20:13:31,Mostly Clear
7168,2024-04-04,14.819076,120.284048,14.823888,120.289676,21:52:57,21:57:27,Clear
7169,2024-07-13,14.826393,120.272771,14.822126,120.271616,17:26:22,17:30:54,Light Drizzle
7170,2024-12-03,14.830788,120.28936,14.876945,120.231912,18:33:03,19:07:02,Clear
7171,2024-04-04,14.851672,120.263508,14.789738,120.281541,11:00:18,11:24:35,Clear
7172,2024-11-12,14.824944,120.279816,14.843836,120.286227,15:03:31,15:13:24,Dense Drizzle
7173,2024-10-24,14.81772,120.283679,14.842475,120.281899,16:41:10,16:55:04,Cloudy
7174,2024-01-20,14.820301,120.275708,14.822233,120.298809,07:58:22,08:10:55,Clear
7175,2024-08-30,14.827625,120.28666,14.839863,120.283443,07:46:23,07:54:18,Partly Cloudy
7176,2024-10-14,14.848074,120.254545,14.82273,120.301692,06:34:53,07:13:45,Cloudy
7177,2024-12-16,14.84306,120.285892,14.820244,120.283815,07:45:05,07:58:14,Partly Cloudy
7178,2024-02-15,14.764483,120.293264,14.828015,120.286713,19:33:27,20:19:52,Partly Cloudy
7179,2024-01-01,14.819968,120.284042,14.824877,120.283054,19:05:58,19:11:30,Cloudy
7180,2024-09-28,14.828438,120.285051,14.820448,120.27651,13:30:06,13:36:07,Partly Cloudy
7181,2024-09-26,14.841563,120.2869,14.848071,120.254591,17:00:29,17:18:32,Rime Fog
7182,2024-05-22,14.849196,120.290888,14.838038,120.279373,07:01:00,07:09:49,Mostly Clear
7183,2024-09-18,14.877164,120.233268,14.815713,120.283557,07:13:13,07:51:32,Light Rain
7184,2024-05-21,14.820802,120.274728,14.840251,120.284214,06:41:53,06:52:47,Mostly Clear
7185,2024-07-24,14.847955,120.255195,14.82804,120.285297,05:14:42,05:30:52,Mostly Clear
7186,2024-07-14,14.830127,120.289056,14.825068,120.277485,14:09:31,14:16:26,Light Drizzle
7187,2024-09-14,14.77619,120.307996,14.838041,120.286487,19:34:36,20:20:49,Rain Showers
7188,2024-04-25,14.833162,120.282153,14.82281,120.302053,19:22:12,19:35:34,Mostly Clear
7189,2024-02-07,14.821029,120.274089,14.826245,120.283175,19:38:30,19:47:40,Clear
7190,2024-12-15,14.820208,120.284232,14.848948,120.264164,22:42:24,23:00:25,Clear
7191,2024-08-27,14.776546,120.307963,14.849151,120.314883,17:01:43,17:44:20,Cloudy
7192,2024-09-04,14.82,120.275462,14.832847,120.282619,08:51:32,08:59:52,Mostly Clear
7193,2024-03-09,14.841464,120.287092,14.877178,120.23239,16:36:02,17:09:29,Partly Cloudy
7194,2024-09-23,14.825477,120.28202,14.822941,120.287983,05:13:57,05:19:36,Partly Cloudy
7195,2024-09-26,14.829345,120.280768,14.829195,120.287204,17:41:10,17:44:58,Cloudy
7196,2024-12-26,14.824192,120.27949,14.820187,120.283809,07:58:46,08:05:27,Mostly Clear
7197,2024-10-27,14.818143,120.280645,14.817359,120.284297,18:10:40,18:14:43,Light Rain
7198,2024-12-15,14.848862,120.265374,14.824699,120.283483,18:06:03,18:22:07,Light Drizzle
7199,2024-10-09,14.826423,120.273382,14.83666,120.289776,19:48:34,19:58:26,Light Rain
7200,2024-07-07,14.819916,120.284481,14.851736,120.25638,19:16:31,19:39:31,Cloudy
7201,2024-01-21,14.817891,120.281654,14.817414,120.283908,19:40:36,19:45:39,Cloudy
7202,2024-01-29,14.829649,120.28711,14.829009,120.298423,08:09:35,08:17:28,Cloudy
7203,2024-05-30,14.825002,120.28197,14.888151,120.237413,06:46:01,07:22:28,Clear
7204,2024-09-11,14.837163,120.282762,14.841011,120.287175,20:04:49,20:10:07,Light Rain
7205,2024-05-19,14.85686,120.289587,14.819104,120.284133,17:46:22,18:15:40,Cloudy
7206,2024-05-18,14.828649,120.281438,14.825605,120.281626,07:27:39,07:30:59,Cloudy
7207,2024-04-24,14.821028,120.275719,14.82404,120.279275,06:57:57,07:01:18,Clear
7208,2024-11-11,14.842583,120.287583,14.826502,120.282639,17:16:53,17:31:54,Cloudy
7209,2024-01-17,14.84277,120.281204,14.840217,120.282979,06:07:45,06:11:50,Cloudy
7210,2024-02-07,14.820515,120.284833,14.83652,120.287078,22:14:14,22:23:41,Cloudy
7211,2024-04-10,14.868035,120.292321,14.842719,120.287683,07:27:26,07:40:54,Partly Cloudy
7212,2024-07-30,14.841838,120.286821,14.820996,120.275172,14:36:26,14:46:35,Partly Cloudy
7213,2024-05-27,14.823574,120.278659,14.832366,120.285803,14:59:46,15:04:29,Mostly Clear
7214,2024-02-03,14.824771,120.283038,14.82912,120.287201,12:53:15,12:57:38,Fog
7215,2024-11-15,14.82001,120.284493,14.850968,120.262959,18:00:09,18:28:32,Drizzle
7216,2024-12-13,14.820945,120.275287,14.837476,120.267358,08:33:38,08:44:50,Light Rain
7217,2024-02-28,14.830205,120.289331,14.836997,120.267646,18:11:39,18:31:16,Clear
7218,2024-05-08,14.851222,120.263471,14.840834,120.286265,05:57:56,06:11:31,Clear
7219,2024-07-31,14.822965,120.301437,14.822807,120.286838,05:53:43,06:03:54,Partly Cloudy
7220,2024-08-13,14.877102,120.232889,14.835701,120.286899,07:13:45,08:12:25,Drizzle
7221,2024-03-28,14.823516,120.300663,14.822164,120.298021,08:59:07,09:03:45,Partly Cloudy
7222,2024-07-07,14.828173,120.294841,14.857114,120.289925,07:26:14,07:40:54,Mostly Clear
7223,2024-02-23,14.873973,120.235218,14.8359,120.282732,09:42:42,10:04:40,Mostly Clear
7224,2024-10-18,14.872905,120.235705,14.848813,120.290702,16:31:18,16:52:41,Heavy Rain
7225,2024-02-18,14.829127,120.287455,14.84797,120.254948,15:25:00,15:43:17,Mostly Clear
7226,2024-05-31,14.887394,120.237504,14.82565,120.282011,20:23:42,20:47:33,Cloudy
7227,2024-11-17,14.843166,120.286899,14.828819,120.282076,09:47:34,09:58:45,Partly Cloudy
7228,2024-08-02,14.838653,120.283785,14.820253,120.284558,11:12:02,11:22:30,Drizzle
7229,2024-11-15,14.805813,120.322477,14.837643,120.27872,19:27:08,19:56:34,Heavy Rain
7230,2024-04-08,14.83016,120.288666,14.822446,120.27171,17:28:44,17:42:18,Clear
7231,2024-03-14,14.805476,120.322113,14.824371,120.280554,06:11:49,06:36:58,Dense Drizzle
7232,2024-09-11,14.8292,120.287172,14.825052,120.28186,07:54:27,07:58:30,Partly Cloudy
7233,2024-09-30,14.873763,120.235111,14.764567,120.253148,18:16:35,19:24:52,Partly Cloudy
7234,2024-05-13,14.829335,120.286842,14.848968,120.254439,09:16:58,09:29:58,Mostly Clear
7235,2024-06-22,14.843135,120.286879,14.822916,120.301627,20:20:39,20:34:14,Dense Drizzle
7236,2024-07-21,14.837887,120.283894,14.857132,120.289696,05:54:59,06:07:12,Heavy Rain Showers
7237,2024-06-01,14.820586,120.276666,14.823186,120.287635,06:49:28,06:55:59,Heavy Rain
7238,2024-02-27,14.819027,120.283981,14.82605,120.283283,05:52:04,05:55:17,Clear
7239,2024-09-19,14.842894,120.281767,14.836988,120.289975,08:26:36,08:32:47,Rain
7240,2024-07-12,14.841865,120.287846,14.822214,120.272443,18:36:45,18:53:23,Rain
7241,2024-05-08,14.839946,120.286802,14.824626,120.282234,14:45:46,14:52:03,Rain Showers
7242,2024-05-21,14.82108,120.278521,14.764905,120.293911,08:18:44,09:11:35,Partly Cloudy
7243,2024-07-24,14.825826,120.283487,14.849251,120.315357,13:17:01,13:32:31,Cloudy
7244,2024-05-17,14.847512,120.254783,14.816121,120.283312,07:27:31,07:52:52,Light Drizzle
7245,2024-12-17,14.820123,120.283672,14.838303,120.28604,18:08:37,18:19:22,Mostly Clear
7246,2024-06-16,14.832829,120.282459,14.839098,120.284919,17:49:17,17:54:52,Rain
7247,2024-03-05,14.843415,120.286041,14.824776,120.282946,18:20:23,18:32:27,Partly Cloudy
7248,2024-07-23,14.840455,120.287363,14.82002,120.28433,07:42:42,07:59:30,Partly Cloudy
7249,2024-08-14,14.816038,120.283213,14.817873,120.281566,13:06:28,13:10:07,Fog
7250,2024-09-03,14.851595,120.256841,14.836944,120.283083,10:31:51,10:42:34,Partly Cloudy
7251,2024-01-28,14.816301,120.283007,14.817834,120.284443,18:46:14,18:49:57,Clear
7252,2024-07-07,14.856205,120.289606,14.825231,120.280195,17:12:22,17:30:47,Cloudy
7253,2024-08-30,14.839752,120.283672,14.772005,120.258086,17:43:48,18:20:37,Light Drizzle
7254,2024-07-23,14.886914,120.237183,14.764866,120.252588,18:28:14,19:28:03,Partly Cloudy
7255,2024-11-04,14.776035,120.308011,14.827421,120.279511,20:31:33,20:57:10,Clear
7256,2024-11-20,14.842547,120.281573,14.822137,120.29828,07:48:18,08:08:14,Partly Cloudy
7257,2024-12-20,14.823868,120.279114,14.821455,120.271712,18:44:28,18:52:16,Mostly Clear
7258,2024-08-16,14.842166,120.282941,14.816022,120.283342,07:43:50,07:58:13,Rain Showers
7259,2024-03-27,14.842717,120.286988,14.824278,120.280106,12:07:53,12:16:41,Clear
7260,2024-07-24,14.827699,120.281638,14.840938,120.28663,17:35:41,17:48:17,Drizzle
7261,2024-09-30,14.819983,120.278427,14.825822,120.283343,09:34:56,09:41:50,Heavy Rain
7262,2024-06-09,14.8421,120.286551,14.77569,120.307534,11:22:57,12:01:38,Partly Cloudy
7263,2024-09-08,14.833087,120.282102,14.836066,120.283303,19:07:27,19:12:12,Mostly Clear
7264,2024-01-05,14.84149,120.286327,14.841162,120.282689,05:47:34,05:51:25,Clear
7265,2024-02-14,14.887531,120.237574,14.838025,120.278185,18:40:13,19:14:00,Light Drizzle
7266,2024-07-30,14.815192,120.282942,14.822842,120.287133,19:50:03,19:58:22,Dense Drizzle
7267,2024-07-21,14.828229,120.285563,14.851474,120.255909,06:50:14,07:16:04,Partly Cloudy
7268,2024-02-20,14.830864,120.288728,14.764786,120.293188,06:54:45,07:25:43,Clear
7269,2024-02-19,14.829516,120.2872,14.843683,120.281813,09:43:32,09:50:30,Light Rain
7270,2024-09-16,14.836736,120.286921,14.822428,120.298284,17:19:22,17:32:46,Light Drizzle
7271,2024-05-17,14.827153,120.280529,14.851238,120.255603,11:23:24,11:39:55,Mostly Clear
7272,2024-07-29,14.824211,120.279895,14.82064,120.282862,22:40:50,22:44:36,Drizzle
7273,2024-05-13,14.877563,120.232994,14.817724,120.281911,07:12:14,07:54:21,Partly Cloudy
7274,2024-03-09,14.764352,120.293567,14.839743,120.285885,18:41:06,19:18:52,Clear
7275,2024-06-14,14.842459,120.281689,14.806073,120.322369,08:36:11,09:10:56,Light Rain
7276,2024-09-08,14.887207,120.237924,14.824354,120.279965,21:12:38,21:43:15,Partly Cloudy
7277,2024-12-09,14.86835,120.292861,14.851479,120.263577,10:35:19,10:55:18,Clear
7278,2024-01-17,14.792103,120.295002,14.820162,120.275827,14:55:51,15:13:17,Light Rain
7279,2024-05-28,14.838663,120.285957,14.835416,120.28174,05:51:20,05:55:36,Clear
7280,2024-10-31,14.830255,120.288564,14.820471,120.276569,22:53:13,22:58:59,Clear
7281,2024-03-16,14.837069,120.267589,14.822925,120.287982,15:14:45,15:24:10,Clear
7282,2024-01-22,14.819364,120.278287,14.824934,120.280396,22:07:44,22:11:41,Partly Cloudy
7283,2024-08-09,14.857018,120.289306,14.841596,120.286676,08:31:12,08:42:46,Rain
7284,2024-06-02,14.887869,120.236965,14.818837,120.277997,17:25:53,18:14:48,Light Drizzle
7285,2024-08-09,14.819092,120.28448,14.828088,120.286178,17:52:17,18:01:29,Light Rain
7286,2024-10-14,14.848515,120.254676,14.823911,120.289769,11:04:45,11:21:38,Light Drizzle
7287,2024-02-10,14.841535,120.283567,14.832784,120.285328,07:46:25,07:53:32,Mostly Clear
7288,2024-02-26,14.838596,120.282734,14.821604,120.275027,18:18:38,18:33:39,Partly Cloudy
7289,2024-12-25,14.829326,120.287439,14.792148,120.295179,19:43:22,20:04:05,Fog
7290,2024-06-25,14.877118,120.232882,14.79017,120.281432,14:17:38,14:51:59,Partly Cloudy
7291,2024-06-11,14.824427,120.279942,14.830423,120.273909,11:45:21,11:50:01,Drizzle
7292,2024-02-15,14.839642,120.284076,14.829131,120.280868,15:26:41,15:33:31,Mostly Clear
7293,2024-05-23,14.829533,120.286688,14.835356,120.282333,06:56:33,07:01:17,Clear
7294,2024-03-17,14.817954,120.284248,14.82472,120.281602,15:00:54,15:05:09,Clear
7295,2024-01-02,14.837578,120.278439,14.822397,120.271835,12:36:39,12:45:37,Light Rain
7296,2024-12-01,14.820574,120.284709,14.828896,120.287569,13:23:34,13:29:57,Cloudy
7297,2024-05-14,14.887229,120.237052,14.838739,120.283569,15:32:43,15:59:35,Clear
7298,2024-12-23,14.821061,120.284626,14.838862,120.285095,19:15:13,19:24:17,Clear
7299,2024-03-27,14.806229,120.322814,14.823365,120.287431,13:35:06,13:55:20,Clear
7300,2024-09-30,14.824565,120.277882,14.82547,120.281716,11:07:46,11:12:14,Heavy Rain
7301,2024-12-15,14.805566,120.322113,14.818817,120.277914,17:01:11,17:32:38,Partly Cloudy
7302,2024-02-24,14.817989,120.281118,14.842766,120.286954,06:38:34,06:51:28,Partly Cloudy
7303,2024-07-16,14.835099,120.282091,14.824168,120.29023,18:08:40,18:16:51,Light Rain
7304,2024-02-13,14.816086,120.283738,14.824959,120.282807,12:26:13,12:32:30,Clear
7305,2024-01-01,14.876625,120.232284,14.825866,120.283518,06:53:24,08:01:25,Drizzle
7306,2024-05-09,14.836199,120.286491,14.838825,120.284629,19:27:22,19:31:31,Clear
7307,2024-05-28,14.840868,120.286599,14.81801,120.281355,07:45:35,08:02:11,Light Drizzle
7308,2024-12-21,14.843374,120.286241,14.822682,120.302457,11:12:09,11:23:04,Light Rain
7309,2024-07-16,14.827209,120.28776,14.78978,120.282609,08:09:44,08:31:07,Cloudy
7310,2024-02-12,14.822685,120.282802,14.836405,120.286866,16:20:28,16:27:17,Mostly Clear
7311,2024-12-05,14.805784,120.322549,14.824621,120.282991,05:16:31,05:38:54,Clear
7312,2024-10-27,14.829373,120.287534,14.827407,120.279809,07:42:32,07:50:23,Rain
7313,2024-04-10,14.84226,120.288336,14.841319,120.282451,13:14:16,13:20:12,Mostly Clear
7314,2024-11-25,14.843403,120.286157,14.877159,120.231204,06:30:38,06:54:22,Cloudy
7315,2024-03-14,14.821086,120.283289,14.822173,120.298312,19:00:24,19:10:04,Light Rain
7316,2024-07-25,14.82152,120.284072,14.848509,120.255152,22:12:38,22:38:51,Cloudy
7317,2024-03-31,14.819339,120.284085,14.821393,120.27494,17:04:55,17:10:11,Mostly Clear
7318,2024-09-13,14.842616,120.287507,14.847889,120.254922,14:26:21,14:39:53,Light Drizzle
7319,2024-01-16,14.828869,120.286947,14.822809,120.301024,07:40:22,07:52:47,Mostly Clear
7320,2024-04-18,14.82262,120.287113,14.79201,120.294481,13:06:35,13:26:15,Clear
7321,2024-08-22,14.823972,120.289412,14.827559,120.27977,05:32:44,05:39:30,Dense Drizzle
7322,2024-11-15,14.839263,120.284304,14.816061,120.283151,10:15:04,10:28:11,Rain Showers
7323,2024-01-16,14.820374,120.283341,14.821309,120.279511,19:17:04,19:21:25,Mostly Clear
7324,2024-02-21,14.828934,120.287219,14.824788,120.280094,13:27:27,13:32:24,Clear
7325,2024-06-26,14.82043,120.283925,14.792161,120.294716,19:49:38,20:03:43,Light Drizzle
7326,2024-04-24,14.829011,120.287739,14.887532,120.237495,06:52:51,07:32:35,Clear
7327,2024-04-21,14.819895,120.279143,14.836692,120.2833,07:13:21,07:25:18,Mostly Clear
7328,2024-09-13,14.837892,120.278182,14.82331,120.287126,18:55:09,19:07:27,Cloudy
7329,2024-01-11,14.84033,120.285972,14.882011,120.236329,06:47:38,07:14:26,Partly Cloudy
7330,2024-11-24,14.791753,120.293962,14.824177,120.279932,20:56:23,21:13:33,Mostly Clear
7331,2024-06-09,14.818017,120.281682,14.836226,120.283148,19:19:53,19:32:04,Partly Cloudy
7332,2024-03-01,14.887046,120.237167,14.821634,120.275796,18:46:35,19:22:29,Partly Cloudy
7333,2024-03-07,14.83527,120.281437,14.84116,120.283052,17:09:13,17:13:59,Partly Cloudy
7334,2024-11-08,14.874151,120.235136,14.821503,120.298857,06:01:19,07:16:20,Light Rain
7335,2024-07-11,14.837751,120.279184,14.82031,120.275846,20:15:58,20:26:37,Drizzle
7336,2024-08-07,14.831402,120.289163,14.828926,120.287562,08:40:26,08:45:40,Drizzle
7337,2024-07-31,14.841332,120.283174,14.824896,120.277283,07:35:29,07:43:14,Light Drizzle
7338,2024-06-14,14.817657,120.284113,14.837826,120.27855,19:23:53,19:32:36,Mostly Clear
7339,2024-12-16,14.823019,120.282887,14.840126,120.286776,13:34:17,13:40:52,Clear
7340,2024-07-23,14.836351,120.283977,14.824348,120.288864,20:36:30,20:43:11,Cloudy
7341,2024-04-06,14.82524,120.276723,14.842416,120.28699,08:34:01,08:47:27,Drizzle
7342,2024-08-27,14.835307,120.282071,14.840002,120.28314,16:58:33,17:03:34,Heavy Rain
7343,2024-09-21,14.824,120.289383,14.824944,120.281897,06:07:17,06:13:07,Drizzle
7344,2024-11-07,14.877072,120.2323,14.828413,120.2853,17:13:46,17:53:07,Cloudy
7345,2024-07-30,14.842778,120.287208,14.838873,120.284217,19:01:27,19:05:38,Clear
7346,2024-11-19,14.823887,120.279331,14.828042,120.284837,18:35:54,18:42:26,Light Drizzle
7347,2024-05-20,14.822239,120.272738,14.856604,120.290271,16:59:53,17:13:22,Cloudy
7348,2024-04-26,14.876677,120.232379,14.856839,120.289626,21:53:52,22:22:31,Partly Cloudy
7349,2024-03-21,14.828732,120.286662,14.839871,120.283868,06:10:11,06:17:31,Rain Showers
7350,2024-02-05,14.877089,120.232316,14.823841,120.279181,06:09:42,07:06:33,Heavy Rain
7351,2024-11-27,14.826946,120.287635,14.837408,120.279205,08:16:58,08:24:55,Thunderstorm
7352,2024-10-03,14.847974,120.254792,14.792502,120.294295,15:41:39,16:02:11,Partly Cloudy
7353,2024-04-09,14.82896,120.281767,14.832915,120.286175,19:34:10,19:40:17,Partly Cloudy
7354,2024-12-27,14.876681,120.231942,14.821019,120.275802,18:40:38,19:14:22,Drizzle
7355,2024-09-30,14.82478,120.280665,14.877559,120.23506,08:06:56,08:48:53,Rain
7356,2024-03-19,14.847656,120.254802,14.83981,120.284821,07:49:36,08:09:43,Partly Cloudy
7357,2024-07-02,14.819759,120.284152,14.820297,120.277112,19:22:24,19:29:57,Partly Cloudy
7358,2024-04-05,14.849048,120.29098,14.851858,120.263275,08:53:55,09:09:12,Mostly Clear
7359,2024-02-01,14.840678,120.287127,14.877388,120.231727,14:21:28,14:45:19,Clear
7360,2024-09-03,14.836132,120.290165,14.82494,120.280358,19:56:38,20:05:50,Thunderstorm with Hail
7361,2024-07-31,14.87764,120.234741,14.824432,120.289996,07:37:06,08:24:52,Heavy Rain Showers
7362,2024-11-16,14.823585,120.279923,14.867825,120.29312,19:39:17,20:12:33,Drizzle
7363,2024-08-28,14.868307,120.292518,14.82043,120.283198,08:54:25,09:13:51,Rain Showers
7364,2024-06-25,14.828949,120.287234,14.830611,120.289837,06:12:24,06:16:56,Cloudy
7365,2024-01-04,14.822159,120.30137,14.820417,120.283274,13:11:10,13:19:04,Cloudy
7366,2024-07-16,14.82875,120.287241,14.819336,120.284504,07:25:16,07:32:59,Mostly Clear
7367,2024-12-25,14.82986,120.287396,14.87711,120.23532,08:42:33,09:07:57,Mostly Clear
7368,2024-01-17,14.842602,120.281477,14.820336,120.284017,08:26:42,08:39:42,Clear
7369,2024-08-25,14.843215,120.281362,14.84858,120.25434,19:15:58,19:36:20,Clear
7370,2024-01-11,14.856343,120.289894,14.817716,120.28415,09:34:08,09:47:31,Drizzle
7371,2024-01-31,14.824458,120.279621,14.837204,120.268095,14:29:15,14:38:01,Partly Cloudy
7372,2024-10-08,14.839335,120.283696,14.824685,120.282509,05:46:08,05:55:23,Light Drizzle
7373,2024-05-11,14.797809,120.271922,14.82063,120.276562,15:42:39,15:57:36,Cloudy
7374,2024-12-10,14.824785,120.280318,14.819953,120.278094,05:50:04,05:54:21,Drizzle
7375,2024-01-08,14.815792,120.283905,14.83874,120.284115,18:06:25,18:21:29,Dense Drizzle
7376,2024-12-03,14.825102,120.280518,14.824204,120.279782,16:11:10,16:14:23,Mostly Clear
7377,2024-06-14,14.827892,120.282534,14.764036,120.252728,19:59:09,20:49:23,Light Drizzle
7378,2024-03-04,14.823955,120.279589,14.8206,120.283649,16:02:33,16:07:27,Mostly Clear
7379,2024-08-30,14.82054,120.283519,14.84861,120.31459,17:28:03,17:50:08,Rain Showers
7380,2024-06-01,14.839241,120.283225,14.824357,120.289693,17:38:31,17:47:42,Cloudy
7381,2024-06-12,14.824136,120.279433,14.836284,120.286867,07:22:03,07:28:34,Heavy Rain
7382,2024-10-05,14.877654,120.231473,14.824986,120.28311,19:23:28,19:54:30,Cloudy
7383,2024-12-17,14.826665,120.272982,14.842363,120.287183,14:45:40,14:54:11,Clear
7384,2024-09-20,14.836909,120.278437,14.83933,120.284051,08:51:41,08:57:04,Partly Cloudy
7385,2024-09-23,14.821811,120.274353,14.842854,120.287373,13:35:26,13:47:44,Cloudy
7386,2024-06-29,14.849074,120.314306,14.826013,120.27208,08:01:48,08:33:55,Heavy Rain
7387,2024-10-25,14.817725,120.284031,14.849362,120.254781,17:11:16,17:35:17,Clear
7388,2024-05-14,14.849065,120.315581,14.828452,120.285604,22:08:50,22:22:36,Partly Cloudy
7389,2024-02-29,14.835574,120.282578,14.833036,120.285474,05:40:16,05:44:16,Fog
7390,2024-09-25,14.823803,120.300578,14.848806,120.254708,07:04:40,07:27:14,Light Rain
7391,2024-03-18,14.830634,120.288506,14.820271,120.284346,06:17:17,06:25:48,Partly Cloudy
7392,2024-09-08,14.828249,120.286158,14.764089,120.252514,07:01:18,07:46:05,Partly Cloudy
7393,2024-07-20,14.816051,120.282945,14.887587,120.237365,11:58:56,12:28:36,Heavy Rain
7394,2024-05-07,14.843298,120.28742,14.848111,120.25454,14:55:47,15:10:53,Mostly Clear
7395,2024-10-31,14.842946,120.287785,14.822834,120.282549,21:05:14,21:13:01,Partly Cloudy
7396,2024-09-14,14.877512,120.232581,14.829546,120.286836,09:43:05,10:17:07,Rain
7397,2024-04-01,14.887531,120.237562,14.821179,120.278702,15:49:21,16:16:15,Rain
7398,2024-05-30,14.835495,120.287547,14.819997,120.284131,07:13:56,07:24:18,Clear
7399,2024-02-25,14.82176,120.278829,14.835492,120.288566,17:23:53,17:36:53,Partly Cloudy
7400,2024-07-20,14.833088,120.281978,14.821066,120.282936,17:17:50,17:28:51,Drizzle
7401,2024-05-11,14.820144,120.284358,14.828297,120.286171,10:18:13,10:24:09,Clear
7402,2024-09-02,14.828261,120.294859,14.851786,120.255944,22:34:56,23:02:04,Light Rain
7403,2024-09-22,14.815826,120.283609,14.819571,120.28371,17:17:48,17:22:23,Mostly Clear
7404,2024-04-30,14.821762,120.273163,14.849399,120.264107,12:24:56,12:40:59,Clear
7405,2024-08-26,14.818958,120.284165,14.817477,120.284205,14:36:04,14:40:22,Partly Cloudy
7406,2024-01-07,14.820356,120.276766,14.829864,120.298327,06:43:48,06:55:44,Rain Showers
7407,2024-11-24,14.849227,120.264079,14.818225,120.284175,06:03:27,06:22:25,Clear
7408,2024-05-23,14.839336,120.283476,14.87727,120.234895,17:23:33,18:05:49,Partly Cloudy
7409,2024-01-09,14.764996,120.292523,14.824641,120.280306,19:21:36,19:50:01,Mostly Clear
7410,2024-07-03,14.824077,120.27919,14.825226,120.280282,08:31:41,08:35:32,Drizzle
7411,2024-05-28,14.820707,120.283278,14.824782,120.282993,08:27:30,08:32:12,Drizzle
7412,2024-11-09,14.839998,120.28415,14.848947,120.254571,17:30:33,17:53:58,Mostly Clear
7413,2024-03-30,14.824537,120.283188,14.849142,120.264163,19:07:50,19:37:13,Light Drizzle
7414,2024-01-06,14.887159,120.23682,14.83536,120.282276,14:26:10,14:47:37,Mostly Clear
7415,2024-03-09,14.841691,120.2828,14.839878,120.283418,06:38:15,06:42:21,Clear
7416,2024-06-03,14.83005,120.298947,14.821679,120.299194,11:14:57,11:20:03,Clear
7417,2024-01-30,14.82377,120.289917,14.822369,120.27242,07:24:17,07:34:19,Rain
7418,2024-08-28,14.820055,120.27654,14.823788,120.289028,08:22:01,08:32:14,Cloudy
7419,2024-09-09,14.817785,120.281438,14.822045,120.298124,18:19:37,18:32:11,Light Rain
7420,2024-02-03,14.764878,120.293601,14.824311,120.280518,05:42:32,06:17:16,Partly Cloudy
7421,2024-04-06,14.818242,120.280628,14.764747,120.253141,19:57:04,20:35:09,Partly Cloudy
7422,2024-09-22,14.815761,120.283711,14.826687,120.282553,17:49:08,17:57:57,Fog
7423,2024-08-28,14.821061,120.283622,14.837377,120.27866,14:29:52,14:41:08,Light Drizzle
7424,2024-10-04,14.839589,120.283841,14.818729,120.284415,19:02:11,19:13:37,Light Drizzle
7425,2024-04-02,14.840409,120.286977,14.87752,120.235123,07:14:43,07:44:37,Mostly Clear
7426,2024-06-18,14.882327,120.236683,14.815206,120.28325,06:35:52,07:38:05,Cloudy
7427,2024-05-12,14.822295,120.272439,14.843333,120.286378,14:18:39,14:32:57,Clear
7428,2024-01-16,14.805361,120.32246,14.84911,120.264775,17:26:08,18:19:52,Clear
7429,2024-11-13,14.840138,120.286657,14.837197,120.278497,20:47:58,20:53:03,Thunderstorm
7430,2024-01-30,14.828928,120.282485,14.815299,120.283366,21:19:58,21:28:42,Cloudy
7431,2024-01-04,14.84263,120.287447,14.873886,120.235684,13:09:16,13:32:10,Mostly Clear
7432,2024-06-27,14.848076,120.255046,14.82229,120.298427,06:36:47,07:03:15,Clear
7433,2024-01-25,14.82972,120.2872,14.838087,120.285331,12:43:47,12:48:13,Clear
7434,2024-08-29,14.82688,120.273191,14.843238,120.281562,17:53:29,18:11:47,Partly Cloudy
7435,2024-01-26,14.805793,120.322957,14.828019,120.294644,14:44:20,15:01:58,Partly Cloudy
7436,2024-02-17,14.836188,120.278355,14.822782,120.30162,08:19:04,08:34:42,Clear
7437,2024-02-15,14.873959,120.235703,14.851681,120.256535,20:07:55,20:19:53,Mostly Clear
7438,2024-03-19,14.818453,120.280754,14.818789,120.284061,06:05:33,06:09:41,Clear
7439,2024-10-11,14.851905,120.262842,14.877137,120.233548,09:50:50,10:10:59,Light Rain
7440,2024-11-25,14.822294,120.272826,14.837383,120.279204,13:02:12,13:08:36,Rain Showers
7441,2024-02-28,14.873022,120.235091,14.81905,120.283857,08:42:11,09:39:09,Clear
7442,2024-06-03,14.827893,120.286046,14.839871,120.284355,10:02:52,10:09:13,Clear
7443,2024-11-05,14.836164,120.289582,14.805458,120.323345,19:15:34,19:35:30,Clear
7444,2024-08-28,14.830015,120.289471,14.820938,120.274932,17:51:28,18:01:35,Drizzle
7445,2024-05-09,14.815663,120.283118,14.836835,120.278033,09:11:08,09:22:01,Clear
7446,2024-01-28,14.877429,120.233398,14.805634,120.322829,07:22:57,08:26:49,Mostly Clear
7447,2024-07-23,14.823671,120.279307,14.789223,120.282543,15:08:40,15:24:10,Partly Cloudy
7448,2024-07-04,14.82816,120.28633,14.818678,120.278211,06:51:08,07:04:23,Rime Fog
7449,2024-04-16,14.828725,120.281925,14.831035,120.289824,17:49:39,17:55:59,Clear
7450,2024-02-18,14.837622,120.267728,14.818679,120.279348,22:19:30,22:33:28,Cloudy
7451,2024-09-26,14.876386,120.232032,14.821409,120.272393,17:58:43,18:28:53,Clear
7452,2024-06-17,14.840192,120.28374,14.837791,120.285396,14:54:33,14:56:52,Clear
7453,2024-04-10,14.817933,120.281345,14.82254,120.302155,18:56:30,19:10:42,Cloudy
7454,2024-06-05,14.775544,120.308385,14.822765,120.301534,18:34:22,19:03:51,Partly Cloudy
7455,2024-07-04,14.843857,120.28556,14.829086,120.298884,08:51:22,09:05:51,Dense Drizzle
7456,2024-05-21,14.873624,120.234852,14.836769,120.283418,06:04:10,06:30:46,Cloudy
7457,2024-04-17,14.789494,120.281243,14.820995,120.283686,18:23:40,18:45:07,Cloudy
7458,2024-05-13,14.824538,120.279478,14.841702,120.28583,19:27:03,19:35:15,Clear
7459,2024-04-13,14.834654,120.287557,14.820805,120.275829,06:32:10,06:43:42,Partly Cloudy
7460,2024-01-06,14.819045,120.283977,14.776532,120.307771,15:01:07,15:18:52,Clear
7461,2024-06-11,14.818306,120.284073,14.824876,120.279899,18:51:50,19:00:46,Heavy Rain Showers
7462,2024-03-21,14.820858,120.273634,14.830772,120.273371,21:29:11,21:35:36,Partly Cloudy
7463,2024-08-28,14.828654,120.287314,14.817927,120.284672,08:06:19,08:17:07,Cloudy
7464,2024-05-04,14.823121,120.287372,14.877078,120.232439,05:51:47,06:25:49,Light Rain
7465,2024-07-24,14.837658,120.278912,14.835246,120.282755,18:01:58,18:07:18,Cloudy
7466,2024-06-03,14.824899,120.279649,14.822732,120.282834,06:54:15,06:58:37,Partly Cloudy
7467,2024-03-08,14.825928,120.28301,14.824103,120.301133,18:15:44,18:26:38,Clear
7468,2024-06-09,14.798376,120.272258,14.821355,120.274163,20:42:01,20:55:43,Light Drizzle
7469,2024-11-19,14.824934,120.28018,14.843009,120.281884,18:53:39,19:04:47,Mostly Clear
7470,2024-06-06,14.821723,120.278225,14.828517,120.294246,06:53:44,07:05:37,Light Drizzle
7471,2024-11-10,14.838948,120.284197,14.821105,120.27873,19:55:34,20:06:56,Mostly Clear
7472,2024-08-11,14.825666,120.281845,14.824894,120.280331,18:07:16,18:11:53,Clear
7473,2024-06-03,14.825284,120.281298,14.820492,120.276769,19:32:46,19:38:41,Cloudy
7474,2024-03-30,14.824486,120.279074,14.820944,120.276729,18:07:03,18:10:15,Fog
7475,2024-03-30,14.816178,120.283771,14.82488,120.279897,12:17:32,12:21:58,Drizzle
7476,2024-09-14,14.815877,120.28304,14.823904,120.289351,18:59:34,19:08:23,Cloudy
7477,2024-11-17,14.815729,120.283588,14.828981,120.287553,19:14:15,19:26:53,Cloudy
7478,2024-11-23,14.835898,120.29065,14.8825,120.236641,10:40:26,11:03:03,Partly Cloudy
7479,2024-09-13,14.764942,120.293996,14.828526,120.286908,16:20:01,16:41:00,Partly Cloudy
7480,2024-10-12,14.828892,120.281833,14.826542,120.283266,17:00:31,17:05:06,Cloudy
7481,2024-08-30,14.821702,120.27242,14.829116,120.287407,19:14:27,19:27:02,Clear
7482,2024-06-04,14.882246,120.23623,14.847427,120.254389,05:34:44,05:50:59,Mostly Clear
7483,2024-03-12,14.825229,120.276542,14.818899,120.277936,18:15:59,18:23:34,Partly Cloudy
7484,2024-01-27,14.849113,120.264553,14.828044,120.295293,08:25:05,08:53:26,Light Rain
7485,2024-09-16,14.877504,120.233192,14.822207,120.298489,06:40:10,07:33:45,Partly Cloudy
7486,2024-05-15,14.820501,120.283691,14.819957,120.284146,13:53:43,13:56:33,Light Rain
7487,2024-12-10,14.828555,120.284772,14.857021,120.290148,06:29:27,06:46:45,Drizzle
7488,2024-11-27,14.841878,120.283353,14.822839,120.30231,08:39:20,08:55:39,Light Rain
7489,2024-07-25,14.830989,120.289641,14.830898,120.289017,12:53:17,12:56:15,Rain
7490,2024-07-11,14.851966,120.256215,14.841647,120.287124,20:30:52,20:50:03,Cloudy
7491,2024-02-10,14.836699,120.282834,14.818833,120.283996,18:30:35,18:40:19,Clear
7492,2024-05-29,14.83054,120.289742,14.820997,120.283361,05:50:36,05:57:57,Drizzle
7493,2024-08-28,14.824397,120.288752,14.825461,120.281176,08:11:42,08:19:02,Clear
7494,2024-09-29,14.824244,120.279792,14.836847,120.283306,18:35:07,18:42:22,Clear
7495,2024-12-25,14.825025,120.281904,14.86837,120.292157,16:48:08,17:07:34,Clear
7496,2024-11-05,14.835169,120.288315,14.838078,120.285333,06:14:03,06:19:30,Mostly Clear
7497,2024-01-02,14.764643,120.293047,14.821444,120.279285,19:28:59,20:19:57,Light Drizzle
7498,2024-09-19,14.805891,120.322814,14.841713,120.286214,17:22:54,18:04:53,Cloudy
7499,2024-10-19,14.835903,120.281605,14.823028,120.301155,19:52:20,20:04:19,Rain Showers
7500,2024-09-27,14.882598,120.236259,14.817437,120.281633,06:26:19,07:25:45,Partly Cloudy
7501,2024-12-24,14.826214,120.283274,14.836437,120.282824,07:37:30,07:46:19,Clear
7502,2024-11-21,14.843299,120.286171,14.830578,120.273935,07:55:06,08:08:40,Clear
7503,2024-12-25,14.841393,120.286408,14.791671,120.29455,14:44:09,15:06:59,Mostly Clear
7504,2024-06-09,14.83695,120.278771,14.817843,120.284386,14:01:36,14:12:52,Mostly Clear
7505,2024-07-18,14.805913,120.32212,14.849452,120.265295,19:53:36,20:26:45,Mostly Clear
7506,2024-02-25,14.876871,120.23303,14.876868,120.231735,12:30:30,12:35:01,Clear
7507,2024-01-29,14.840962,120.286742,14.818797,120.284323,11:00:30,11:08:38,Partly Cloudy
7508,2024-01-20,14.877432,120.232379,14.887803,120.237576,11:23:58,11:29:53,Clear
7509,2024-04-20,14.815789,120.283651,14.867535,120.292559,20:34:11,20:57:15,Partly Cloudy
7510,2024-02-06,14.887547,120.237552,14.851592,120.256338,17:25:41,17:51:47,Light Drizzle
7511,2024-07-01,14.82874,120.286975,14.827642,120.285468,14:06:32,14:09:59,Cloudy
7512,2024-10-21,14.840235,120.283623,14.849246,120.264856,18:46:42,18:57:31,Light Rain
7513,2024-12-18,14.821444,120.274922,14.836199,120.290725,06:05:02,06:14:23,Clear
7514,2024-03-15,14.81514,120.283784,14.836252,120.290183,18:24:42,18:36:41,Clear
7515,2024-11-04,14.829089,120.286549,14.805728,120.32334,07:41:35,08:08:54,Light Drizzle
7516,2024-02-17,14.835808,120.283046,14.83746,120.283948,19:05:42,19:10:22,Drizzle
7517,2024-06-03,14.820724,120.283721,14.824362,120.280362,17:51:24,17:56:05,Light Rain
7518,2024-02-08,14.828861,120.2874,14.818886,120.278705,06:28:40,06:36:10,Cloudy
7519,2024-07-19,14.877071,120.232878,14.841496,120.286161,07:34:49,08:11:25,Partly Cloudy
7520,2024-10-27,14.838379,120.285539,14.817855,120.281114,19:29:19,19:42:58,Heavy Rain
7521,2024-03-06,14.820564,120.27653,14.805364,120.322731,08:43:15,09:20:45,Clear
7522,2024-03-25,14.877935,120.235782,14.821819,120.2982,20:55:41,21:37:02,Cloudy
7523,2024-09-30,14.877028,120.231888,14.764158,120.252661,19:08:44,20:07:51,Light Rain
7524,2024-10-09,14.776038,120.307995,14.820492,120.275162,17:38:13,18:04:31,Rain
7525,2024-03-07,14.828233,120.295569,14.823429,120.300967,18:45:02,18:50:41,Cloudy
7526,2024-05-28,14.805654,120.322853,14.835353,120.281991,07:09:47,07:43:26,Light Rain
7527,2024-03-10,14.83262,120.282696,14.836385,120.283098,18:51:05,18:55:30,Clear
7528,2024-12-21,14.830292,120.289564,14.849104,120.290254,18:32:58,18:50:53,Cloudy
7529,2024-06-27,14.826313,120.283072,14.824646,120.280444,05:52:19,05:56:18,Mostly Clear
7530,2024-11-01,14.842464,120.287384,14.827482,120.279918,08:50:46,09:00:33,Cloudy
7531,2024-07-09,14.822898,120.287196,14.820217,120.283568,08:12:55,08:16:18,Partly Cloudy
7532,2024-09-27,14.830392,120.274453,14.792098,120.294426,11:28:51,11:45:22,Light Rain
7533,2024-03-10,14.829246,120.287207,14.824068,120.279077,10:41:02,10:45:29,Partly Cloudy
7534,2024-04-09,14.821357,120.274749,14.824767,120.28308,07:12:11,07:18:23,Clear
7535,2024-10-10,14.823724,120.288648,14.824577,120.27763,06:51:48,07:00:08,Partly Cloudy
7536,2024-09-02,14.823521,120.289113,14.791977,120.295055,12:47:13,12:58:10,Light Rain
7537,2024-04-29,14.819361,120.278385,14.824873,120.279578,06:02:55,06:06:45,Light Rain
7538,2024-07-12,14.826221,120.273203,14.764336,120.292973,12:38:05,12:59:49,Light Drizzle
7539,2024-02-01,14.764662,120.252503,14.824437,120.279578,14:00:18,14:35:41,Partly Cloudy
7540,2024-11-02,14.820071,120.284054,14.887482,120.237574,18:40:36,19:26:54,Light Rain
7541,2024-02-01,14.823373,120.287096,14.820906,120.275549,17:27:50,17:34:15,Clear
7542,2024-03-02,14.83539,120.282619,14.824196,120.279736,08:02:15,08:10:17,Light Drizzle
7543,2024-07-13,14.818413,120.281231,14.840456,120.286827,22:00:26,22:11:54,Clear
7544,2024-10-17,14.806095,120.322266,14.764685,120.253044,17:02:56,17:35:36,Rain Showers
7545,2024-12-10,14.815478,120.283797,14.848953,120.254617,21:48:09,22:06:35,Clear
7546,2024-08-11,14.836137,120.28311,14.832608,120.286066,08:13:03,08:17:54,Partly Cloudy
7547,2024-06-15,14.819172,120.283454,14.792155,120.294461,18:20:26,18:35:32,Light Drizzle
7548,2024-09-20,14.829101,120.28696,14.823322,120.283089,08:42:07,08:47:31,Mostly Clear
7549,2024-12-20,14.82412,120.289235,14.856748,120.290024,06:15:02,06:33:02,Partly Cloudy
7550,2024-06-16,14.830446,120.274669,14.839233,120.28443,08:02:34,08:10:17,Mostly Clear
7551,2024-09-21,14.848208,120.254619,14.819185,120.279021,16:15:30,16:30:57,Light Rain
7552,2024-06-04,14.849363,120.291134,14.820739,120.283907,06:23:01,06:40:49,Mostly Clear
7553,2024-04-26,14.829148,120.286842,14.824436,120.28266,08:09:12,08:14:54,Mostly Clear
7554,2024-05-09,14.829014,120.28643,14.839029,120.283621,09:48:25,09:55:37,Mostly Clear
7555,2024-04-09,14.877318,120.232839,14.815852,120.283225,08:49:16,09:31:08,Partly Cloudy
7556,2024-02-28,14.837768,120.285623,14.776739,120.307965,05:25:43,05:59:33,Clear
7557,2024-02-25,14.825036,120.277271,14.825993,120.272654,08:08:21,08:12:45,Mostly Clear
7558,2024-07-24,14.835972,120.282017,14.792517,120.294812,18:04:33,18:23:50,Partly Cloudy
7559,2024-04-07,14.815409,120.283551,14.841213,120.286787,21:37:33,21:54:55,Mostly Clear
7560,2024-01-18,14.828749,120.287016,14.836438,120.290215,18:08:23,18:16:01,Mostly Clear
7561,2024-06-21,14.83665,120.289947,14.832373,120.285463,17:56:07,18:02:38,Heavy Rain
7562,2024-07-08,14.832269,120.285902,14.821155,120.274976,06:52:06,07:00:49,Light Drizzle
7563,2024-06-30,14.820423,120.284386,14.839831,120.286753,11:00:36,11:12:03,Light Rain
7564,2024-06-11,14.849918,120.264877,14.876932,120.23251,14:00:17,14:16:39,Light Rain
7565,2024-08-11,14.842357,120.287719,14.820423,120.276418,11:04:09,11:13:09,Light Rain
7566,2024-11-14,14.821182,120.27878,14.825046,120.283055,19:30:10,19:34:57,Fog
7567,2024-10-27,14.819889,120.278929,14.877508,120.235162,07:52:13,08:28:39,Clear
7568,2024-10-27,14.835263,120.282217,14.825421,120.277213,06:58:57,07:06:00,Partly Cloudy
7569,2024-08-16,14.83508,120.288339,14.877349,120.232426,07:59:32,08:29:30,Clear
7570,2024-09-05,14.819158,120.283567,14.822459,120.298284,19:58:01,20:09:49,Mostly Clear
7571,2024-05-05,14.821231,120.278556,14.839753,120.28371,06:14:09,06:28:48,Mostly Clear
7572,2024-09-30,14.826727,120.280307,14.825455,120.276879,22:49:30,22:51:48,Partly Cloudy
7573,2024-08-18,14.818134,120.281217,14.838572,120.285922,16:05:23,16:15:58,Cloudy
7574,2024-10-27,14.815769,120.283557,14.83628,120.283265,19:51:18,20:05:23,Light Rain
7575,2024-05-23,14.826769,120.28768,14.824268,120.280086,05:07:17,05:12:14,Partly Cloudy
7576,2024-10-20,14.82049,120.283456,14.815802,120.31646,21:19:33,21:32:39,Clear
7577,2024-05-19,14.856691,120.289978,14.819648,120.278857,11:44:56,12:04:12,Mostly Clear
7578,2024-04-05,14.815444,120.317014,14.839338,120.285784,05:22:15,05:41:51,Clear
7579,2024-04-07,14.84874,120.254948,14.877004,120.231448,07:59:40,08:20:20,Cloudy
7580,2024-03-16,14.820215,120.284326,14.824816,120.280747,17:57:43,18:01:26,Drizzle
7581,2024-01-11,14.82072,120.284404,14.820286,120.275877,18:00:46,18:07:39,Mostly Clear
7582,2024-08-14,14.8296,120.28745,14.841133,120.2829,19:19:32,19:26:39,Partly Cloudy
7583,2024-01-06,14.827032,120.281861,14.824854,120.282633,06:47:46,06:51:43,Partly Cloudy
7584,2024-02-23,14.820973,120.279162,14.817704,120.284187,06:05:52,06:11:12,Mostly Clear
7585,2024-11-27,14.848444,120.315369,14.840142,120.284874,06:00:21,06:18:13,Rain
7586,2024-07-28,14.805899,120.322755,14.824969,120.277586,08:30:21,08:56:32,Heavy Rain Showers
7587,2024-11-19,14.815592,120.284177,14.848852,120.254256,18:13:39,18:36:34,Light Drizzle
7588,2024-05-26,14.819226,120.278075,14.792282,120.294659,18:35:34,18:56:07,Clear
7589,2024-05-04,14.825064,120.277199,14.832895,120.285496,22:45:53,22:52:45,Mostly Clear
7590,2024-10-22,14.829254,120.286809,14.818385,120.281551,08:44:15,08:51:13,Drizzle
7591,2024-05-29,14.820845,120.283338,14.848985,120.254228,09:48:19,10:11:42,Drizzle
7592,2024-11-12,14.848104,120.253884,14.837687,120.278883,07:04:15,07:25:41,Violent Rain Showers
7593,2024-06-19,14.838923,120.283406,14.791978,120.293677,18:57:58,19:32:05,Partly Cloudy
7594,2024-01-12,14.836592,120.287189,14.821551,120.298747,17:35:09,17:53:10,Clear
7595,2024-10-02,14.776084,120.308138,14.841583,120.287119,19:41:20,20:14:51,Drizzle
7596,2024-02-22,14.82974,120.287434,14.825093,120.28057,21:05:56,21:10:46,Clear
7597,2024-08-29,14.839797,120.283652,14.819592,120.284209,10:07:53,10:18:45,Cloudy
7598,2024-09-01,14.819105,120.278439,14.839336,120.284414,06:21:09,06:38:09,Heavy Rain
7599,2024-08-14,14.832857,120.282054,14.82417,120.288943,18:24:34,18:32:26,Clear
7600,2024-08-31,14.81984,120.284498,14.823307,120.30129,14:54:38,15:04:49,Drizzle
7601,2024-09-25,14.82941,120.287305,14.838384,120.282656,05:40:20,05:45:56,Rain Showers
7602,2024-01-26,14.867666,120.29255,14.8187,120.283659,06:44:30,07:04:25,Mostly Clear
7603,2024-12-28,14.821141,120.278834,14.827553,120.281984,11:17:51,11:22:35,Clear
7604,2024-03-02,14.825103,120.280343,14.82081,120.28422,08:43:44,08:49:10,Mostly Clear
7605,2024-12-25,14.829527,120.299313,14.837988,120.285655,09:38:30,09:45:48,Clear
7606,2024-09-03,14.83618,120.283217,14.821276,120.27866,05:55:39,06:03:10,Cloudy
7607,2024-07-11,14.835417,120.2823,14.828959,120.287217,10:43:03,10:47:44,Rain
7608,2024-09-30,14.836336,120.285814,14.82066,120.275452,18:36:38,18:51:20,Clear
7609,2024-06-19,14.821662,120.298096,14.837832,120.279304,09:13:53,09:22:50,Thunderstorm with Hail
7610,2024-08-15,14.840945,120.287238,14.837826,120.278911,12:31:58,12:35:39,Light Rain
7611,2024-05-18,14.82554,120.280374,14.830339,120.274265,12:17:33,12:22:03,Mostly Clear
7612,2024-05-07,14.819045,120.284041,14.830484,120.289193,14:15:44,14:23:51,Partly Cloudy
7613,2024-08-14,14.851525,120.263425,14.826085,120.28297,07:17:15,07:35:11,Light Rain
7614,2024-02-18,14.848514,120.255321,14.81575,120.316709,19:21:33,19:51:46,Mostly Clear
7615,2024-01-27,14.835309,120.282068,14.823694,120.300601,18:08:33,18:19:37,Mostly Clear
7616,2024-02-01,14.824077,120.280098,14.823311,120.289354,21:01:00,21:07:47,Partly Cloudy
7617,2024-11-14,14.82497,120.281942,14.826471,120.273099,18:22:00,18:27:20,Clear
7618,2024-07-21,14.829299,120.286861,14.822639,120.301208,05:04:27,05:12:42,Light Drizzle
7619,2024-03-11,14.821286,120.278588,14.826956,120.287149,06:34:48,06:42:31,Clear
7620,2024-03-26,14.789946,120.282413,14.82107,120.276551,18:31:40,18:55:15,Mostly Clear
7621,2024-12-28,14.827287,120.282572,14.836678,120.289719,13:03:02,13:09:30,Clear
7622,2024-10-02,14.815602,120.283809,14.836363,120.290302,18:01:10,18:17:55,Dense Drizzle
7623,2024-01-11,14.829343,120.287427,14.764556,120.293551,08:29:48,09:05:35,Partly Cloudy
7624,2024-12-31,14.836428,120.278312,14.823578,120.30036,17:31:25,17:47:14,Partly Cloudy
7625,2024-08-26,14.838107,120.28548,14.849207,120.254613,18:50:41,19:07:40,Cloudy
7626,2024-07-03,14.819129,120.283991,14.771825,120.258004,19:39:07,20:30:06,Cloudy
7627,2024-10-05,14.877718,120.234987,14.764821,120.25341,15:22:01,16:22:33,Clear
7628,2024-10-31,14.826446,120.272259,14.887263,120.237373,07:46:48,08:34:02,Dense Drizzle
7629,2024-10-22,14.877267,120.23235,14.825134,120.277622,21:29:15,21:54:10,Thunderstorm
7630,2024-05-28,14.844026,120.285936,14.764926,120.292899,08:57:17,09:30:00,Heavy Rain
7631,2024-10-03,14.838139,120.278619,14.85142,120.263055,19:32:57,19:47:51,Light Drizzle
7632,2024-08-08,14.818582,120.281192,14.830171,120.274474,17:40:27,17:49:05,Thunderstorm with Hail
7633,2024-12-12,14.824292,120.279767,14.84333,120.286679,21:53:27,22:03:13,Cloudy
7634,2024-11-05,14.839644,120.284089,14.838111,120.285723,12:31:59,12:35:26,Light Rain
7635,2024-09-23,14.81568,120.283504,14.826442,120.283194,19:42:10,19:48:32,Light Rain
7636,2024-06-29,14.821153,120.272494,14.84881,120.255037,10:23:49,10:38:52,Heavy Rain
7637,2024-05-02,14.821965,120.272362,14.828538,120.284742,10:54:01,11:01:40,Fog
7638,2024-12-20,14.829002,120.28045,14.838931,120.284214,19:17:49,19:24:17,Partly Cloudy
7639,2024-05-13,14.805985,120.3234,14.819004,120.284091,07:50:59,08:12:05,Clear
7640,2024-12-29,14.878212,120.235362,14.825488,120.280327,17:36:08,18:05:36,Partly Cloudy
7641,2024-07-13,14.887858,120.237836,14.78966,120.282842,14:44:53,15:40:39,Thunderstorm
7642,2024-12-28,14.830923,120.289815,14.83739,120.267802,18:28:04,18:45:51,Clear
7643,2024-07-31,14.828944,120.287204,14.83732,120.27818,06:04:06,06:15:15,Partly Cloudy
7644,2024-12-19,14.843083,120.281997,14.832819,120.282195,08:41:51,08:49:22,Mostly Clear
7645,2024-11-18,14.824001,120.27969,14.839623,120.283528,22:37:58,22:45:36,Light Rain
7646,2024-07-30,14.815326,120.283518,14.821261,120.278788,18:05:52,18:11:24,Light Rain
7647,2024-01-10,14.882042,120.236113,14.836529,120.290196,08:09:38,08:44:41,Light Drizzle
7648,2024-08-10,14.81773,120.284048,14.842405,120.282186,20:38:52,20:48:35,Rain
7649,2024-11-28,14.829412,120.287114,14.820521,120.283481,15:29:48,15:36:13,Light Drizzle
7650,2024-11-06,14.825,120.27749,14.824248,120.282477,18:55:51,19:01:06,Mostly Clear
7651,2024-12-21,14.818148,120.284511,14.839443,120.285135,16:22:34,16:32:18,Partly Cloudy
7652,2024-04-20,14.789701,120.282112,14.819083,120.284453,18:13:02,18:29:44,Light Drizzle
7653,2024-08-16,14.82424,120.280014,14.85204,120.256632,17:49:49,18:09:23,Partly Cloudy
7654,2024-12-06,14.820717,120.276543,14.834896,120.281684,09:02:44,09:09:34,Rain
7655,2024-09-03,14.876446,120.232257,14.842689,120.287548,16:57:54,17:23:28,Partly Cloudy
7656,2024-02-24,14.82147,120.278836,14.837148,120.278342,20:09:53,20:18:00,Clear
7657,2024-07-15,14.827928,120.281775,14.826162,120.28284,16:20:22,16:23:04,Heavy Rain
7658,2024-10-12,14.837384,120.267727,14.828257,120.294674,06:44:18,06:58:31,Drizzle
7659,2024-04-18,14.828101,120.285665,14.839751,120.284279,08:12:06,08:19:52,Cloudy
7660,2024-06-14,14.887092,120.237419,14.823368,120.282891,13:50:46,14:23:31,Rain
7661,2024-03-08,14.85154,120.256317,14.848708,120.315302,06:34:47,07:12:48,Cloudy
7662,2024-12-31,14.821256,120.277838,14.839019,120.284674,20:42:48,20:51:18,Partly Cloudy
7663,2024-05-16,14.839485,120.283816,14.822521,120.287011,13:51:26,14:00:14,Rain Showers
7664,2024-05-06,14.823911,120.279348,14.776491,120.307968,10:40:49,10:59:43,Clear
7665,2024-09-25,14.872965,120.235358,14.820202,120.28432,07:51:14,08:29:18,Light Rain
7666,2024-08-06,14.827844,120.286366,14.829019,120.281991,06:59:48,07:03:59,Mostly Clear
7667,2024-03-22,14.827131,120.286872,14.805691,120.322742,08:42:05,09:12:44,Fog
7668,2024-03-20,14.843339,120.286876,14.841935,120.283462,17:11:52,17:15:14,Mostly Clear
7669,2024-10-25,14.836586,120.277859,14.823762,120.279354,12:44:32,12:53:36,Rain
7670,2024-08-14,14.824507,120.28966,14.876737,120.232938,06:36:17,07:11:28,Clear
7671,2024-07-03,14.842917,120.281456,14.81572,120.283446,15:42:56,15:58:26,Cloudy
7672,2024-08-25,14.831116,120.289149,14.828842,120.280137,14:24:32,14:28:47,Mostly Clear
7673,2024-12-04,14.82437,120.280532,14.849242,120.264843,09:45:52,10:00:04,Clear
7674,2024-06-06,14.824473,120.289452,14.818179,120.281833,08:13:44,08:21:09,Light Rain
7675,2024-03-26,14.833374,120.284889,14.857203,120.29038,07:19:13,07:38:00,Mostly Clear
7676,2024-03-21,14.828396,120.284576,14.83947,120.284451,19:11:27,19:17:22,Clear
7677,2024-04-18,14.835036,120.281838,14.829656,120.287293,22:29:35,22:36:21,Mostly Clear
7678,2024-10-23,14.789898,120.28171,14.829798,120.274181,14:31:11,14:55:22,Partly Cloudy
7679,2024-01-17,14.820062,120.276651,14.836264,120.283418,12:28:35,12:36:05,Mostly Clear
7680,2024-05-27,14.818211,120.281655,14.823774,120.279349,18:18:13,18:23:56,Mostly Clear
7681,2024-09-01,14.838757,120.282776,14.825271,120.280626,18:01:22,18:09:44,Light Rain
7682,2024-12-15,14.815931,120.316129,14.815581,120.284084,15:03:40,15:16:03,Clear
7683,2024-09-06,14.840779,120.287387,14.843677,120.285745,13:44:22,13:47:36,Cloudy
7684,2024-12-23,14.877734,120.235188,14.764223,120.253804,10:32:34,11:34:42,Partly Cloudy
7685,2024-08-16,14.822522,120.282891,14.829271,120.287221,14:32:41,14:38:56,Clear
7686,2024-11-07,14.849404,120.264781,14.841216,120.285993,08:10:43,08:26:13,Light Rain
7687,2024-12-11,14.815798,120.283288,14.887206,120.237621,15:00:00,15:28:10,Partly Cloudy
7688,2024-01-06,14.82651,120.273602,14.764585,120.292365,18:12:53,18:46:20,Mostly Clear
7689,2024-03-17,14.828203,120.282024,14.839535,120.284345,08:35:32,08:43:22,Mostly Clear
7690,2024-12-24,14.822572,120.301458,14.819076,120.278615,12:50:37,12:58:29,Clear
7691,2024-01-06,14.797862,120.27218,14.820917,120.271354,21:17:57,21:28:20,Partly Cloudy
7692,2024-11-01,14.827733,120.282442,14.823654,120.289625,21:03:32,21:09:12,Light Drizzle
7693,2024-09-28,14.828197,120.294678,14.823168,120.287423,18:48:17,18:54:56,Clear
7694,2024-02-01,14.85087,120.263299,14.818755,120.284313,06:19:46,06:41:55,Clear
7695,2024-02-11,14.887491,120.236989,14.824915,120.277637,19:07:55,19:42:51,Clear
7696,2024-12-12,14.848437,120.254431,14.820473,120.284748,06:22:24,06:46:06,Mostly Clear
7697,2024-03-23,14.826342,120.272841,14.824998,120.283092,15:18:42,15:24:57,Mostly Clear
7698,2024-02-03,14.820773,120.275586,14.82134,120.298588,07:34:23,07:49:09,Mostly Clear
7699,2024-06-03,14.817706,120.281663,14.87319,120.234976,18:31:11,19:03:48,Heavy Rain
7700,2024-09-07,14.82398,120.279771,14.839512,120.283295,19:12:33,19:27:54,Light Rain
7701,2024-12-24,14.829203,120.286695,14.789629,120.282095,07:36:16,07:56:39,Clear
7702,2024-11-27,14.824604,120.279274,14.876461,120.231483,06:17:06,07:06:51,Mostly Clear
7703,2024-03-04,14.841489,120.282626,14.824207,120.279219,08:50:15,09:00:27,Light Rain
7704,2024-11-02,14.841592,120.285931,14.84009,120.284941,13:05:45,13:08:43,Light Rain
7705,2024-01-31,14.824171,120.289165,14.827056,120.281459,20:39:31,20:45:27,Mostly Clear
7706,2024-02-21,14.837036,120.278246,14.819581,120.283739,16:16:37,16:24:49,Clear
7707,2024-12-08,14.888127,120.237717,14.841349,120.286458,13:16:46,13:50:12,Clear
7708,2024-02-10,14.823802,120.30085,14.828723,120.285104,07:16:52,07:29:18,Partly Cloudy
7709,2024-07-07,14.821501,120.271283,14.820144,120.275825,14:23:20,14:28:15,Clear
7710,2024-04-16,14.790406,120.281987,14.824183,120.300578,20:22:19,20:39:02,Cloudy
7711,2024-12-01,14.820163,120.283587,14.839608,120.284228,18:57:31,19:08:58,Partly Cloudy
7712,2024-10-19,14.826902,120.272446,14.824513,120.28045,06:48:14,06:55:52,Cloudy
7713,2024-06-05,14.849288,120.264113,14.823717,120.278964,08:51:32,09:10:01,Cloudy
7714,2024-03-13,14.821135,120.275318,14.829859,120.299093,15:51:53,16:02:28,Clear
7715,2024-10-09,14.817687,120.281664,14.873585,120.235249,19:59:50,20:33:07,Cloudy
7716,2024-12-05,14.83108,120.28883,14.842496,120.287658,07:30:20,07:37:04,Drizzle
7717,2024-06-05,14.820393,120.284378,14.824261,120.289528,17:04:57,17:11:20,Dense Drizzle
7718,2024-01-20,14.857024,120.290092,14.839582,120.284397,06:04:41,06:13:26,Partly Cloudy
7719,2024-12-25,14.876726,120.231648,14.820358,120.275806,17:48:36,18:22:22,Mostly Clear
7720,2024-12-13,14.772113,120.258554,14.822396,120.272455,18:52:24,19:38:52,Clear
7721,2024-08-11,14.829982,120.29842,14.848292,120.254729,17:50:22,18:20:34,Dense Drizzle
7722,2024-02-05,14.82025,120.276032,14.827768,120.29547,06:08:57,06:20:56,Clear
7723,2024-01-14,14.820336,120.276734,14.825017,120.281879,17:48:25,17:55:35,Cloudy
7724,2024-04-03,14.82392,120.290046,14.828365,120.280472,16:56:38,17:02:38,Clear
7725,2024-09-30,14.839479,120.283375,14.823336,120.289466,19:40:44,19:57:18,Light Drizzle
7726,2024-12-23,14.818014,120.280737,14.820394,120.28424,22:26:53,22:30:51,Cloudy
7727,2024-04-21,14.824487,120.289804,14.839653,120.284158,07:56:57,08:08:24,Clear
7728,2024-08-25,14.820679,120.284013,14.821071,120.275157,17:49:24,17:54:20,Cloudy
7729,2024-08-22,14.841531,120.286657,14.823907,120.278645,11:30:36,11:42:03,Drizzle
7730,2024-12-07,14.819414,120.284459,14.764406,120.253051,10:04:33,10:34:46,Fog
7731,2024-11-09,14.806009,120.322298,14.837798,120.283275,13:52:39,14:09:43,Dense Drizzle
7732,2024-12-30,14.817468,120.281302,14.820809,120.271341,22:40:37,22:45:21,Partly Cloudy
7733,2024-01-05,14.877081,120.23287,14.823838,120.279864,07:15:53,07:56:36,Mostly Clear
7734,2024-02-26,14.851613,120.262846,14.82448,120.279574,08:37:53,08:59:55,Fog
7735,2024-11-29,14.824356,120.279427,14.828814,120.28677,17:54:29,18:00:38,Cloudy
7736,2024-10-14,14.835083,120.28268,14.827046,120.279984,16:07:31,16:12:22,Drizzle
7737,2024-12-08,14.818446,120.281744,14.825114,120.280897,17:56:09,18:00:53,Clear
7738,2024-11-14,14.837632,120.267533,14.8399,120.28461,05:37:23,05:43:54,Rain
7739,2024-07-22,14.838118,120.285679,14.823942,120.289669,17:18:17,17:30:27,Heavy Rain Showers
7740,2024-07-13,14.820708,120.28343,14.835931,120.28324,12:05:12,12:13:57,Rain Showers
7741,2024-06-02,14.828741,120.28149,14.848687,120.254354,17:24:48,17:43:55,Cloudy
7742,2024-10-14,14.824541,120.280331,14.81823,120.280629,06:42:03,06:46:42,Partly Cloudy
7743,2024-06-01,14.827961,120.286171,14.805542,120.323367,07:22:47,07:50:11,Cloudy
7744,2024-05-14,14.819621,120.283528,14.82431,120.283313,18:50:35,18:53:27,Mostly Clear
7745,2024-03-08,14.887092,120.237394,14.824147,120.27949,19:55:43,20:33:02,Clear
7746,2024-01-30,14.830322,120.274514,14.821258,120.275533,06:12:01,06:18:16,Clear
7747,2024-07-09,14.825742,120.281927,14.822007,120.272198,20:01:21,20:06:57,Rain
7748,2024-03-20,14.829591,120.298365,14.824062,120.300628,19:53:05,19:59:31,Clear
7749,2024-02-27,14.839691,120.283398,14.826713,120.272354,22:48:11,23:00:22,Partly Cloudy
7750,2024-11-16,14.856675,120.289182,14.877758,120.234989,11:32:29,11:52:58,Cloudy
7751,2024-09-04,14.87774,120.233043,14.819297,120.283675,07:30:09,08:25:37,Clear
7752,2024-08-03,14.8428,120.286736,14.764471,120.253053,17:30:41,18:26:51,Clear
7753,2024-11-26,14.830435,120.273896,14.822821,120.283464,12:47:33,12:54:21,Cloudy
7754,2024-11-04,14.877389,120.235204,14.819641,120.283474,17:55:21,18:32:29,Drizzle
7755,2024-06-03,14.828098,120.281881,14.842917,120.281654,13:57:03,14:03:03,Partly Cloudy
7756,2024-11-10,14.824425,120.280123,14.820328,120.275675,18:30:11,18:34:00,Rain
7757,2024-06-16,14.818051,120.280738,14.825061,120.279538,10:18:19,10:22:05,Light Rain
7758,2024-03-16,14.823873,120.289792,14.825189,120.280984,07:29:23,07:35:49,Mostly Clear
7759,2024-05-23,14.822579,120.272385,14.828801,120.286063,19:10:35,19:18:49,Mostly Clear
7760,2024-01-01,14.829213,120.287207,14.827612,120.279847,08:34:17,08:40:10,Partly Cloudy
7761,2024-07-31,14.82528,120.279889,14.806173,120.322388,07:09:19,07:33:55,Clear
7762,2024-08-29,14.877244,120.231903,14.839241,120.284039,06:13:57,06:41:49,Cloudy
7763,2024-09-11,14.840486,120.286729,14.83875,120.283709,05:44:00,05:48:17,Heavy Rain
7764,2024-04-27,14.764733,120.252659,14.851911,120.257004,15:59:19,16:48:21,Fog
7765,2024-03-15,14.835461,120.287795,14.827489,120.281723,07:41:26,07:50:42,Light Rain
7766,2024-11-22,14.820167,120.276479,14.824788,120.283056,07:48:16,07:53:58,Heavy Rain
7767,2024-03-18,14.82053,120.284678,14.824014,120.289366,09:07:29,09:12:46,Rain
7768,2024-05-04,14.873574,120.23532,14.824866,120.283491,08:03:04,08:34:04,Clear
7769,2024-03-12,14.825294,120.282082,14.824392,120.289648,19:19:43,19:23:34,Partly Cloudy
7770,2024-03-12,14.829241,120.28678,14.841669,120.286621,06:26:02,06:34:41,Mostly Clear
7771,2024-02-20,14.838453,120.283373,14.823961,120.30078,19:10:03,19:25:01,Mostly Clear
7772,2024-05-03,14.877456,120.23506,14.826782,120.28747,19:06:52,19:52:43,Clear
7773,2024-06-15,14.822325,120.272684,14.82918,120.286575,19:52:13,20:02:07,Cloudy
7774,2024-04-19,14.841698,120.283086,14.825493,120.280548,06:16:28,06:25:48,Light Drizzle
7775,2024-12-04,14.829118,120.280063,14.82833,120.285663,09:36:14,09:41:09,Mostly Clear
7776,2024-09-17,14.839036,120.283091,14.83653,120.283677,18:16:46,18:19:58,Partly Cloudy
7777,2024-06-17,14.821253,120.278527,14.805729,120.322716,21:26:32,21:42:14,Cloudy
7778,2024-12-20,14.888186,120.237594,14.839414,120.283925,19:10:16,19:38:08,Mostly Clear
7779,2024-09-08,14.836743,120.283716,14.81923,120.284128,18:56:15,19:05:36,Clear
7780,2024-12-18,14.817576,120.284072,14.848119,120.25446,12:27:37,12:44:49,Clear
7781,2024-05-23,14.873865,120.236073,14.827541,120.282255,07:20:23,07:55:43,Clear
7782,2024-03-23,14.835441,120.286575,14.841167,120.287135,18:40:47,18:46:33,Clear
7783,2024-03-22,14.83653,120.277532,14.828335,120.282217,07:57:22,08:03:06,Mostly Clear
7784,2024-01-25,14.820446,120.276221,14.877332,120.234993,11:29:42,12:02:38,Mostly Clear
7785,2024-08-28,14.820635,120.282828,14.775647,120.308126,12:58:33,13:25:44,Mostly Clear
7786,2024-10-10,14.848736,120.254149,14.821714,120.273232,17:31:31,17:55:22,Cloudy
7787,2024-11-15,14.838006,120.285664,14.828724,120.285883,17:53:34,17:59:39,Light Drizzle
7788,2024-04-29,14.82517,120.277624,14.792179,120.294414,18:52:47,19:12:20,Clear
7789,2024-07-17,14.823731,120.289305,14.822469,120.301781,07:05:21,07:12:49,Mostly Clear
7790,2024-07-10,14.822803,120.272438,14.824891,120.283211,20:26:28,20:32:40,Heavy Rain
7791,2024-06-19,14.83794,120.285742,14.84868,120.29123,18:27:39,18:34:19,Partly Cloudy
7792,2024-09-02,14.835238,120.281923,14.815645,120.31678,18:49:58,19:16:26,Mostly Clear
7793,2024-03-23,14.819859,120.284923,14.878089,120.234652,11:40:47,12:06:17,Partly Cloudy
7794,2024-07-10,14.820549,120.284359,14.792041,120.294297,19:50:52,20:06:19,Cloudy
7795,2024-04-17,14.820846,120.27664,14.822645,120.301516,08:57:53,09:11:17,Clear
7796,2024-09-13,14.842505,120.288027,14.821271,120.275644,16:45:12,16:55:53,Cloudy
7797,2024-12-16,14.822321,120.272334,14.849351,120.26549,22:51:40,23:02:06,Clear
7798,2024-09-07,14.806087,120.322784,14.822128,120.298489,19:19:55,19:40:18,Partly Cloudy
7799,2024-12-05,14.828841,120.286873,14.837111,120.277494,16:55:12,17:01:46,Mostly Clear
7800,2024-11-06,14.832493,120.286256,14.856461,120.290443,06:23:24,06:39:29,Partly Cloudy
7801,2024-02-23,14.821602,120.273942,14.847744,120.25397,11:08:52,11:21:17,Fog
7802,2024-02-01,14.851007,120.256556,14.818398,120.284326,22:26:10,22:51:28,Cloudy
7803,2024-04-18,14.824206,120.280315,14.839697,120.284135,06:25:32,06:39:19,Clear
7804,2024-11-08,14.820447,120.275408,14.825171,120.282866,18:11:49,18:18:29,Dense Drizzle
7805,2024-06-12,14.823745,120.289548,14.833206,120.282245,12:50:58,12:58:30,Partly Cloudy
7806,2024-03-30,14.816215,120.283863,14.842795,120.287222,22:24:41,22:35:57,Mostly Clear
7807,2024-12-21,14.849125,120.265182,14.839478,120.28464,16:21:24,16:29:47,Light Rain
7808,2024-10-25,14.797622,120.271756,14.824847,120.280081,13:15:24,13:26:46,Light Rain
7809,2024-06-30,14.836254,120.283605,14.824846,120.279365,18:10:42,18:17:30,Rain Showers
7810,2024-02-20,14.838939,120.284269,14.77202,120.257646,11:35:55,12:14:19,Partly Cloudy
7811,2024-12-01,14.816036,120.284253,14.822825,120.283188,16:46:30,16:52:06,Drizzle
7812,2024-04-07,14.829094,120.287702,14.828322,120.295298,07:16:12,07:22:24,Cloudy
7813,2024-09-04,14.821022,120.274712,14.841273,120.28733,14:51:36,15:04:32,Partly Cloudy
7814,2024-02-10,14.771926,120.258467,14.828536,120.285962,16:03:14,16:35:55,Rime Fog
7815,2024-11-16,14.849222,120.264911,14.822683,120.272467,11:49:17,12:00:40,Mostly Clear
7816,2024-09-03,14.878047,120.235514,14.821486,120.273829,19:30:23,20:14:05,Partly Cloudy
7817,2024-11-22,14.820754,120.283782,14.822052,120.298767,19:40:37,19:50:04,Drizzle
7818,2024-08-19,14.838812,120.283159,14.820639,120.276552,11:49:11,11:57:31,Clear
7819,2024-01-13,14.820247,120.28441,14.819544,120.283354,18:56:48,19:00:02,Partly Cloudy
7820,2024-11-24,14.839926,120.285454,14.836369,120.283904,18:47:13,18:50:25,Drizzle
7821,2024-11-28,14.824026,120.289394,14.828741,120.281767,06:57:09,07:03:05,Cloudy
7822,2024-05-15,14.837343,120.28326,14.83935,120.284072,18:04:56,18:09:15,Light Rain
7823,2024-12-01,14.835168,120.281934,14.772319,120.258241,17:11:05,18:02:50,Clear
7824,2024-06-11,14.825421,120.280802,14.825438,120.280173,13:30:06,13:33:03,Light Drizzle
7825,2024-01-18,14.824353,120.280236,14.837938,120.267652,18:51:48,19:03:26,Mostly Clear
7826,2024-03-19,14.827231,120.280198,14.789524,120.281813,13:51:14,14:08:23,Partly Cloudy
7827,2024-05-07,14.833167,120.281644,14.828291,120.286068,07:14:38,07:18:51,Clear
7828,2024-05-25,14.765285,120.293118,14.841644,120.287156,05:49:43,06:23:25,Partly Cloudy
7829,2024-09-24,14.821818,120.298725,14.823056,120.287373,13:25:40,13:34:10,Partly Cloudy
7830,2024-12-30,14.820605,120.276625,14.820277,120.284153,08:14:50,08:20:55,Light Rain
7831,2024-03-31,14.830607,120.289166,14.824717,120.279898,11:59:39,12:05:23,Clear
7832,2024-01-04,14.817762,120.284128,14.776274,120.308404,20:00:46,20:23:10,Rime Fog
7833,2024-12-28,14.826723,120.283874,14.824016,120.280025,09:02:24,09:06:29,Drizzle
7834,2024-01-02,14.87685,120.232515,14.837366,120.283414,19:53:39,20:34:00,Rain
7835,2024-08-21,14.881495,120.235954,14.842686,120.287,08:19:23,08:50:26,Fog
7836,2024-09-11,14.849197,120.264687,14.839091,120.283624,06:19:11,06:34:21,Cloudy
7837,2024-12-02,14.820852,120.284548,14.824588,120.276964,08:40:10,08:44:55,Clear
7838,2024-08-19,14.832813,120.282478,14.838112,120.285705,18:26:04,18:32:35,Dense Drizzle
7839,2024-10-18,14.838259,120.285669,14.821933,120.298496,15:20:41,15:30:39,Clear
7840,2024-12-21,14.837263,120.283249,14.820468,120.284031,18:32:14,18:41:04,Mostly Clear
7841,2024-04-20,14.842985,120.287382,14.837813,120.268446,19:25:27,19:35:14,Mostly Clear
7842,2024-12-15,14.823907,120.278798,14.824469,120.289254,19:43:55,19:51:14,Partly Cloudy
7843,2024-10-20,14.820921,120.276739,14.838012,120.285679,05:51:29,06:00:54,Light Drizzle
7844,2024-09-11,14.836345,120.283088,14.876721,120.232254,20:17:38,20:41:57,Clear
7845,2024-12-29,14.820303,120.283873,14.817803,120.283961,10:03:31,10:06:15,Clear
7846,2024-12-17,14.839123,120.283488,14.828598,120.279981,07:02:17,07:10:12,Rime Fog
7847,2024-10-19,14.822278,120.283343,14.828652,120.281724,22:30:34,22:34:56,Partly Cloudy
7848,2024-08-11,14.815705,120.283707,14.829525,120.280801,12:07:08,12:16:59,Clear
7849,2024-09-07,14.877357,120.234964,14.8213,120.27169,19:08:04,19:47:02,Rain Showers
7850,2024-12-02,14.82518,120.277764,14.8513,120.255916,10:55:00,11:07:03,Clear
7851,2024-03-15,14.825077,120.282716,14.824269,120.279516,11:15:06,11:19:05,Mostly Clear
7852,2024-06-30,14.838478,120.285522,14.823873,120.279107,14:39:00,14:48:37,Thunderstorm
7853,2024-07-12,14.817434,120.280857,14.837443,120.279023,16:42:11,16:54:55,Light Rain
7854,2024-08-10,14.840611,120.286391,14.820029,120.283741,07:08:08,07:25:12,Light Rain
7855,2024-04-08,14.833166,120.285949,14.887269,120.237093,12:56:17,13:25:29,Cloudy
7856,2024-02-08,14.817991,120.281875,14.838689,120.283776,07:25:28,07:38:46,Clear
7857,2024-05-21,14.82772,120.279658,14.824998,120.280198,17:23:13,17:26:23,Heavy Rain Showers
7858,2024-06-08,14.820125,120.284124,14.7976,120.271719,10:45:46,10:57:50,Clear
7859,2024-09-14,14.851201,120.256283,14.838026,120.28577,11:54:36,12:09:45,Light Rain
7860,2024-12-18,14.836235,120.286494,14.832761,120.286263,17:56:45,18:01:02,Clear
7861,2024-05-19,14.825087,120.282011,14.82457,120.279468,14:13:10,14:17:04,Thunderstorm with Hail
7862,2024-05-15,14.776059,120.308671,14.827209,120.286882,21:36:29,21:54:07,Clear
7863,2024-08-07,14.765128,120.253295,14.830726,120.28938,11:19:43,11:46:15,Mostly Clear
7864,2024-05-13,14.838201,120.284859,14.826821,120.283654,18:27:19,18:37:59,Mostly Clear
7865,2024-04-16,14.825277,120.279581,14.82893,120.287082,10:30:10,10:36:07,Clear
7866,2024-10-07,14.824261,120.289759,14.826802,120.280328,12:34:38,12:41:47,Cloudy
7867,2024-01-15,14.820592,120.283739,14.842336,120.287775,22:04:57,22:17:06,Clear
7868,2024-10-04,14.8212,120.284185,14.831184,120.288976,19:53:50,19:59:41,Clear
7869,2024-12-26,14.828378,120.285655,14.836744,120.277705,06:12:38,06:19:10,Rime Fog
7870,2024-02-21,14.84915,120.264818,14.87698,120.232002,08:59:19,09:22:14,Mostly Clear
7871,2024-07-25,14.873114,120.235171,14.823112,120.300164,18:20:20,18:57:43,Cloudy
7872,2024-11-07,14.820104,120.284262,14.882327,120.23592,17:39:15,18:30:44,Partly Cloudy
7873,2024-03-11,14.776134,120.30789,14.797814,120.272121,19:53:19,20:22:49,Mostly Clear
7874,2024-11-19,14.828207,120.295145,14.848064,120.254589,19:50:30,20:13:05,Partly Cloudy
7875,2024-05-11,14.848187,120.254696,14.851854,120.25612,07:25:25,07:28:31,Clear
7876,2024-06-30,14.823954,120.289723,14.824799,120.280245,05:56:50,06:01:42,Rain Showers
7877,2024-03-21,14.829275,120.280864,14.81486,120.317032,09:11:22,09:33:14,Clear
7878,2024-08-20,14.827121,120.279889,14.849236,120.26483,17:25:50,17:40:39,Rime Fog
7879,2024-07-04,14.820014,120.284004,14.820681,120.284571,17:32:38,17:36:10,Fog
7880,2024-11-30,14.847696,120.254358,14.822711,120.272653,21:36:39,21:47:37,Mostly Clear
7881,2024-08-13,14.825375,120.281509,14.819376,120.284134,17:55:41,18:00:18,Dense Drizzle
7882,2024-12-10,14.824799,120.281674,14.81905,120.279112,10:26:26,10:31:47,Mostly Clear
7883,2024-12-02,14.825257,120.279525,14.856861,120.290533,12:59:51,13:12:40,Rain Showers
7884,2024-01-12,14.848847,120.315808,14.841367,120.286019,07:07:38,07:29:24,Partly Cloudy
7885,2024-04-22,14.824261,120.279557,14.838245,120.285296,07:57:54,08:09:52,Partly Cloudy
7886,2024-08-11,14.836045,120.286571,14.822387,120.297812,18:24:26,18:37:15,Clear
7887,2024-12-25,14.848955,120.255064,14.837023,120.277785,06:05:59,06:24:48,Dense Drizzle
7888,2024-09-04,14.840021,120.283874,14.764469,120.252839,19:17:40,19:58:26,Violent Rain Showers
7889,2024-12-27,14.829362,120.286895,14.873103,120.235059,17:06:17,18:09:01,Mostly Clear
7890,2024-04-14,14.829203,120.286976,14.815921,120.282948,06:04:53,06:11:16,Partly Cloudy
7891,2024-04-13,14.816364,120.283631,14.82166,120.278608,17:24:56,17:31:01,Mostly Clear
7892,2024-06-09,14.838469,120.283524,14.839328,120.284698,06:14:30,06:17:49,Light Rain
7893,2024-07-24,14.848968,120.26559,14.82649,120.272389,06:28:22,06:40:00,Mostly Clear
7894,2024-06-25,14.877093,120.232901,14.820653,120.275251,10:24:21,11:06:25,Light Rain
7895,2024-09-25,14.826793,120.279462,14.837292,120.267638,17:35:23,17:47:38,Cloudy
7896,2024-12-06,14.821533,120.298575,14.887755,120.237686,18:30:20,19:08:49,Clear
7897,2024-11-05,14.824395,120.279341,14.851154,120.256258,17:55:04,18:16:33,Partly Cloudy
7898,2024-04-15,14.840454,120.286511,14.821886,120.298548,07:44:14,07:54:48,Partly Cloudy
7899,2024-11-16,14.820373,120.276467,14.776189,120.307839,07:24:30,08:08:20,Partly Cloudy
7900,2024-08-29,14.81564,120.283428,14.822537,120.272731,20:13:46,20:22:52,Clear
7901,2024-09-28,14.820333,120.276773,14.838315,120.283243,08:33:37,08:45:38,Rain
7902,2024-05-24,14.887271,120.237435,14.836558,120.286106,20:42:25,21:11:53,Drizzle
7903,2024-06-20,14.840455,120.286709,14.826566,120.279461,11:27:57,11:38:29,Mostly Clear
7904,2024-07-30,14.820218,120.274889,14.805904,120.323214,07:56:52,08:23:19,Cloudy
7905,2024-03-03,14.877173,120.232044,14.821724,120.271754,17:02:41,17:40:51,Partly Cloudy
7906,2024-03-29,14.824336,120.289075,14.764455,120.252842,12:44:21,13:16:59,Thunderstorm with Hail
7907,2024-07-20,14.830459,120.273638,14.824641,120.276799,10:13:49,10:17:42,Dense Drizzle
7908,2024-11-06,14.873636,120.235041,14.817821,120.284576,08:50:55,09:38:55,Light Rain
7909,2024-02-03,14.822478,120.301985,14.819179,120.284445,06:08:04,06:20:59,Partly Cloudy
7910,2024-12-22,14.849037,120.290703,14.830404,120.288499,07:14:13,07:32:18,Light Drizzle
7911,2024-06-16,14.828328,120.281085,14.839083,120.284309,08:31:05,08:39:17,Cloudy
7912,2024-11-13,14.836129,120.286506,14.825847,120.283656,18:16:51,18:25:35,Cloudy
7913,2024-01-17,14.830516,120.288612,14.827516,120.287131,19:01:48,19:06:02,Dense Drizzle
7914,2024-03-17,14.839794,120.284491,14.849561,120.264699,20:10:38,20:19:36,Mostly Clear
7915,2024-04-03,14.815772,120.283747,14.837978,120.285431,10:32:55,10:46:34,Rain
7916,2024-05-05,14.828173,120.286297,14.830242,120.289972,06:35:38,06:40:09,Light Drizzle
7917,2024-12-30,14.820983,120.283599,14.873642,120.235268,05:20:06,05:54:51,Mostly Clear
7918,2024-10-21,14.850913,120.263072,14.818945,120.283393,06:30:02,06:51:04,Light Rain
7919,2024-07-22,14.847519,120.254147,14.836639,120.290199,22:54:34,23:13:32,Cloudy
7920,2024-02-19,14.823434,120.289724,14.851543,120.26322,07:22:53,07:45:10,Dense Drizzle
7921,2024-10-01,14.851775,120.26241,14.839449,120.283521,06:08:11,06:19:43,Rain
7922,2024-06-01,14.851325,120.262997,14.839324,120.283572,18:23:21,18:39:49,Dense Drizzle
7923,2024-02-03,14.823894,120.279163,14.82413,120.279173,06:40:55,06:44:05,Partly Cloudy
7924,2024-04-04,14.832579,120.286122,14.815461,120.283826,06:24:09,06:37:02,Mostly Clear
7925,2024-07-06,14.849347,120.254971,14.825258,120.281925,06:06:28,06:26:51,Light Drizzle
7926,2024-04-25,14.848964,120.25431,14.822526,120.283425,21:55:16,22:12:42,Fog
7927,2024-11-18,14.820797,120.284649,14.822719,120.301949,19:10:51,19:21:36,Light Rain
7928,2024-01-25,14.838419,120.284225,14.836626,120.278052,16:45:58,16:49:56,Partly Cloudy
7929,2024-12-22,14.83985,120.283368,14.83775,120.282878,19:15:12,19:20:25,Clear
7930,2024-03-02,14.80563,120.323367,14.775549,120.308341,17:26:40,17:43:13,Mostly Clear
7931,2024-04-10,14.839822,120.283464,14.838099,120.285706,17:57:49,18:01:12,Mostly Clear
7932,2024-03-30,14.837268,120.278629,14.827127,120.279968,20:22:41,20:28:25,Clear
7933,2024-01-18,14.764401,120.253129,14.819112,120.278611,19:03:59,19:34:41,Clear
7934,2024-10-15,14.839023,120.283916,14.825042,120.283508,18:06:52,18:20:11,Fog
7935,2024-06-11,14.828374,120.285338,14.833003,120.281888,07:02:12,07:07:47,Cloudy
7936,2024-05-19,14.841953,120.286578,14.868236,120.292142,19:15:14,19:26:32,Clear
7937,2024-11-30,14.84915,120.31571,14.817945,120.28101,07:32:15,08:09:40,Cloudy
7938,2024-06-20,14.842825,120.287135,14.836419,120.282559,19:17:34,19:24:01,Rime Fog
7939,2024-07-05,14.837615,120.277917,14.823116,120.287746,09:40:54,09:50:14,Clear
7940,2024-08-30,14.843076,120.281238,14.833052,120.282089,06:40:06,06:46:30,Light Rain
7941,2024-11-21,14.820714,120.283981,14.824232,120.279782,18:16:42,18:21:04,Light Drizzle
7942,2024-12-06,14.776523,120.307974,14.820787,120.283555,19:15:00,19:48:21,Cloudy
7943,2024-06-10,14.828817,120.286927,14.830522,120.289184,07:48:45,07:52:21,Light Drizzle
7944,2024-06-24,14.835368,120.287449,14.818417,120.281225,19:37:04,19:47:25,Heavy Rain
7945,2024-01-02,14.841945,120.28803,14.820927,120.283649,19:17:04,19:29:30,Partly Cloudy
7946,2024-09-08,14.818514,120.284144,14.820376,120.275218,18:53:45,18:59:29,Heavy Rain
7947,2024-06-09,14.823642,120.289086,14.78968,120.282257,21:44:23,22:06:01,Mostly Clear
7948,2024-05-12,14.837857,120.285002,14.819475,120.283473,18:00:16,18:10:19,Mostly Clear
7949,2024-06-19,14.830417,120.289621,14.826398,120.272699,09:21:26,09:30:57,Light Drizzle
7950,2024-08-25,14.837248,120.282783,14.836561,120.277924,14:49:31,14:52:36,Heavy Rain
7951,2024-07-20,14.820067,120.283371,14.825304,120.279958,19:41:09,19:46:39,Rain
7952,2024-06-14,14.877679,120.23512,14.821701,120.278325,18:26:05,19:14:01,Drizzle
7953,2024-07-31,14.836248,120.289936,14.856474,120.290569,12:36:09,12:45:48,Mostly Clear
7954,2024-06-11,14.84786,120.254407,14.84323,120.287016,07:37:00,07:55:50,Light Drizzle
7955,2024-02-13,14.839632,120.284891,14.822023,120.301494,18:12:34,18:23:39,Mostly Clear
7956,2024-04-21,14.849319,120.265271,14.798429,120.272302,15:10:52,15:31:27,Clear
7957,2024-08-16,14.764854,120.292982,14.821027,120.278608,19:05:03,19:46:04,Mostly Clear
7958,2024-06-11,14.841109,120.286994,14.823969,120.28033,07:35:48,07:46:01,Dense Drizzle
7959,2024-09-14,14.8211,120.283095,14.836326,120.28333,14:38:51,14:49:59,Heavy Rain
7960,2024-05-27,14.820976,120.272107,14.83578,120.283072,22:20:53,22:28:28,Clear
7961,2024-09-06,14.826677,120.287659,14.826999,120.280273,07:24:56,07:30:16,Partly Cloudy
7962,2024-03-25,14.825078,120.279926,14.839437,120.284334,07:30:07,07:38:29,Clear
7963,2024-10-29,14.820118,120.284262,14.841417,120.286299,08:31:51,08:43:58,Partly Cloudy
7964,2024-03-11,14.815984,120.283027,14.821128,120.271531,14:48:51,14:55:40,Clear
7965,2024-11-16,14.820207,120.278767,14.817355,120.280787,11:51:38,11:54:54,Mostly Clear
7966,2024-08-27,14.818422,120.28127,14.823615,120.30064,10:33:44,10:45:18,Partly Cloudy
7967,2024-09-05,14.764869,120.292893,14.836624,120.290787,05:39:16,06:14:19,Rain Showers
7968,2024-12-17,14.847831,120.253899,14.819035,120.278382,21:41:15,21:56:16,Mostly Clear
7969,2024-06-25,14.82059,120.283906,14.81853,120.278357,22:31:01,22:34:15,Partly Cloudy
7970,2024-12-04,14.835565,120.287566,14.823187,120.278772,06:04:36,06:12:59,Partly Cloudy
7971,2024-01-17,14.820557,120.275851,14.819408,120.284087,19:16:37,19:22:55,Mostly Clear
7972,2024-11-22,14.830402,120.289478,14.842796,120.287285,06:31:04,06:38:48,Cloudy
7973,2024-08-13,14.830904,120.289004,14.819292,120.283955,06:16:41,06:26:03,Partly Cloudy
7974,2024-06-27,14.824783,120.28061,14.818111,120.281085,08:37:19,08:43:21,Light Rain
7975,2024-04-13,14.84373,120.285956,14.839633,120.284066,08:27:07,08:30:56,Cloudy
7976,2024-08-23,14.856757,120.290124,14.820748,120.283307,15:23:39,15:44:28,Rain
7977,2024-03-12,14.820654,120.276517,14.825037,120.277464,06:41:03,06:44:02,Cloudy
7978,2024-07-18,14.842384,120.286945,14.868206,120.291716,18:36:23,18:53:12,Partly Cloudy
7979,2024-06-30,14.764769,120.29347,14.830797,120.289692,12:46:42,13:16:44,Heavy Rain
7980,2024-10-02,14.818335,120.281044,14.820682,120.278417,17:36:26,17:39:04,Mostly Clear
7981,2024-11-26,14.825344,120.282396,14.819975,120.283446,05:36:25,05:41:44,Light Drizzle
7982,2024-11-12,14.824771,120.28121,14.877526,120.235006,15:28:17,16:08:23,Clear
7983,2024-12-05,14.837357,120.278474,14.841692,120.286895,18:36:39,18:44:22,Partly Cloudy
7984,2024-02-03,14.764197,120.292869,14.842757,120.287377,12:20:48,12:56:07,Light Rain
7985,2024-08-20,14.820085,120.284328,14.830295,120.289727,07:18:36,07:27:59,Mostly Clear
7986,2024-03-21,14.819246,120.283532,14.851454,120.263916,21:49:46,22:06:05,Cloudy
7987,2024-11-21,14.877196,120.235307,14.836877,120.283509,11:18:07,11:40:40,Clear
7988,2024-06-30,14.822298,120.27249,14.819151,120.283979,22:34:25,22:40:15,Mostly Clear
7989,2024-12-26,14.818097,120.284557,14.881949,120.237127,22:33:07,23:09:04,Light Drizzle
7990,2024-10-28,14.848721,120.290203,14.820095,120.284092,06:28:14,06:44:59,Fog
7991,2024-12-24,14.82807,120.285281,14.764752,120.252717,07:29:50,08:01:09,Partly Cloudy
7992,2024-12-31,14.824978,120.277002,14.822982,120.300823,18:59:24,19:15:16,Mostly Clear
7993,2024-11-19,14.825097,120.280994,14.824321,120.27912,16:45:49,16:48:38,Fog
7994,2024-05-05,14.820653,120.284066,14.84056,120.286449,14:55:34,15:06:51,Clear
7995,2024-09-28,14.832885,120.282189,14.851169,120.255897,08:43:11,09:07:08,Clear
7996,2024-06-30,14.817899,120.281268,14.824964,120.277317,08:53:41,09:01:45,Cloudy
7997,2024-12-22,14.87304,120.235567,14.823345,120.300435,07:08:42,08:08:31,Light Drizzle
7998,2024-12-10,14.829417,120.298116,14.838297,120.27872,08:28:36,08:39:27,Fog
7999,2024-08-13,14.820541,120.276829,14.83829,120.282645,07:24:16,07:36:33,Cloudy
8000,2024-08-10,14.851464,120.256161,14.828765,120.287322,10:02:58,10:21:45,Partly Cloudy
8001,2024-05-10,14.828293,120.286,14.821441,120.278812,17:27:18,17:33:12,Light Rain
8002,2024-07-28,14.822108,120.29847,14.851626,120.256387,21:00:16,21:29:06,Drizzle
8003,2024-02-09,14.829068,120.280576,14.840452,120.286647,18:00:32,18:07:50,Clear
8004,2024-07-06,14.837546,120.278744,14.842077,120.28644,11:01:23,11:06:03,Fog
8005,2024-08-31,14.839753,120.282756,14.835132,120.282722,09:29:41,09:32:18,Clear
8006,2024-09-22,14.820532,120.276127,14.824883,120.283285,08:44:40,08:50:02,Drizzle
8007,2024-04-27,14.87763,120.234978,14.824927,120.280219,17:55:25,18:48:16,Mostly Clear
8008,2024-12-12,14.829689,120.298655,14.842785,120.287196,12:49:50,12:58:39,Dense Drizzle
8009,2024-05-11,14.837745,120.278158,14.805869,120.32209,16:09:47,16:33:47,Light Rain
8010,2024-07-25,14.828997,120.28032,14.849742,120.265104,17:56:15,18:09:13,Clear
8011,2024-06-06,14.877376,120.231562,14.842888,120.287357,18:37:56,19:17:23,Mostly Clear
8012,2024-11-20,14.842607,120.286874,14.821322,120.275315,13:33:52,13:45:41,Partly Cloudy
8013,2024-03-30,14.836758,120.277938,14.818151,120.284378,14:39:09,14:48:35,Partly Cloudy
8014,2024-08-13,14.789754,120.281823,14.839355,120.284695,17:02:14,17:24:57,Mostly Clear
8015,2024-01-18,14.832288,120.282313,14.820886,120.275482,17:47:26,17:56:45,Clear
8016,2024-09-06,14.829486,120.287223,14.842293,120.287434,07:18:13,07:26:45,Light Rain
8017,2024-08-08,14.815677,120.283136,14.821226,120.279458,18:37:54,18:45:01,Light Rain
8018,2024-10-31,14.836288,120.278028,14.792276,120.29406,20:15:46,20:34:21,Cloudy
8019,2024-04-14,14.824236,120.280286,14.837526,120.268149,19:20:03,19:33:17,Mostly Clear
8020,2024-11-19,14.835655,120.282273,14.828242,120.294145,08:55:32,09:04:05,Partly Cloudy
8021,2024-02-28,14.820296,120.283675,14.836199,120.283574,17:19:13,17:32:05,Partly Cloudy
8022,2024-01-23,14.820631,120.27495,14.874112,120.235635,08:41:56,09:23:22,Partly Cloudy
8023,2024-07-21,14.818181,120.281332,14.822221,120.272259,17:48:39,17:57:04,Partly Cloudy
8024,2024-10-26,14.822259,120.272517,14.821071,120.275359,11:05:43,11:09:53,Light Rain
8025,2024-04-05,14.842783,120.286894,14.830782,120.288822,11:12:28,11:20:37,Partly Cloudy
8026,2024-09-21,14.832771,120.282097,14.839943,120.284922,14:33:54,14:37:56,Partly Cloudy
8027,2024-09-04,14.823649,120.300579,14.838393,120.282978,11:43:12,11:52:41,Partly Cloudy
8028,2024-06-21,14.824326,120.279823,14.830178,120.289009,08:53:25,09:01:20,Partly Cloudy
8029,2024-07-16,14.821241,120.275773,14.82759,120.281731,20:22:25,20:27:17,Light Rain
8030,2024-05-03,14.822939,120.30156,14.835956,120.283253,19:58:55,20:09:55,Clear
8031,2024-02-07,14.832867,120.282476,14.851273,120.263604,11:20:37,11:32:36,Clear
8032,2024-09-01,14.832962,120.282193,14.820785,120.283157,12:22:28,12:29:04,Cloudy
8033,2024-08-31,14.824082,120.289546,14.839347,120.283858,14:23:30,14:31:10,Partly Cloudy
8034,2024-08-29,14.87706,120.233279,14.822301,120.30216,08:29:00,09:05:30,Cloudy
8035,2024-07-04,14.837373,120.267593,14.824293,120.279756,22:55:14,23:02:50,Violent Rain Showers
8036,2024-04-17,14.833207,120.28601,14.839107,120.284305,18:12:40,18:17:43,Mostly Clear
8037,2024-10-11,14.828805,120.281732,14.829353,120.280401,16:32:44,16:36:44,Mostly Clear
8038,2024-10-01,14.822735,120.301817,14.823449,120.279,16:44:48,16:52:34,Thunderstorm
8039,2024-12-21,14.837116,120.268293,14.819926,120.284497,11:45:20,11:58:07,Mostly Clear
8040,2024-07-03,14.83814,120.283491,14.877561,120.234507,19:43:05,20:14:38,Partly Cloudy
8041,2024-01-28,14.877324,120.233093,14.820592,120.275714,05:24:33,05:48:47,Mostly Clear
8042,2024-06-02,14.876794,120.232369,14.8407,120.28665,06:40:55,07:07:59,Drizzle
8043,2024-02-14,14.832885,120.285075,14.887014,120.237958,07:42:39,08:29:22,Partly Cloudy
8044,2024-01-09,14.829284,120.28686,14.825055,120.276873,06:51:21,06:58:31,Clear
8045,2024-06-28,14.848971,120.253931,14.83581,120.283151,05:40:09,05:51:45,Partly Cloudy
8046,2024-04-05,14.805796,120.322515,14.836292,120.286688,19:31:40,19:53:17,Partly Cloudy
8047,2024-09-28,14.806162,120.323339,14.827026,120.287208,19:31:29,19:54:19,Light Rain
8048,2024-05-07,14.876815,120.233116,14.829068,120.280419,07:49:12,08:18:27,Clear
8049,2024-08-09,14.824459,120.289446,14.842936,120.28778,22:18:54,22:31:08,Thunderstorm
8050,2024-07-10,14.789669,120.281745,14.835541,120.287923,21:43:54,22:09:53,Heavy Rain
8051,2024-05-02,14.830572,120.288539,14.842154,120.28781,15:19:31,15:26:02,Cloudy
8052,2024-04-07,14.820385,120.276597,14.828606,120.280734,07:09:29,07:17:28,Cloudy
8053,2024-11-12,14.797334,120.271969,14.827787,120.287068,10:50:55,11:07:22,Cloudy
8054,2024-01-31,14.848043,120.254596,14.848855,120.290368,06:00:25,06:19:58,Partly Cloudy
8055,2024-02-02,14.818893,120.278999,14.824663,120.28042,19:26:48,19:32:22,Cloudy
8056,2024-12-27,14.842139,120.287747,14.84896,120.255007,17:47:26,18:15:08,Partly Cloudy
8057,2024-01-20,14.827704,120.295386,14.827076,120.272853,17:46:25,18:02:39,Clear
8058,2024-04-16,14.82621,120.272511,14.821882,120.298764,19:37:50,19:52:02,Partly Cloudy
8059,2024-11-29,14.835273,120.287863,14.776057,120.307941,08:00:22,08:38:20,Violent Rain Showers
8060,2024-01-15,14.83311,120.282627,14.847977,120.2546,18:56:30,19:19:42,Clear
8061,2024-10-12,14.877259,120.233212,14.839429,120.283992,08:18:07,08:59:14,Rain
8062,2024-04-07,14.851322,120.262485,14.827926,120.281495,08:45:14,09:03:19,Clear
8063,2024-10-12,14.764627,120.29358,14.851419,120.25555,18:20:22,19:05:34,Thunderstorm
8064,2024-05-11,14.824515,120.279517,14.820668,120.283928,19:45:24,19:50:35,Mostly Clear
8065,2024-03-20,14.805938,120.323352,14.838533,120.28466,13:07:01,13:34:40,Clear
8066,2024-09-24,14.824202,120.279979,14.824735,120.283529,18:40:07,18:45:02,Drizzle
8067,2024-04-14,14.849301,120.31476,14.821776,120.273962,09:39:24,09:59:42,Fog
8068,2024-01-07,14.832548,120.284809,14.838186,120.285916,10:49:08,10:53:33,Cloudy
8069,2024-02-06,14.821769,120.271672,14.824466,120.279278,10:32:52,10:37:15,Clear
8070,2024-01-02,14.825075,120.282543,14.848925,120.291194,17:27:52,17:44:52,Partly Cloudy
8071,2024-05-09,14.776614,120.308125,14.819895,120.284641,13:01:30,13:19:33,Heavy Rain
8072,2024-10-07,14.842617,120.282015,14.806451,120.322885,07:00:11,07:38:28,Clear
8073,2024-01-29,14.82021,120.283553,14.836267,120.286526,17:00:42,17:13:58,Partly Cloudy
8074,2024-02-21,14.819917,120.279376,14.827049,120.272889,17:07:51,17:13:25,Partly Cloudy
8075,2024-09-06,14.820364,120.283852,14.8175,120.284182,12:45:13,12:48:24,Partly Cloudy
8076,2024-11-09,14.824833,120.282189,14.7722,120.258257,09:55:58,10:19:08,Cloudy
8077,2024-07-13,14.867928,120.291571,14.824786,120.282967,08:10:11,08:37:32,Drizzle
8078,2024-06-11,14.877649,120.235221,14.821132,120.271765,17:24:02,18:13:35,Rain
8079,2024-12-15,14.828208,120.294546,14.827443,120.279514,08:12:42,08:23:21,Partly Cloudy
8080,2024-10-25,14.832864,120.285272,14.839543,120.284198,22:24:45,22:30:05,Light Rain
8081,2024-02-19,14.877409,120.235136,14.827877,120.286488,11:46:12,12:10:05,Heavy Rain Showers
8082,2024-06-29,14.823614,120.287291,14.822899,120.301574,21:23:58,21:32:36,Cloudy
8083,2024-03-24,14.821219,120.279117,14.887271,120.237578,13:54:01,14:19:53,Mostly Clear
8084,2024-10-10,14.824087,120.28876,14.816332,120.283095,06:51:23,06:59:59,Heavy Rain
8085,2024-12-28,14.820777,120.284274,14.839732,120.285025,05:12:26,05:22:35,Cloudy
8086,2024-07-29,14.81771,120.283982,14.815438,120.316416,20:12:04,20:23:17,Rime Fog
8087,2024-12-21,14.792044,120.293853,14.832845,120.282182,22:19:36,22:37:12,Cloudy
8088,2024-10-04,14.877082,120.232316,14.817991,120.283572,18:50:11,19:32:09,Clear
8089,2024-03-20,14.836679,120.289854,14.841934,120.283042,17:19:11,17:24:24,Mostly Clear
8090,2024-03-07,14.83952,120.283481,14.816141,120.283294,06:47:46,07:04:25,Partly Cloudy
8091,2024-03-01,14.873757,120.234601,14.823925,120.289377,09:52:19,10:31:02,Cloudy
8092,2024-05-05,14.829541,120.286549,14.789537,120.282293,08:05:56,08:37:08,Partly Cloudy
8093,2024-04-27,14.821356,120.275272,14.830621,120.288391,16:14:39,16:21:17,Drizzle
8094,2024-06-21,14.826211,120.272372,14.841249,120.286435,19:56:33,20:08:30,Dense Drizzle
8095,2024-10-28,14.83964,120.284211,14.820825,120.278704,17:49:38,18:06:32,Thunderstorm
8096,2024-02-17,14.840468,120.286698,14.877575,120.233361,14:33:21,15:12:01,Clear
8097,2024-06-18,14.82361,120.278384,14.842697,120.281302,17:23:27,17:38:35,Light Rain
8098,2024-02-08,14.831475,120.288789,14.828198,120.2954,07:58:35,08:03:08,Partly Cloudy
8099,2024-09-14,14.82663,120.272168,14.821009,120.27801,19:57:54,20:03:56,Partly Cloudy
8100,2024-10-15,14.825183,120.280237,14.868127,120.292229,10:06:43,10:22:03,Mostly Clear
8101,2024-08-02,14.819114,120.283786,14.829121,120.28717,11:26:58,11:32:14,Mostly Clear
8102,2024-01-21,14.823682,120.279659,14.833026,120.282187,10:59:11,11:04:19,Partly Cloudy
8103,2024-03-22,14.824964,120.280472,14.848249,120.254445,10:43:20,11:01:45,Mostly Clear
8104,2024-12-06,14.776417,120.307121,14.83044,120.273876,18:03:01,18:41:48,Mostly Clear
8105,2024-09-09,14.839451,120.283633,14.819251,120.284171,19:40:28,19:54:04,Rain
8106,2024-08-11,14.837357,120.278615,14.843482,120.286025,09:46:22,09:52:34,Mostly Clear
8107,2024-01-22,14.823563,120.287207,14.837207,120.268279,17:17:29,17:29:07,Light Drizzle
8108,2024-03-03,14.820512,120.275505,14.829291,120.299108,07:56:40,08:10:02,Partly Cloudy
8109,2024-01-07,14.867962,120.292588,14.820074,120.284216,08:51:43,09:23:53,Mostly Clear
8110,2024-06-25,14.829023,120.280655,14.817728,120.284119,19:57:49,20:04:47,Heavy Rain Showers
8111,2024-09-15,14.841266,120.283136,14.791929,120.294694,20:14:00,20:45:19,Drizzle
8112,2024-10-11,14.835265,120.28781,14.877023,120.231898,07:51:07,08:27:36,Drizzle
8113,2024-11-21,14.818108,120.281749,14.84845,120.254258,22:48:51,23:07:39,Light Rain
8114,2024-05-17,14.828245,120.285515,14.826475,120.272666,05:16:00,05:23:24,Clear
8115,2024-07-26,14.838731,120.284214,14.849101,120.264568,22:46:59,22:59:44,Heavy Rain
8116,2024-02-10,14.82297,120.287366,14.841861,120.282519,20:22:30,20:34:49,Clear
8117,2024-02-16,14.820884,120.283986,14.82479,120.282735,17:26:12,17:31:22,Mostly Clear
8118,2024-09-11,14.836782,120.289949,14.848307,120.254786,17:34:47,17:59:33,Cloudy
8119,2024-07-16,14.817267,120.281285,14.840584,120.287098,19:14:38,19:25:37,Cloudy
8120,2024-03-03,14.838015,120.26791,14.820629,120.275671,18:55:57,19:07:01,Cloudy
8121,2024-12-16,14.828753,120.287159,14.819319,120.284414,06:41:54,06:51:28,Mostly Clear
8122,2024-07-29,14.819315,120.284112,14.823499,120.287866,19:53:49,19:58:55,Light Rain
8123,2024-10-25,14.833155,120.282362,14.837155,120.267907,17:20:16,17:30:13,Dense Drizzle
8124,2024-01-31,14.775968,120.307416,14.823506,120.300397,17:22:25,18:02:17,Partly Cloudy
8125,2024-11-29,14.877085,120.231943,14.828167,120.285758,09:56:45,10:40:25,Cloudy
8126,2024-07-19,14.823764,120.300761,14.876888,120.231115,06:24:16,07:00:46,Cloudy
8127,2024-08-28,14.839101,120.285195,14.83712,120.289998,16:11:47,16:14:32,Clear
8128,2024-03-02,14.815974,120.284103,14.837003,120.267354,19:25:30,19:38:27,Light Drizzle
8129,2024-04-14,14.81589,120.283235,14.824506,120.280677,19:23:10,19:31:15,Clear
8130,2024-07-05,14.835961,120.286479,14.820673,120.275799,18:59:14,19:13:19,Mostly Clear
8131,2024-03-16,14.838203,120.286321,14.849058,120.291051,13:40:55,13:49:17,Light Rain
8132,2024-02-14,14.764846,120.293273,14.820165,120.275523,20:19:46,20:42:16,Clear
8133,2024-04-28,14.820453,120.275817,14.83059,120.289103,06:48:30,07:01:09,Partly Cloudy
8134,2024-06-17,14.821693,120.283809,14.82705,120.279981,20:59:14,21:03:23,Fog
8135,2024-11-16,14.823356,120.282861,14.877867,120.234757,12:08:27,12:32:58,Clear
8136,2024-05-10,14.790391,120.28172,14.856823,120.290011,13:45:12,14:21:43,Partly Cloudy
8137,2024-03-21,14.821137,120.274166,14.82434,120.279876,10:56:59,11:01:39,Cloudy
8138,2024-11-26,14.833144,120.285107,14.839591,120.285918,06:00:44,06:07:44,Fog
8139,2024-07-21,14.837801,120.279544,14.797768,120.271885,16:58:21,17:17:06,Cloudy
8140,2024-12-24,14.84223,120.287676,14.835779,120.28148,07:59:17,08:06:47,Partly Cloudy
8141,2024-10-06,14.824941,120.277278,14.815499,120.31667,18:04:11,18:27:33,Dense Drizzle
8142,2024-09-10,14.830191,120.298985,14.776095,120.307653,15:27:02,15:46:32,Light Rain
8143,2024-06-01,14.876755,120.232199,14.829226,120.28712,18:18:24,18:50:40,Partly Cloudy
8144,2024-10-28,14.819712,120.284508,14.830424,120.273819,17:11:50,17:22:55,Light Drizzle
8145,2024-05-25,14.826809,120.287917,14.824365,120.289861,14:27:05,14:29:25,Clear
8146,2024-10-27,14.837376,120.268093,14.824,120.279036,15:24:16,15:32:55,Rain
8147,2024-03-09,14.821246,120.275258,14.820565,120.283221,06:48:35,06:55:46,Partly Cloudy
8148,2024-11-11,14.842729,120.287171,14.815353,120.284083,19:49:20,20:03:13,Rain
8149,2024-07-16,14.877524,120.232796,14.818614,120.283997,10:13:16,10:45:39,Rime Fog
8150,2024-06-04,14.806046,120.322967,14.839661,120.2852,17:43:04,18:16:05,Rain
8151,2024-05-16,14.829267,120.287016,14.839756,120.285051,07:58:03,08:04:54,Clear
8152,2024-10-13,14.825245,120.277226,14.841696,120.286251,18:03:34,18:16:23,Cloudy
8153,2024-08-29,14.835188,120.287881,14.836306,120.290298,07:26:58,07:31:13,Partly Cloudy
8154,2024-08-20,14.824674,120.28035,14.822713,120.272043,19:55:20,20:01:15,Dense Drizzle
8155,2024-05-14,14.877539,120.234941,14.821383,120.283594,20:36:14,21:05:03,Partly Cloudy
8156,2024-11-22,14.827807,120.285004,14.82046,120.283488,08:19:28,08:25:02,Light Rain
8157,2024-07-25,14.821563,120.275427,14.823851,120.279107,06:17:43,06:23:15,Light Drizzle
8158,2024-02-25,14.818723,120.284012,14.823103,120.287295,13:01:34,13:06:50,Partly Cloudy
8159,2024-02-10,14.826418,120.279828,14.843234,120.285358,21:16:01,21:23:49,Rain
8160,2024-01-30,14.817988,120.280991,14.764485,120.253004,19:11:58,19:54:42,Partly Cloudy
8161,2024-08-26,14.82874,120.28779,14.819114,120.284028,07:59:56,08:05:52,Light Rain
8162,2024-11-25,14.877704,120.233057,14.828859,120.280171,07:47:53,08:29:24,Clear
8163,2024-08-02,14.83339,120.285198,14.835335,120.287777,19:00:25,19:05:38,Partly Cloudy
8164,2024-08-17,14.839705,120.285082,14.820293,120.285006,11:55:17,12:04:24,Drizzle
8165,2024-09-05,14.843374,120.286082,14.820015,120.28429,20:08:14,20:18:28,Mostly Clear
8166,2024-07-26,14.877568,120.235544,14.840926,120.28689,09:07:53,09:30:05,Mostly Clear
8167,2024-11-13,14.851521,120.26345,14.82056,120.284549,10:50:06,11:09:27,Thunderstorm
8168,2024-07-03,14.848355,120.254726,14.848533,120.314677,11:42:07,12:07:50,Partly Cloudy
8169,2024-03-04,14.843191,120.286993,14.82399,120.289176,17:21:36,17:41:28,Partly Cloudy
8170,2024-01-03,14.873693,120.235206,14.819543,120.284057,07:27:55,08:15:24,Partly Cloudy
8171,2024-08-31,14.849671,120.265264,14.820148,120.284412,10:52:19,11:09:02,Partly Cloudy
8172,2024-09-04,14.833047,120.282067,14.819173,120.278912,10:39:02,10:46:12,Mostly Clear
8173,2024-08-21,14.818558,120.278254,14.842058,120.287311,11:43:01,11:55:12,Drizzle
8174,2024-01-20,14.828662,120.282245,14.833027,120.282097,15:31:44,15:36:29,Cloudy
8175,2024-12-16,14.838448,120.283389,14.825205,120.280206,18:36:26,18:47:37,Fog
8176,2024-04-14,14.821911,120.271477,14.819276,120.284181,11:09:52,11:16:42,Clear
8177,2024-04-29,14.81624,120.283974,14.826963,120.28739,18:23:53,18:33:30,Clear
8178,2024-02-13,14.849118,120.291122,14.836284,120.283259,06:35:28,06:48:55,Fog
8179,2024-09-01,14.824055,120.289242,14.816086,120.283143,06:23:05,06:30:35,Dense Drizzle
8180,2024-03-22,14.826044,120.272195,14.868056,120.292315,18:19:54,18:52:16,Clear
8181,2024-03-31,14.819197,120.283995,14.823783,120.279073,07:54:45,08:00:05,Partly Cloudy
8182,2024-01-09,14.823798,120.289169,14.825102,120.276503,06:18:47,06:26:35,Light Rain
8183,2024-04-28,14.792095,120.294247,14.837422,120.26769,17:49:50,18:25:18,Clear
8184,2024-11-12,14.821977,120.298394,14.826439,120.283134,19:09:04,19:19:13,Light Rain
8185,2024-05-25,14.827673,120.281206,14.828025,120.28625,17:57:22,18:00:44,Rain
8186,2024-02-19,14.824753,120.283016,14.821124,120.275742,20:32:36,20:38:35,Mostly Clear
8187,2024-12-20,14.820027,120.284232,14.826288,120.28329,19:55:15,20:00:37,Partly Cloudy
8188,2024-11-20,14.823906,120.279597,14.843335,120.286497,06:47:21,07:01:20,Mostly Clear
8189,2024-10-05,14.805891,120.322973,14.826789,120.273182,21:47:50,22:08:15,Clear
8190,2024-04-11,14.836768,120.277912,14.837689,120.267266,19:15:43,19:25:34,Fog
8191,2024-03-31,14.837277,120.278301,14.851625,120.255846,19:02:59,19:20:18,Clear
8192,2024-08-21,14.842435,120.287603,14.829226,120.28718,18:36:57,18:49:20,Dense Drizzle
8193,2024-01-30,14.830065,120.289011,14.821068,120.271517,19:28:57,19:39:14,Cloudy
8194,2024-01-16,14.839201,120.284428,14.837005,120.277795,16:51:03,16:54:48,Clear
8195,2024-02-10,14.824056,120.279875,14.841118,120.28697,22:35:38,22:44:17,Partly Cloudy
8196,2024-02-24,14.826411,120.272755,14.841675,120.287222,05:33:22,05:43:13,Clear
8197,2024-03-29,14.877596,120.235219,14.821491,120.283233,09:36:17,09:58:36,Clear
8198,2024-11-01,14.881918,120.23652,14.824024,120.28948,11:27:03,11:58:03,Light Drizzle
8199,2024-04-30,14.839382,120.283918,14.822945,120.301056,14:44:51,14:59:33,Cloudy
8200,2024-03-02,14.82633,120.273271,14.819292,120.284387,17:21:15,17:31:55,Light Rain
8201,2024-05-07,14.832856,120.285094,14.828804,120.281863,08:56:32,09:01:54,Clear
8202,2024-12-29,14.81745,120.281634,14.828419,120.285291,20:19:14,20:26:27,Fog
8203,2024-12-13,14.824909,120.279498,14.85136,120.263093,08:12:59,08:37:05,Fog
8204,2024-03-25,14.841448,120.282004,14.826047,120.272534,12:32:14,12:42:37,Cloudy
8205,2024-09-03,14.820507,120.283245,14.828447,120.27999,09:18:28,09:24:18,Drizzle
8206,2024-07-23,14.867978,120.292756,14.828553,120.281473,20:30:58,20:53:40,Violent Rain Showers
8207,2024-09-17,14.821013,120.275569,14.87697,120.232162,20:07:04,20:27:39,Mostly Clear
8208,2024-04-16,14.832948,120.285272,14.820781,120.277242,20:20:40,20:27:16,Drizzle
8209,2024-08-23,14.82008,120.283614,14.836281,120.283175,15:45:47,15:54:29,Light Drizzle
8210,2024-04-15,14.836387,120.290076,14.842298,120.287419,18:05:14,18:12:11,Clear
8211,2024-05-18,14.820864,120.284028,14.815749,120.317463,09:08:13,09:18:43,Clear
8212,2024-10-10,14.823764,120.288679,14.818368,120.283852,08:20:50,08:26:59,Partly Cloudy
8213,2024-10-08,14.805826,120.322189,14.822943,120.301741,17:20:16,17:34:18,Cloudy
8214,2024-09-24,14.820446,120.283671,14.816129,120.28317,18:42:21,18:46:25,Light Drizzle
8215,2024-03-12,14.789569,120.28201,14.83632,120.283263,17:31:16,18:01:11,Mostly Clear
8216,2024-06-10,14.824905,120.279913,14.836275,120.278126,08:55:04,09:02:12,Clear
8217,2024-07-15,14.815853,120.283578,14.820957,120.28375,18:32:33,18:37:55,Partly Cloudy
8218,2024-05-06,14.842779,120.28752,14.790269,120.281736,19:47:46,20:29:48,Heavy Rain Showers
8219,2024-10-31,14.81559,120.31705,14.877299,120.232347,14:23:24,15:16:47,Drizzle
8220,2024-10-21,14.84913,120.265243,14.868064,120.292329,06:07:03,06:22:12,Light Rain
8221,2024-09-22,14.820678,120.283919,14.823423,120.30039,08:44:32,08:54:09,Rain
8222,2024-02-29,14.849084,120.314635,14.827101,120.280169,08:54:47,09:14:24,Mostly Clear
8223,2024-11-23,14.835996,120.286334,14.841742,120.282805,18:43:52,18:51:27,Clear
8224,2024-11-26,14.817878,120.281372,14.841386,120.287059,18:36:35,18:52:06,Rain
8225,2024-11-02,14.823919,120.278827,14.805929,120.323561,15:26:40,15:52:59,Rain
8226,2024-07-03,14.805335,120.323318,14.815294,120.316488,16:16:43,16:22:19,Partly Cloudy
8227,2024-12-29,14.835041,120.281584,14.823803,120.280458,19:43:56,19:52:10,Partly Cloudy
8228,2024-01-10,14.842031,120.287298,14.819398,120.284137,20:39:04,20:52:23,Partly Cloudy
8229,2024-11-04,14.842109,120.287247,14.841004,120.286788,17:13:44,17:17:39,Clear
8230,2024-06-13,14.829181,120.287056,14.821093,120.278731,10:20:31,10:27:49,Light Drizzle
8231,2024-10-10,14.82089,120.275162,14.840247,120.283923,07:40:09,07:59:59,Rain
8232,2024-08-02,14.82299,120.283555,14.797588,120.271151,13:37:01,13:48:20,Clear
8233,2024-03-11,14.836899,120.289593,14.819855,120.276172,17:45:34,17:56:05,Mostly Clear
8234,2024-06-30,14.82222,120.282781,14.841365,120.286449,07:22:57,07:36:33,Rain
8235,2024-05-14,14.828665,120.281875,14.830847,120.289572,17:42:14,17:49:17,Partly Cloudy
8236,2024-04-12,14.835853,120.289912,14.837632,120.267578,17:16:29,17:27:19,Cloudy
8237,2024-08-08,14.856724,120.289225,14.764642,120.253021,19:41:40,20:23:44,Partly Cloudy
8238,2024-07-29,14.821379,120.275786,14.877638,120.234826,07:06:29,07:45:02,Light Rain
8239,2024-06-25,14.826898,120.283479,14.820521,120.278867,05:21:17,05:27:04,Rain
8240,2024-05-15,14.849101,120.290201,14.81908,120.283961,07:41:48,07:57:50,Light Rain
8241,2024-06-19,14.815722,120.283475,14.820367,120.275739,20:56:15,21:02:05,Clear
8242,2024-07-11,14.827321,120.282107,14.824551,120.289022,20:29:45,20:34:39,Heavy Rain Showers
8243,2024-07-30,14.848621,120.255128,14.824364,120.289086,18:03:06,18:21:37,Mostly Clear
8244,2024-04-02,14.776179,120.307808,14.839324,120.28524,08:06:59,08:34:39,Clear
8245,2024-08-14,14.837841,120.278853,14.820529,120.275515,19:52:22,20:03:47,Mostly Clear
8246,2024-09-07,14.829485,120.298754,14.764477,120.252985,18:00:30,18:46:35,Fog
8247,2024-01-04,14.775801,120.307869,14.827784,120.294741,15:02:35,15:20:00,Cloudy
8248,2024-04-11,14.839254,120.283979,14.822429,120.301222,17:13:07,17:29:32,Clear
8249,2024-10-02,14.820897,120.284163,14.824497,120.2823,19:38:38,19:42:44,Partly Cloudy
8250,2024-09-11,14.820963,120.283495,14.820095,120.284861,08:22:02,08:26:35,Rain Showers
8251,2024-01-10,14.83314,120.282584,14.824576,120.280339,13:17:33,13:22:32,Partly Cloudy
8252,2024-10-05,14.81827,120.281233,14.838727,120.285581,20:24:13,20:33:50,Partly Cloudy
8253,2024-09-16,14.825299,120.276621,14.857174,120.289364,06:56:04,07:20:29,Rime Fog
8254,2024-08-15,14.826509,120.282948,14.842977,120.286651,11:57:43,12:07:26,Dense Drizzle
8255,2024-01-14,14.849399,120.315022,14.838121,120.285687,07:27:58,07:42:42,Rime Fog
8256,2024-10-20,14.877092,120.232129,14.828952,120.280414,17:33:05,18:05:25,Dense Drizzle
8257,2024-08-01,14.83786,120.286209,14.819192,120.284125,10:17:02,10:25:44,Cloudy
8258,2024-03-23,14.837343,120.283422,14.829336,120.286361,11:29:18,11:35:46,Partly Cloudy
8259,2024-01-03,14.824107,120.289147,14.824107,120.279816,22:17:21,22:22:59,Rain Showers
8260,2024-02-19,14.82004,120.284273,14.83667,120.28287,19:50:49,19:59:19,Clear
8261,2024-12-28,14.836309,120.287329,14.836243,120.283587,11:24:40,11:27:21,Light Drizzle
8262,2024-05-24,14.815849,120.283504,14.825001,120.279943,18:37:58,18:47:09,Clear
8263,2024-08-15,14.833009,120.28556,14.824251,120.279791,21:06:27,21:12:17,Drizzle
8264,2024-09-11,14.842853,120.287359,14.83087,120.288509,12:54:42,13:00:40,Drizzle
8265,2024-01-21,14.838364,120.286198,14.830851,120.289532,19:23:52,19:30:54,Mostly Clear
8266,2024-04-14,14.821194,120.279216,14.843291,120.281168,18:24:24,18:39:59,Light Rain
8267,2024-10-25,14.830407,120.273367,14.836612,120.286,07:44:03,07:54:54,Light Rain
8268,2024-02-06,14.83622,120.283591,14.823919,120.279894,11:01:21,11:10:06,Partly Cloudy
8269,2024-02-10,14.843584,120.281861,14.837769,120.27886,06:26:34,06:32:55,Drizzle
8270,2024-11-06,14.8413,120.28723,14.868079,120.292122,08:31:21,08:46:38,Light Drizzle
8271,2024-06-20,14.817907,120.281268,14.838789,120.284082,18:24:08,18:41:39,Drizzle
8272,2024-06-30,14.841373,120.286976,14.842994,120.287601,10:53:41,10:57:17,Light Drizzle
8273,2024-03-06,14.856537,120.289338,14.821009,120.278639,17:27:59,17:48:02,Clear
8274,2024-12-12,14.825037,120.2819,14.81941,120.28339,17:08:11,17:13:50,Cloudy
8275,2024-08-19,14.805694,120.322041,14.820742,120.275082,17:07:56,17:32:05,Rain Showers
8276,2024-04-03,14.838031,120.283719,14.822212,120.298966,17:56:56,18:11:44,Cloudy
8277,2024-11-13,14.820621,120.284103,14.827491,120.279486,17:50:39,17:56:30,Heavy Rain
8278,2024-01-27,14.836871,120.278121,14.821253,120.278036,19:58:52,20:08:26,Mostly Clear
8279,2024-05-06,14.820089,120.283782,14.822846,120.301817,19:52:54,20:01:53,Drizzle
8280,2024-03-06,14.821568,120.271531,14.83991,120.282702,10:56:02,11:03:34,Mostly Clear
8281,2024-01-14,14.815844,120.284326,14.820658,120.283978,08:52:24,08:57:48,Cloudy
8282,2024-03-13,14.823698,120.279128,14.841581,120.286092,18:57:47,19:07:01,Partly Cloudy
8283,2024-12-07,14.82305,120.287585,14.82895,120.287171,22:29:30,22:35:16,Light Drizzle
8284,2024-01-27,14.789975,120.282336,14.826502,120.283267,16:19:24,16:36:02,Mostly Clear
8285,2024-11-12,14.877651,120.234935,14.836069,120.286998,17:57:10,18:32:30,Light Rain
8286,2024-06-14,14.82846,120.285788,14.821961,120.298657,07:55:28,08:04:33,Cloudy
8287,2024-06-24,14.827115,120.279703,14.82389,120.279485,14:39:16,14:41:49,Dense Drizzle
8288,2024-03-25,14.843367,120.286371,14.822075,120.29837,07:58:17,08:16:15,Partly Cloudy
8289,2024-01-13,14.817445,120.281452,14.84256,120.28814,14:54:33,15:09:01,Clear
8290,2024-11-12,14.843363,120.285645,14.823565,120.287478,13:40:40,13:49:03,Dense Drizzle
8291,2024-01-15,14.848637,120.254343,14.815283,120.283502,10:20:45,10:46:52,Mostly Clear
8292,2024-01-14,14.887374,120.237053,14.849082,120.291529,19:42:00,20:25:50,Mostly Clear
8293,2024-06-11,14.843058,120.281926,14.817621,120.280574,06:46:44,07:01:21,Mostly Clear
8294,2024-04-30,14.832989,120.285388,14.87652,120.231665,07:08:16,07:37:32,Cloudy
8295,2024-12-18,14.829354,120.286834,14.877078,120.233215,08:15:51,08:54:08,Mostly Clear
8296,2024-09-02,14.83756,120.267812,14.829713,120.298764,06:36:00,07:02:00,Partly Cloudy
8297,2024-08-22,14.836331,120.290291,14.827098,120.287488,17:06:19,17:13:38,Light Rain
8298,2024-11-04,14.837568,120.267513,14.829307,120.287323,15:01:21,15:14:17,Cloudy
8299,2024-06-16,14.823581,120.300323,14.817434,120.284269,05:03:50,05:10:58,Heavy Rain
8300,2024-10-30,14.856709,120.289899,14.824273,120.289072,22:28:42,22:40:35,Cloudy
8301,2024-09-09,14.839487,120.285572,14.877161,120.235136,07:37:07,08:12:53,Mostly Clear
8302,2024-11-29,14.821177,120.278727,14.806283,120.322593,08:38:00,09:04:31,Drizzle
8303,2024-06-01,14.836125,120.286598,14.764677,120.253041,17:29:41,18:31:25,Cloudy
8304,2024-01-10,14.825291,120.277685,14.848859,120.315648,17:20:31,17:46:58,Mostly Clear
8305,2024-10-10,14.82335,120.300718,14.839062,120.284319,08:00:48,08:18:04,Rain
8306,2024-01-11,14.824268,120.279265,14.830775,120.288956,17:54:58,18:03:20,Partly Cloudy
8307,2024-02-12,14.821806,120.271787,14.849033,120.315832,14:52:39,15:19:21,Partly Cloudy
8308,2024-03-02,14.823926,120.289292,14.877614,120.23542,14:48:09,15:17:32,Clear
8309,2024-05-30,14.764729,120.292922,14.805583,120.322477,18:32:44,19:03:15,Mostly Clear
8310,2024-02-14,14.829172,120.287041,14.822377,120.30206,08:47:49,08:58:03,Partly Cloudy
8311,2024-10-20,14.765213,120.293048,14.83508,120.281886,16:05:59,16:46:33,Rain Showers
8312,2024-08-30,14.764759,120.292823,14.856798,120.290022,06:25:33,07:17:32,Drizzle
8313,2024-08-19,14.823764,120.28964,14.776149,120.308464,06:49:44,07:24:54,Cloudy
8314,2024-09-27,14.820651,120.276955,14.842779,120.287204,06:07:38,06:22:43,Dense Drizzle
8315,2024-09-19,14.840837,120.286515,14.82482,120.282024,08:07:57,08:16:29,Rain Showers
8316,2024-01-05,14.824847,120.280245,14.83613,120.282849,20:54:02,21:01:35,Mostly Clear
8317,2024-10-06,14.824416,120.27988,14.837784,120.279197,18:00:51,18:10:25,Dense Drizzle
8318,2024-08-10,14.82018,120.276515,14.820913,120.271339,06:36:25,06:40:42,Drizzle
8319,2024-12-20,14.848951,120.314364,14.856757,120.29,06:33:29,06:52:18,Clear
8320,2024-02-21,14.838928,120.28397,14.83772,120.286403,14:55:20,14:59:40,Clear
8321,2024-10-21,14.827836,120.286246,14.825388,120.280755,14:47:55,14:51:25,Rain
8322,2024-04-21,14.821515,120.278368,14.82817,120.281999,08:17:50,08:23:28,Rime Fog
8323,2024-03-17,14.836608,120.286568,14.81895,120.284188,18:10:11,18:17:35,Mostly Clear
8324,2024-03-21,14.830694,120.288675,14.823129,120.287975,16:57:17,17:01:31,Cloudy
8325,2024-09-25,14.825644,120.282123,14.833147,120.281486,16:42:17,16:48:15,Cloudy
8326,2024-02-19,14.842979,120.281846,14.824102,120.279762,20:18:56,20:28:46,Partly Cloudy
8327,2024-04-28,14.838557,120.28547,14.820757,120.283819,06:44:22,07:00:03,Fog
8328,2024-06-04,14.823818,120.279494,14.822654,120.300837,21:35:51,21:44:36,Light Drizzle
8329,2024-05-20,14.823516,120.288991,14.824986,120.280161,06:15:22,06:20:48,Fog
8330,2024-04-17,14.805973,120.322378,14.81593,120.316548,14:42:15,14:50:25,Mostly Clear
8331,2024-03-24,14.821008,120.283409,14.789423,120.282589,16:27:08,16:42:20,Clear
8332,2024-09-17,14.816085,120.283773,14.830669,120.288847,19:19:30,19:30:19,Light Rain
8333,2024-10-04,14.805978,120.322699,14.83957,120.283927,19:52:44,20:17:05,Drizzle
8334,2024-06-22,14.764969,120.293047,14.867944,120.292286,18:58:12,19:58:08,Light Rain
8335,2024-05-14,14.826907,120.272605,14.829322,120.286793,13:03:26,13:10:01,Partly Cloudy
8336,2024-07-09,14.822944,120.283239,14.823152,120.288254,15:32:17,15:36:12,Cloudy
8337,2024-01-14,14.821616,120.273792,14.828681,120.28698,13:15:35,13:22:57,Partly Cloudy
8338,2024-01-23,14.839657,120.285059,14.82088,120.283315,06:28:45,06:38:06,Clear
8339,2024-11-11,14.8363,120.28333,14.827969,120.284976,19:56:36,20:04:01,Rain
8340,2024-08-18,14.826233,120.273355,14.837236,120.283693,08:37:23,08:47:02,Fog
8341,2024-11-20,14.848854,120.291078,14.818111,120.281444,16:23:58,16:43:29,Light Rain
8342,2024-11-09,14.806072,120.322252,14.849197,120.264865,17:15:31,18:08:42,Partly Cloudy
8343,2024-06-25,14.829432,120.286695,14.887662,120.23777,05:13:49,05:53:04,Heavy Rain
8344,2024-02-19,14.836932,120.277242,14.821529,120.273729,12:34:03,12:41:15,Mostly Clear
8345,2024-06-19,14.806485,120.322576,14.823597,120.30066,18:16:52,18:35:41,Clear
8346,2024-03-01,14.821262,120.284328,14.828195,120.295215,07:09:23,07:18:38,Mostly Clear
8347,2024-08-04,14.827769,120.281735,14.839364,120.285667,19:46:36,19:57:25,Clear
8348,2024-12-11,14.8297,120.287528,14.867937,120.291686,20:35:18,20:49:34,Cloudy
8349,2024-12-17,14.836357,120.283568,14.829003,120.287322,18:01:02,18:06:19,Cloudy
8350,2024-07-28,14.840353,120.286692,14.851123,120.255911,07:29:22,07:49:19,Light Rain
8351,2024-08-27,14.820388,120.275523,14.828999,120.287331,10:18:20,10:27:30,Heavy Rain
8352,2024-11-16,14.823683,120.278897,14.820424,120.284562,05:01:30,05:04:25,Cloudy
8353,2024-12-03,14.842862,120.281761,14.887888,120.23822,10:30:44,10:51:47,Rain Showers
8354,2024-10-01,14.790018,120.282404,14.836454,120.287288,14:44:14,15:06:04,Heavy Rain Showers
8355,2024-04-19,14.82798,120.294266,14.836454,120.283303,19:53:35,20:00:59,Mostly Clear
8356,2024-03-28,14.819318,120.284689,14.815722,120.283475,21:47:57,21:51:36,Clear
8357,2024-04-16,14.820665,120.284055,14.881954,120.236383,09:47:29,10:24:54,Clear
8358,2024-04-14,14.823172,120.288072,14.848601,120.254799,17:34:52,17:57:03,Partly Cloudy
8359,2024-04-28,14.82854,120.281077,14.823846,120.279394,10:33:34,10:36:19,Cloudy
8360,2024-12-09,14.820816,120.275522,14.838281,120.28619,22:01:56,22:12:28,Clear
8361,2024-11-09,14.838108,120.285826,14.826847,120.272737,05:16:45,05:27:54,Rain
8362,2024-02-22,14.82006,120.283582,14.821556,120.274094,18:09:10,18:16:41,Clear
8363,2024-02-12,14.824251,120.289719,14.823714,120.289689,07:38:31,07:43:31,Drizzle
8364,2024-10-28,14.840045,120.287357,14.8247,120.282325,15:01:49,15:08:53,Light Rain
8365,2024-05-19,14.839686,120.283849,14.841497,120.286327,17:38:02,17:40:27,Mostly Clear
8366,2024-11-26,14.775982,120.307848,14.772166,120.258245,18:08:13,18:30:25,Clear
8367,2024-08-20,14.840785,120.286735,14.836823,120.278178,06:31:18,06:39:50,Cloudy
8368,2024-02-28,14.817607,120.281562,14.842012,120.283215,19:59:49,20:14:07,Partly Cloudy
8369,2024-01-03,14.824872,120.28024,14.821235,120.278991,07:29:07,07:32:08,Partly Cloudy
8370,2024-06-29,14.86804,120.292315,14.843562,120.28616,06:45:35,06:57:46,Mostly Clear
8371,2024-12-15,14.840607,120.287118,14.852015,120.256235,07:11:08,07:29:09,Mostly Clear
8372,2024-11-22,14.826901,120.273109,14.791864,120.293748,18:34:24,18:58:31,Thunderstorm
8373,2024-11-07,14.832794,120.281635,14.79164,120.294956,09:28:07,09:44:13,Drizzle
8374,2024-02-16,14.824864,120.281132,14.836591,120.282972,19:48:56,19:58:16,Partly Cloudy
8375,2024-01-13,14.789617,120.281822,14.841767,120.282884,17:45:16,18:13:23,Clear
8376,2024-07-02,14.819823,120.284615,14.817641,120.281913,07:03:20,07:07:37,Dense Drizzle
8377,2024-11-06,14.820859,120.28369,14.815982,120.283197,15:38:28,15:43:10,Heavy Rain
8378,2024-11-27,14.824233,120.279808,14.82657,120.287695,17:57:58,18:04:44,Clear
8379,2024-07-02,14.764731,120.293289,14.842828,120.287226,14:49:55,15:20:19,Light Drizzle
8380,2024-01-22,14.821268,120.28439,14.829232,120.298858,07:43:58,07:57:23,Cloudy
8381,2024-03-10,14.823994,120.289394,14.827551,120.281584,07:18:46,07:24:28,Cloudy
8382,2024-04-13,14.821131,120.283874,14.820841,120.284276,22:01:32,22:04:34,Clear
8383,2024-04-16,14.836388,120.283302,14.887816,120.236842,19:57:52,20:27:32,Rime Fog
8384,2024-07-20,14.805815,120.323221,14.827968,120.281488,20:37:53,20:53:10,Clear
8385,2024-11-17,14.823141,120.287256,14.828806,120.280959,07:25:45,07:32:13,Cloudy
8386,2024-09-28,14.849559,120.254706,14.832686,120.281805,12:09:21,12:19:39,Mostly Clear
8387,2024-12-13,14.843331,120.286116,14.789224,120.282061,07:34:32,08:06:29,Fog
8388,2024-05-05,14.828,120.282377,14.820072,120.276052,18:52:09,18:59:17,Clear
8389,2024-02-23,14.847437,120.254247,14.877635,120.234584,07:52:45,08:13:06,Clear
8390,2024-05-08,14.887732,120.237271,14.843274,120.286221,16:22:35,16:52:35,Clear
8391,2024-03-13,14.818822,120.283949,14.841396,120.286536,17:11:44,17:25:34,Clear
8392,2024-08-17,14.851723,120.256264,14.8062,120.322934,11:32:46,12:03:44,Heavy Rain
8393,2024-08-29,14.837959,120.267703,14.840163,120.284771,10:15:42,10:24:44,Partly Cloudy
8394,2024-03-22,14.820271,120.284626,14.83656,120.283239,17:43:36,17:55:43,Cloudy
8395,2024-06-22,14.824901,120.282189,14.829709,120.298637,08:27:20,08:39:34,Drizzle
8396,2024-04-20,14.83669,120.277974,14.805525,120.322681,15:22:08,15:46:54,Cloudy
8397,2024-06-17,14.823286,120.301002,14.856708,120.289253,08:40:11,09:01:33,Partly Cloudy
8398,2024-02-13,14.849432,120.264741,14.840232,120.285114,06:03:10,06:13:28,Mostly Clear
8399,2024-08-30,14.827897,120.286055,14.822797,120.301432,06:08:28,06:19:19,Rain
8400,2024-06-28,14.830257,120.289386,14.822589,120.301421,06:54:54,07:01:43,Drizzle
8401,2024-10-01,14.824969,120.277621,14.818846,120.277971,18:05:02,18:11:07,Partly Cloudy
8402,2024-06-02,14.856221,120.290238,14.819091,120.278223,19:07:17,19:26:27,Fog
8403,2024-09-07,14.817534,120.28162,14.825395,120.28067,19:21:28,19:27:49,Clear
8404,2024-05-27,14.791764,120.295076,14.873766,120.236077,13:54:59,14:33:52,Mostly Clear
8405,2024-01-15,14.792312,120.294829,14.764358,120.292641,06:53:15,07:07:34,Clear
8406,2024-09-02,14.839672,120.282802,14.819838,120.284046,06:31:15,06:43:06,Light Rain
8407,2024-01-15,14.820478,120.276553,14.817711,120.284084,07:03:48,07:08:44,Heavy Rain
8408,2024-02-13,14.835803,120.285882,14.819628,120.284373,12:00:40,12:08:06,Partly Cloudy
8409,2024-07-15,14.792067,120.294659,14.828101,120.285195,18:53:22,19:09:29,Clear
8410,2024-12-02,14.821118,120.279205,14.839603,120.283453,10:00:12,10:09:35,Light Drizzle
8411,2024-12-28,14.820708,120.279126,14.772412,120.258768,09:04:42,09:22:30,Clear
8412,2024-05-19,14.819088,120.278665,14.825252,120.281575,15:03:35,15:07:26,Dense Drizzle
8413,2024-01-10,14.825028,120.277159,14.851851,120.256043,18:56:21,19:24:04,Clear
8414,2024-08-22,14.819098,120.278036,14.821148,120.278492,19:24:38,19:27:49,Light Drizzle
8415,2024-03-15,14.824182,120.289928,14.827516,120.279713,07:47:14,07:53:09,Rime Fog
8416,2024-07-11,14.833075,120.281704,14.82101,120.283665,18:33:14,18:40:19,Cloudy
8417,2024-03-07,14.848006,120.255059,14.839802,120.284076,08:33:56,08:57:00,Clear
8418,2024-09-17,14.817842,120.281273,14.839892,120.286636,17:28:36,17:48:29,Partly Cloudy
8419,2024-03-01,14.835152,120.282363,14.833243,120.282275,05:46:40,05:50:51,Partly Cloudy
8420,2024-12-07,14.828511,120.281708,14.823391,120.287409,09:43:20,09:49:49,Clear
8421,2024-10-05,14.851412,120.263013,14.827271,120.280494,06:09:52,06:29:55,Clear
8422,2024-07-06,14.819867,120.284204,14.829392,120.287201,20:59:20,21:06:06,Mostly Clear
8423,2024-06-22,14.805939,120.323566,14.836321,120.290433,18:18:13,18:45:31,Rain Showers
8424,2024-11-23,14.835951,120.282336,14.835442,120.288044,19:56:55,20:00:58,Partly Cloudy
8425,2024-03-24,14.82105,120.276253,14.877039,120.23232,13:07:32,13:46:33,Clear
8426,2024-10-08,14.824861,120.283259,14.877095,120.232006,22:32:52,23:01:02,Mostly Clear
8427,2024-03-13,14.841946,120.287351,14.823621,120.300601,20:00:06,20:10:35,Partly Cloudy
8428,2024-05-31,14.815798,120.283577,14.792086,120.294389,12:06:42,12:18:59,Cloudy
8429,2024-12-09,14.83786,120.267246,14.833083,120.285632,18:19:36,18:30:14,Partly Cloudy
8430,2024-06-09,14.764114,120.253291,14.82092,120.275628,05:26:35,05:47:26,Cloudy
8431,2024-05-14,14.826947,120.272535,14.847993,120.254431,17:38:33,17:59:44,Clear
8432,2024-10-02,14.851124,120.262736,14.824027,120.280494,06:44:38,07:02:51,Mostly Clear
8433,2024-05-21,14.876502,120.232256,14.821452,120.284151,17:15:17,17:47:01,Cloudy
8434,2024-12-12,14.876844,120.232545,14.843275,120.285882,08:47:57,09:23:03,Mostly Clear
8435,2024-05-02,14.820246,120.283487,14.839599,120.285571,18:02:46,18:14:51,Clear
8436,2024-05-09,14.851064,120.262658,14.817888,120.284587,06:59:43,07:20:56,Mostly Clear
8437,2024-11-17,14.829668,120.287415,14.80588,120.323027,07:33:31,07:55:02,Heavy Rain Showers
8438,2024-07-21,14.851691,120.256628,14.841635,120.287314,09:09:59,09:22:58,Drizzle
8439,2024-07-16,14.851482,120.255962,14.815448,120.282891,09:47:47,10:06:05,Rime Fog
8440,2024-01-18,14.776197,120.307815,14.82676,120.272731,15:00:54,15:23:38,Clear
8441,2024-07-20,14.829518,120.279877,14.824276,120.27911,21:43:10,21:46:28,Clear
8442,2024-01-13,14.842581,120.287585,14.826132,120.283195,19:16:29,19:26:38,Mostly Clear
8443,2024-07-16,14.840224,120.284042,14.821936,120.271633,18:27:38,18:39:17,Light Drizzle
8444,2024-10-10,14.839995,120.283781,14.826297,120.273411,05:31:19,05:42:59,Rain
8445,2024-12-01,14.824273,120.279671,14.826337,120.282432,06:59:43,07:02:35,Partly Cloudy
8446,2024-06-27,14.836892,120.278296,14.842228,120.283081,17:47:47,17:52:51,Rain
8447,2024-08-14,14.842274,120.287374,14.825394,120.280414,18:40:16,18:56:02,Rain
8448,2024-04-01,14.877087,120.233132,14.842734,120.287158,07:08:52,07:44:35,Drizzle
8449,2024-06-11,14.820524,120.283862,14.82164,120.271409,17:22:20,17:30:57,Light Rain
8450,2024-04-07,14.834861,120.288408,14.824307,120.280563,20:04:44,20:12:01,Mostly Clear
8451,2024-07-12,14.829225,120.2874,14.839751,120.284252,07:45:41,07:52:20,Thunderstorm
8452,2024-05-01,14.835845,120.286988,14.815701,120.317405,19:19:29,19:41:43,Partly Cloudy
8453,2024-09-16,14.827674,120.28512,14.839927,120.284735,08:50:05,08:59:59,Drizzle
8454,2024-09-27,14.828073,120.286203,14.82735,120.282613,07:53:21,07:57:24,Cloudy
8455,2024-01-08,14.824264,120.289949,14.820523,120.275566,06:19:51,06:26:18,Cloudy
8456,2024-12-19,14.849501,120.264888,14.776746,120.308337,11:55:06,12:46:44,Partly Cloudy
8457,2024-01-11,14.8305,120.273898,14.815954,120.283536,07:30:16,07:39:02,Dense Drizzle
8458,2024-05-17,14.820972,120.275648,14.824829,120.280088,07:46:23,07:52:35,Partly Cloudy
8459,2024-02-12,14.826876,120.280062,14.828266,120.294866,18:26:02,18:35:22,Partly Cloudy
8460,2024-04-03,14.838063,120.28579,14.817742,120.280988,20:25:43,20:36:51,Partly Cloudy
8461,2024-06-19,14.820717,120.283897,14.820113,120.2757,09:35:19,09:40:18,Partly Cloudy
8462,2024-07-17,14.823977,120.289408,14.856782,120.289846,13:31:27,13:45:02,Fog
8463,2024-08-09,14.831136,120.289581,14.764381,120.25338,19:07:10,19:37:30,Clear
8464,2024-12-11,14.828925,120.287501,14.823356,120.287468,05:19:05,05:23:52,Partly Cloudy
8465,2024-10-23,14.819102,120.284035,14.821065,120.283583,19:47:07,19:50:45,Light Rain
8466,2024-06-06,14.877313,120.23539,14.840148,120.284803,07:24:58,07:55:34,Drizzle
8467,2024-08-05,14.828728,120.286451,14.838487,120.283582,07:29:14,07:36:06,Clear
8468,2024-04-30,14.824415,120.283299,14.882161,120.237022,18:01:52,18:38:45,Partly Cloudy
8469,2024-04-27,14.843168,120.285999,14.829438,120.297929,08:13:10,08:22:36,Mostly Clear
8470,2024-09-26,14.876736,120.232782,14.818848,120.278581,10:40:18,11:10:11,Partly Cloudy
8471,2024-12-21,14.841421,120.287259,14.821121,120.271429,19:15:31,19:34:42,Clear
8472,2024-07-20,14.817768,120.282093,14.842639,120.281442,19:51:48,20:05:28,Heavy Rain Showers
8473,2024-08-30,14.839699,120.283069,14.829052,120.287916,09:21:10,09:27:04,Partly Cloudy
8474,2024-01-05,14.82367,120.30013,14.82024,120.275996,18:13:39,18:28:59,Light Rain
8475,2024-04-03,14.837456,120.278095,14.79755,120.272371,16:08:25,16:31:44,Partly Cloudy
8476,2024-09-04,14.820319,120.277207,14.824361,120.276997,20:03:07,20:05:55,Drizzle
8477,2024-01-17,14.81969,120.278642,14.840812,120.286466,20:51:20,21:03:58,Light Drizzle
8478,2024-08-22,14.841423,120.28215,14.827935,120.285523,06:29:24,06:37:07,Partly Cloudy
8479,2024-03-31,14.823858,120.289257,14.840288,120.286455,20:08:24,20:18:40,Fog
8480,2024-02-21,14.820485,120.283764,14.764807,120.252534,19:38:28,20:25:42,Light Rain
8481,2024-10-01,14.882118,120.236273,14.821565,120.274795,18:52:02,19:28:00,Clear
8482,2024-11-03,14.764762,120.293281,14.828081,120.28611,19:07:27,19:45:36,Light Rain
8483,2024-09-23,14.826157,120.273303,14.824802,120.283228,18:35:00,18:42:32,Dense Drizzle
8484,2024-04-12,14.856878,120.289351,14.843355,120.28611,20:18:38,20:28:24,Clear
8485,2024-05-02,14.829055,120.286889,14.817629,120.284211,06:48:51,06:55:58,Light Rain
8486,2024-01-25,14.823745,120.289281,14.877974,120.235752,07:17:51,07:49:23,Clear
8487,2024-08-16,14.826461,120.28326,14.839634,120.284908,09:46:41,09:55:33,Rain
8488,2024-08-09,14.818439,120.281446,14.851642,120.256324,15:59:26,16:14:13,Cloudy
8489,2024-01-13,14.828295,120.285443,14.837111,120.277959,07:54:00,08:01:50,Cloudy
8490,2024-07-09,14.849213,120.264887,14.821624,120.273625,20:10:51,20:24:41,Rain
8491,2024-05-29,14.765306,120.293028,14.816372,120.28348,18:03:13,18:41:08,Mostly Clear
8492,2024-01-15,14.833061,120.281393,14.857106,120.289689,22:01:16,22:14:10,Clear
8493,2024-06-11,14.817595,120.280928,14.82545,120.280172,15:07:25,15:11:41,Drizzle
8494,2024-07-20,14.764386,120.253316,14.836415,120.290036,22:52:47,23:24:44,Cloudy
8495,2024-09-03,14.840231,120.286176,14.818532,120.283698,19:27:18,19:43:02,Rain Showers
8496,2024-07-09,14.836351,120.291007,14.821171,120.28378,17:31:05,17:44:09,Cloudy
8497,2024-09-01,14.828795,120.281091,14.836548,120.29011,17:37:45,17:45:56,Partly Cloudy
8498,2024-10-05,14.86802,120.292296,14.837326,120.267237,14:57:21,15:16:53,Drizzle
8499,2024-06-24,14.829078,120.287073,14.820367,120.284688,06:54:50,07:01:55,Rain
8500,2024-08-22,14.84024,120.286782,14.805389,120.322493,21:53:36,22:21:50,Light Drizzle
8501,2024-12-01,14.825394,120.282503,14.842337,120.28709,19:32:37,19:46:06,Partly Cloudy
8502,2024-02-11,14.820491,120.278665,14.826951,120.279523,07:59:46,08:04:13,Clear
8503,2024-07-30,14.849043,120.315025,14.887868,120.237236,07:06:24,07:46:49,Rime Fog
8504,2024-02-26,14.828172,120.286347,14.820214,120.278783,18:24:22,18:30:31,Partly Cloudy
8505,2024-10-04,14.820787,120.275426,14.836044,120.283472,07:29:24,07:42:59,Clear
8506,2024-08-23,14.842838,120.287091,14.851387,120.263613,17:01:47,17:20:15,Rain
8507,2024-08-14,14.832982,120.281471,14.791781,120.294347,11:42:08,12:05:26,Rain Showers
8508,2024-12-22,14.776137,120.307655,14.821917,120.298322,17:51:09,18:15:43,Mostly Clear
8509,2024-08-04,14.838471,120.282657,14.818867,120.284381,19:25:20,19:36:31,Drizzle
8510,2024-04-05,14.837634,120.285554,14.820798,120.27608,18:21:36,18:35:27,Mostly Clear
8511,2024-02-26,14.821226,120.275097,14.851724,120.25623,06:14:30,06:33:55,Dense Drizzle
8512,2024-10-29,14.840282,120.28676,14.836335,120.27737,06:35:56,06:45:55,Drizzle
8513,2024-04-26,14.826931,120.279934,14.837577,120.282941,19:50:33,19:56:18,Drizzle
8514,2024-09-18,14.835336,120.282087,14.828441,120.280248,12:56:07,13:00:35,Partly Cloudy
8515,2024-04-19,14.832474,120.281788,14.851178,120.262779,22:41:12,22:55:01,Partly Cloudy
8516,2024-08-12,14.824899,120.280774,14.829549,120.280647,07:30:55,07:36:08,Light Drizzle
8517,2024-11-04,14.841901,120.285885,14.821375,120.275324,11:00:02,11:09:52,Light Drizzle
8518,2024-08-02,14.873384,120.235425,14.832782,120.281379,07:45:39,08:16:21,Clear
8519,2024-07-20,14.841633,120.282431,14.819895,120.279015,08:33:16,08:47:52,Partly Cloudy
8520,2024-10-01,14.848029,120.254515,14.827038,120.279995,08:34:21,08:58:36,Partly Cloudy
8521,2024-06-10,14.828877,120.287452,14.821684,120.297774,10:24:21,10:32:30,Cloudy
8522,2024-01-21,14.848881,120.315159,14.837152,120.27841,08:53:40,09:25:56,Clear
8523,2024-08-06,14.825055,120.277668,14.824042,120.289295,05:34:11,05:40:32,Rain
8524,2024-10-28,14.830173,120.274377,14.818886,120.283617,19:35:26,19:45:06,Mostly Clear
8525,2024-11-18,14.829386,120.298704,14.83979,120.285043,19:58:52,20:08:03,Mostly Clear
8526,2024-04-25,14.848801,120.291225,14.838884,120.283496,08:58:25,09:09:13,Cloudy
8527,2024-07-01,14.828758,120.281478,14.88718,120.237632,22:37:13,23:15:19,Dense Drizzle
8528,2024-08-29,14.792124,120.294638,14.842455,120.28792,20:49:36,21:15:38,Partly Cloudy
8529,2024-12-14,14.849041,120.254599,14.823069,120.301434,16:47:10,17:11:40,Partly Cloudy
8530,2024-12-05,14.824201,120.288671,14.837436,120.267822,19:48:04,20:03:49,Drizzle
8531,2024-06-15,14.851647,120.256754,14.826575,120.272819,11:16:16,11:34:59,Partly Cloudy
8532,2024-10-22,14.823562,120.279015,14.82537,120.282997,18:54:37,18:59:16,Rain
8533,2024-05-19,14.823955,120.289213,14.824671,120.28948,06:47:21,06:51:12,Partly Cloudy
8534,2024-03-28,14.828366,120.285041,14.835985,120.282471,06:41:07,06:46:12,Light Drizzle
8535,2024-12-04,14.843008,120.285777,14.805447,120.322396,08:22:12,08:56:29,Mostly Clear
8536,2024-04-03,14.837439,120.267391,14.817696,120.281359,05:32:33,05:46:54,Clear
8537,2024-07-14,14.820412,120.275492,14.824725,120.280054,08:25:31,08:31:05,Cloudy
8538,2024-08-29,14.817952,120.281231,14.81976,120.283967,21:21:02,21:23:30,Clear
8539,2024-01-09,14.867564,120.292233,14.819343,120.284026,22:05:38,22:30:46,Mostly Clear
8540,2024-03-05,14.8228,120.282689,14.818937,120.283844,06:33:27,06:38:01,Mostly Clear
8541,2024-06-03,14.819701,120.283993,14.851476,120.262957,18:40:51,19:02:12,Rain Showers
8542,2024-01-20,14.877104,120.231873,14.817955,120.283582,19:58:49,20:38:20,Rain Showers
8543,2024-05-18,14.823502,120.28997,14.815306,120.282964,07:41:50,07:49:39,Light Rain
8544,2024-05-24,14.848544,120.25508,14.847994,120.25465,16:36:42,16:39:01,Mostly Clear
8545,2024-10-23,14.841443,120.287459,14.829894,120.273353,15:44:23,15:55:45,Light Rain
8546,2024-10-13,14.847631,120.25437,14.83909,120.285263,21:35:23,21:45:56,Clear
8547,2024-03-19,14.829749,120.287394,14.827285,120.28014,08:51:56,08:57:15,Clear
8548,2024-01-14,14.829764,120.287265,14.764846,120.293414,22:20:07,22:44:17,Partly Cloudy
8549,2024-12-18,14.823707,120.300433,14.805927,120.322813,08:26:39,08:39:37,Mostly Clear
8550,2024-10-06,14.826673,120.287711,14.851262,120.256638,06:38:30,07:00:29,Partly Cloudy
8551,2024-02-07,14.820105,120.285051,14.824935,120.280976,08:22:13,08:27:22,Mostly Clear
8552,2024-03-26,14.823457,120.287558,14.836585,120.282987,20:54:02,21:01:03,Partly Cloudy
8553,2024-04-20,14.822073,120.298409,14.856698,120.290043,14:01:07,14:17:59,Clear
8554,2024-09-19,14.821944,120.297805,14.824967,120.277287,09:10:04,09:17:58,Rain
8555,2024-01-26,14.849311,120.264973,14.840601,120.286408,08:23:17,08:35:57,Partly Cloudy
8556,2024-07-28,14.797421,120.272375,14.820711,120.275713,09:14:58,09:24:19,Drizzle
8557,2024-05-15,14.836687,120.2902,14.835243,120.282387,09:12:58,09:19:04,Cloudy
8558,2024-04-03,14.842879,120.287817,14.81914,120.284389,18:09:23,18:23:20,Light Drizzle
8559,2024-06-26,14.841178,120.286429,14.821743,120.271298,17:13:21,17:32:33,Light Rain
8560,2024-03-23,14.823478,120.301235,14.821663,120.272497,09:07:27,09:21:29,Mostly Clear
8561,2024-09-04,14.823631,120.300581,14.83961,120.284162,06:08:27,06:20:59,Mostly Clear
8562,2024-04-07,14.820044,120.283865,14.823018,120.302361,13:52:39,14:02:35,Partly Cloudy
8563,2024-02-05,14.837821,120.278245,14.829484,120.297973,17:11:00,17:20:35,Clear
8564,2024-01-31,14.78987,120.281836,14.817896,120.281261,20:59:55,21:15:07,Partly Cloudy
8565,2024-12-01,14.823648,120.300578,14.837169,120.267647,19:16:54,19:49:23,Clear
8566,2024-05-19,14.826994,120.287393,14.76449,120.292772,21:00:11,21:22:41,Partly Cloudy
8567,2024-03-21,14.841073,120.286727,14.819948,120.284225,06:49:47,07:04:03,Mostly Clear
8568,2024-03-12,14.819084,120.278678,14.85147,120.263202,12:04:55,12:28:25,Mostly Clear
8569,2024-04-08,14.817932,120.281223,14.820062,120.276135,18:38:40,18:43:36,Cloudy
8570,2024-09-26,14.88171,120.23587,14.8295,120.287569,06:48:17,07:21:45,Cloudy
8571,2024-02-29,14.83991,120.283353,14.826963,120.287168,06:28:54,06:37:56,Mostly Clear
8572,2024-06-19,14.823966,120.279454,14.825447,120.277359,14:11:16,14:14:00,Partly Cloudy
8573,2024-06-28,14.835341,120.288529,14.819627,120.284227,17:05:34,17:18:38,Partly Cloudy
8574,2024-03-28,14.764837,120.252707,14.817851,120.281522,16:17:03,16:49:36,Light Drizzle
8575,2024-11-09,14.832676,120.285424,14.839322,120.283483,08:35:12,08:39:23,Light Rain
8576,2024-06-09,14.805665,120.322936,14.848587,120.254534,17:10:04,17:48:55,Thunderstorm with Hail
8577,2024-12-11,14.876706,120.231979,14.822708,120.301899,17:52:58,18:46:39,Rain
8578,2024-04-06,14.856818,120.289801,14.849558,120.290833,18:30:34,18:36:23,Partly Cloudy
8579,2024-04-07,14.877064,120.232023,14.828799,120.286033,05:26:59,06:06:11,Fog
8580,2024-06-26,14.828423,120.294807,14.805895,120.32274,22:26:47,22:45:02,Cloudy
8581,2024-06-18,14.877429,120.235365,14.825113,120.280939,18:23:14,19:15:02,Partly Cloudy
8582,2024-10-08,14.837884,120.285154,14.829583,120.287733,05:00:14,05:05:35,Rime Fog
8583,2024-05-20,14.820288,120.284141,14.818705,120.28396,18:59:38,19:03:10,Partly Cloudy
8584,2024-10-24,14.835572,120.281984,14.824262,120.279146,17:15:32,17:23:03,Cloudy
8585,2024-10-26,14.828492,120.285883,14.817473,120.284326,06:04:49,06:11:36,Dense Drizzle
8586,2024-02-28,14.78986,120.282024,14.818233,120.284443,18:09:30,18:27:04,Clear
8587,2024-12-21,14.838929,120.284153,14.820115,120.283762,09:08:15,09:20:20,Clear
8588,2024-07-08,14.84144,120.286397,14.829735,120.298649,16:25:38,16:32:03,Cloudy
8589,2024-09-16,14.887478,120.237593,14.828624,120.294874,06:23:59,07:07:49,Light Drizzle
8590,2024-01-19,14.848112,120.314817,14.817892,120.281257,07:19:58,07:57:22,Mostly Clear
8591,2024-10-28,14.823039,120.287245,14.836269,120.283262,22:48:31,22:55:41,Heavy Rain Showers
8592,2024-09-17,14.819168,120.283365,14.820753,120.276217,17:51:09,17:58:37,Light Rain
8593,2024-12-28,14.829981,120.298192,14.822025,120.298394,17:25:51,17:30:11,Partly Cloudy
8594,2024-03-02,14.823686,120.299729,14.836388,120.283857,08:13:28,08:24:32,Partly Cloudy
8595,2024-11-24,14.835205,120.287782,14.851664,120.256358,06:51:26,07:11:32,Mostly Clear
8596,2024-12-12,14.823433,120.28902,14.821745,120.272014,10:13:54,10:21:41,Clear
8597,2024-08-09,14.791859,120.293859,14.840946,120.286463,13:05:55,13:30:50,Thunderstorm with Hail
8598,2024-11-19,14.815565,120.283083,14.849381,120.264788,19:50:26,20:08:23,Fog
8599,2024-05-12,14.877271,120.232535,14.841394,120.286722,19:02:10,19:48:06,Mostly Clear
8600,2024-07-18,14.82101,120.283542,14.836299,120.283291,05:01:55,05:08:47,Light Rain
8601,2024-08-30,14.83509,120.2878,14.843305,120.281991,08:25:52,08:31:30,Partly Cloudy
8602,2024-12-18,14.838264,120.284986,14.849262,120.314739,14:22:01,14:41:18,Dense Drizzle
8603,2024-01-23,14.841884,120.282647,14.824122,120.282831,06:55:18,07:11:03,Fog
8604,2024-03-07,14.823827,120.301363,14.789183,120.282494,06:03:51,06:25:06,Light Drizzle
8605,2024-04-22,14.83981,120.28332,14.827738,120.281875,12:05:28,12:11:57,Mostly Clear
8606,2024-12-02,14.820151,120.284278,14.764337,120.253018,18:28:04,19:11:19,Partly Cloudy
8607,2024-02-12,14.789449,120.281738,14.823587,120.279554,15:42:09,15:54:47,Mostly Clear
8608,2024-06-25,14.822273,120.283411,14.822534,120.297962,17:49:50,18:01:49,Cloudy
8609,2024-04-26,14.840451,120.286968,14.84289,120.286894,06:19:40,06:24:17,Partly Cloudy
8610,2024-11-30,14.836118,120.278185,14.867556,120.292867,19:36:30,19:51:16,Light Drizzle
8611,2024-04-09,14.789793,120.281953,14.824905,120.282843,18:41:07,19:01:58,Clear
8612,2024-12-10,14.817861,120.281249,14.764436,120.293597,19:19:35,19:41:38,Clear
8613,2024-10-24,14.82835,120.282004,14.821886,120.298486,18:19:42,18:31:28,Cloudy
8614,2024-10-23,14.828864,120.287186,14.820643,120.283624,13:26:47,13:32:44,Cloudy
8615,2024-06-06,14.823716,120.289875,14.857076,120.289975,18:01:28,18:24:42,Cloudy
8616,2024-10-29,14.848031,120.254548,14.820317,120.284428,06:48:20,07:09:51,Rain
8617,2024-04-10,14.833464,120.281938,14.873789,120.234596,17:38:00,18:15:25,Partly Cloudy
8618,2024-06-23,14.815499,120.283077,14.851474,120.263129,05:24:27,05:45:30,Cloudy
8619,2024-01-22,14.83255,120.285998,14.817929,120.28115,08:22:14,08:31:51,Mostly Clear
8620,2024-12-24,14.835325,120.281945,14.821854,120.298577,18:34:57,18:52:35,Cloudy
8621,2024-01-09,14.829246,120.287144,14.824487,120.279645,08:41:36,08:46:14,Clear
8622,2024-06-21,14.829463,120.286646,14.868274,120.292502,17:39:54,18:06:19,Mostly Clear
8623,2024-09-01,14.815319,120.316898,14.823055,120.30215,22:21:23,22:30:40,Rain
8624,2024-02-26,14.830426,120.288738,14.836237,120.283112,12:21:27,12:26:34,Mostly Clear
8625,2024-09-28,14.876876,120.231552,14.824758,120.280312,18:41:42,19:19:32,Rain Showers
8626,2024-01-27,14.84008,120.283147,14.820696,120.283754,12:59:41,13:10:30,Cloudy
8627,2024-10-26,14.82398,120.2894,14.838448,120.283381,07:29:04,07:39:12,Rain Showers
8628,2024-03-08,14.819994,120.284378,14.82162,120.272167,14:59:25,15:05:20,Mostly Clear
8629,2024-11-22,14.881489,120.23599,14.816212,120.316686,13:30:29,14:10:48,Light Rain
8630,2024-12-19,14.833008,120.281376,14.840144,120.286318,15:58:03,16:03:38,Mostly Clear
8631,2024-02-09,14.848894,120.314793,14.805416,120.322973,08:01:51,08:22:19,Partly Cloudy
8632,2024-07-16,14.824499,120.279533,14.839625,120.284329,06:17:01,06:29:55,Heavy Rain
8633,2024-08-08,14.820934,120.283665,14.824106,120.289446,11:39:15,11:42:40,Heavy Rain Showers
8634,2024-11-11,14.819079,120.284011,14.82877,120.287534,16:56:31,17:03:01,Violent Rain Showers
8635,2024-07-09,14.824055,120.289561,14.837706,120.279305,08:26:44,08:35:17,Clear
8636,2024-02-10,14.825211,120.280021,14.824249,120.28053,06:55:31,06:58:59,Cloudy
8637,2024-07-31,14.823617,120.290104,14.844154,120.286018,13:42:02,13:50:36,Cloudy
8638,2024-11-17,14.843605,120.285896,14.827437,120.279367,09:54:57,10:04:43,Cloudy
8639,2024-05-12,14.840917,120.286691,14.873075,120.235283,19:21:21,19:46:18,Cloudy
8640,2024-10-24,14.840037,120.28578,14.828186,120.294855,18:47:35,18:55:25,Mostly Clear
8641,2024-05-18,14.839591,120.283768,14.772095,120.257898,19:24:50,20:06:08,Mostly Clear
8642,2024-04-29,14.820151,120.278251,14.822152,120.302019,18:05:17,18:20:54,Partly Cloudy
8643,2024-06-15,14.8178,120.281607,14.840617,120.287486,05:08:43,05:19:09,Partly Cloudy
8644,2024-09-09,14.873611,120.235558,14.805849,120.323159,15:45:27,16:21:11,Cloudy
8645,2024-07-19,14.823671,120.289616,14.851833,120.256775,20:38:49,20:57:20,Light Rain
8646,2024-04-24,14.832788,120.285157,14.851117,120.256317,07:13:20,07:28:26,Drizzle
8647,2024-10-22,14.843175,120.28643,14.821966,120.27204,07:15:47,07:30:40,Light Rain
8648,2024-08-19,14.776254,120.308305,14.820844,120.275863,18:55:09,19:22:28,Light Rain
8649,2024-05-30,14.828523,120.285253,14.776344,120.30817,06:37:19,07:11:13,Partly Cloudy
8650,2024-09-11,14.876899,120.231671,14.876577,120.232745,12:35:23,12:38:16,Rain
8651,2024-07-06,14.84053,120.286827,14.837641,120.284008,07:41:19,07:45:21,Partly Cloudy
8652,2024-10-04,14.821075,120.275634,14.820006,120.284077,07:52:24,07:59:55,Partly Cloudy
8653,2024-11-17,14.826842,120.287588,14.836845,120.277849,08:42:37,08:50:39,Mostly Clear
8654,2024-05-15,14.819842,120.283308,14.829036,120.286977,19:45:14,19:54:11,Mostly Clear
8655,2024-01-22,14.822331,120.297728,14.836507,120.290153,09:07:01,09:14:34,Clear
8656,2024-08-21,14.825003,120.280172,14.82109,120.283437,08:16:51,08:23:52,Partly Cloudy
8657,2024-01-31,14.828176,120.286622,14.8245,120.279703,09:53:22,09:58:40,Partly Cloudy
8658,2024-03-17,14.817215,120.281454,14.823083,120.287909,19:49:31,19:57:27,Mostly Clear
8659,2024-10-05,14.81945,120.284385,14.792095,120.294402,19:02:08,19:22:57,Heavy Rain Showers
8660,2024-01-13,14.829382,120.287349,14.825996,120.27293,08:22:02,08:30:51,Light Rain
8661,2024-05-30,14.842942,120.282573,14.842483,120.287696,07:38:58,07:42:14,Dense Drizzle
8662,2024-05-10,14.829292,120.281844,14.820993,120.283576,19:37:56,19:44:19,Partly Cloudy
8663,2024-07-02,14.826528,120.273274,14.824244,120.279944,09:17:29,09:23:45,Partly Cloudy
8664,2024-12-19,14.842449,120.287538,14.820638,120.283896,06:27:12,06:43:00,Partly Cloudy
8665,2024-03-22,14.828501,120.281822,14.887298,120.238118,13:40:13,14:05:23,Partly Cloudy
8666,2024-05-10,14.839619,120.283515,14.839087,120.284279,19:01:15,19:04:38,Cloudy
8667,2024-09-09,14.820985,120.275573,14.820605,120.284451,10:48:58,10:54:41,Partly Cloudy
8668,2024-03-18,14.764562,120.293872,14.828299,120.285458,19:09:00,19:42:00,Clear
8669,2024-10-11,14.873537,120.235391,14.843139,120.286038,07:02:04,07:38:24,Cloudy
8670,2024-05-02,14.828731,120.287059,14.841556,120.286189,18:51:27,19:01:13,Mostly Clear
8671,2024-08-14,14.877747,120.235594,14.836536,120.283152,19:42:33,20:26:43,Light Drizzle
8672,2024-04-03,14.841235,120.286193,14.822102,120.29821,08:01:26,08:12:49,Clear
8673,2024-05-30,14.835577,120.28172,14.819934,120.28439,21:52:58,22:00:23,Partly Cloudy
8674,2024-05-23,14.838658,120.286047,14.836347,120.278021,18:34:08,18:40:57,Partly Cloudy
8675,2024-11-10,14.830462,120.288939,14.842143,120.286994,22:52:14,22:59:05,Rain
8676,2024-06-06,14.82734,120.287934,14.840176,120.283706,06:03:20,06:14:01,Mostly Clear
8677,2024-02-09,14.822286,120.297853,14.826115,120.272636,10:29:03,10:42:21,Mostly Clear
8678,2024-01-21,14.805883,120.322785,14.823976,120.280451,19:52:26,20:22:11,Rime Fog
8679,2024-04-18,14.856724,120.289866,14.828262,120.285378,18:06:14,18:19:08,Clear
8680,2024-01-02,14.822473,120.287478,14.824378,120.27928,10:22:04,10:27:25,Cloudy
8681,2024-07-28,14.823827,120.279682,14.839998,120.284036,06:26:53,06:39:41,Partly Cloudy
8682,2024-12-16,14.820024,120.284237,14.82834,120.281812,13:18:01,13:23:32,Partly Cloudy
8683,2024-09-30,14.843008,120.287086,14.843472,120.286008,17:36:53,17:41:12,Thunderstorm
8684,2024-12-23,14.815399,120.284117,14.792065,120.2944,18:51:32,19:08:15,Clear
8685,2024-02-16,14.848835,120.290243,14.826899,120.283451,08:04:15,08:23:39,Clear
8686,2024-08-06,14.83736,120.268419,14.849473,120.264932,15:15:17,15:21:38,Light Drizzle
8687,2024-08-24,14.847956,120.254357,14.828903,120.281715,14:37:08,14:51:53,Heavy Rain Showers
8688,2024-11-16,14.820328,120.284043,14.841426,120.282751,17:47:45,18:02:40,Cloudy
8689,2024-09-27,14.80598,120.323598,14.829702,120.286852,19:00:09,19:39:45,Cloudy
8690,2024-09-25,14.835186,120.287922,14.839484,120.285034,08:42:30,08:47:49,Dense Drizzle
8691,2024-10-02,14.829187,120.298976,14.806255,120.323513,15:20:39,15:36:23,Light Rain
8692,2024-03-14,14.82923,120.281808,14.80601,120.322651,20:24:13,20:42:21,Mostly Clear
8693,2024-07-10,14.839788,120.283524,14.824492,120.289057,18:58:19,19:11:59,Partly Cloudy
8694,2024-10-28,14.828204,120.281672,14.823065,120.30189,15:11:54,15:21:54,Heavy Rain
8695,2024-12-01,14.797295,120.272475,14.825298,120.277885,14:21:34,14:33:36,Clear
8696,2024-02-26,14.830371,120.273762,14.821443,120.27194,17:18:41,17:27:13,Partly Cloudy
8697,2024-05-07,14.852107,120.256162,14.837924,120.285324,14:30:40,14:40:57,Mostly Clear
8698,2024-05-16,14.83067,120.273796,14.832901,120.285668,11:38:15,11:44:31,Cloudy
8699,2024-09-25,14.824161,120.279808,14.836072,120.286012,08:51:18,09:02:40,Rime Fog
8700,2024-12-24,14.820309,120.276883,14.838511,120.284044,08:59:05,09:10:39,Partly Cloudy
8701,2024-12-18,14.824208,120.279987,14.824092,120.279513,10:27:39,10:31:33,Light Rain
8702,2024-09-17,14.824561,120.280612,14.837532,120.26785,16:08:46,16:18:59,Light Rain
8703,2024-11-30,14.839125,120.28426,14.818787,120.284147,22:02:29,22:15:35,Partly Cloudy
8704,2024-11-21,14.792237,120.293864,14.817908,120.28144,07:02:58,07:20:38,Thunderstorm
8705,2024-11-11,14.824878,120.280089,14.877265,120.232942,06:14:42,06:55:46,Cloudy
8706,2024-11-06,14.856651,120.289858,14.824401,120.282914,19:56:31,20:23:20,Rain
8707,2024-10-12,14.820534,120.276215,14.823215,120.287384,14:35:35,14:44:09,Light Rain
8708,2024-11-01,14.842911,120.28639,14.826657,120.272741,10:46:24,10:56:21,Light Rain
8709,2024-05-13,14.837166,120.278895,14.822866,120.301959,12:43:43,12:55:12,Mostly Clear
8710,2024-06-05,14.841672,120.286981,14.830982,120.289242,16:39:59,16:45:23,Dense Drizzle
8711,2024-07-29,14.840007,120.284083,14.82502,120.283732,19:15:50,19:29:38,Partly Cloudy
8712,2024-06-07,14.823948,120.288802,14.820108,120.275164,06:10:30,06:20:36,Partly Cloudy
8713,2024-03-13,14.818836,120.284313,14.840358,120.285374,19:52:09,20:06:18,Partly Cloudy
8714,2024-01-30,14.838299,120.285841,14.82859,120.285863,19:30:43,19:37:15,Mostly Clear
8715,2024-07-08,14.792154,120.294244,14.836187,120.290312,12:28:42,12:50:28,Mostly Clear
8716,2024-07-06,14.819237,120.279223,14.828323,120.294814,06:37:22,06:46:35,Drizzle
8717,2024-07-22,14.825062,120.276728,14.824342,120.279953,17:02:48,17:06:14,Cloudy
8718,2024-04-09,14.828892,120.281376,14.824081,120.279695,18:28:32,18:32:44,Cloudy
8719,2024-12-29,14.824337,120.282933,14.836881,120.282991,06:33:59,06:41:12,Clear
8720,2024-01-22,14.841433,120.286422,14.771954,120.257903,09:42:27,10:20:48,Clear
8721,2024-04-09,14.856884,120.289934,14.847794,120.254458,16:39:27,16:54:07,Clear
8722,2024-02-20,14.823651,120.289176,14.82655,120.272682,08:55:54,09:09:07,Clear
8723,2024-05-12,14.823347,120.299903,14.873109,120.234916,05:33:14,06:01:50,Cloudy
8724,2024-06-14,14.840024,120.283613,14.838501,120.285659,16:47:42,16:51:11,Mostly Clear
8725,2024-04-04,14.824222,120.279734,14.832858,120.282191,13:00:50,13:06:04,Mostly Clear
8726,2024-07-28,14.830028,120.28903,14.837783,120.267935,20:38:26,20:49:10,Cloudy
8727,2024-03-10,14.827976,120.294521,14.819385,120.284059,22:44:49,22:53:10,Partly Cloudy
8728,2024-12-16,14.868038,120.292503,14.838016,120.278539,08:17:05,08:37:24,Partly Cloudy
8729,2024-03-18,14.835943,120.283239,14.835031,120.281563,05:08:59,05:13:05,Mostly Clear
8730,2024-09-29,14.822349,120.283286,14.820557,120.276551,17:56:30,18:01:04,Cloudy
8731,2024-06-27,14.832799,120.285588,14.825422,120.280305,08:20:52,08:29:08,Cloudy
8732,2024-01-08,14.836362,120.282966,14.824044,120.280293,21:20:34,21:26:51,Clear
8733,2024-11-18,14.815546,120.283205,14.824056,120.290107,18:52:03,18:58:22,Light Rain
8734,2024-11-20,14.840808,120.286999,14.839811,120.28405,11:35:29,11:39:24,Cloudy
8735,2024-05-01,14.821164,120.284301,14.827336,120.282137,05:48:05,05:53:14,Mostly Clear
8736,2024-10-08,14.837627,120.278608,14.764712,120.25316,18:25:33,19:21:37,Drizzle
8737,2024-11-13,14.838323,120.284096,14.822442,120.302141,19:40:06,19:58:38,Heavy Rain
8738,2024-04-30,14.839949,120.282739,14.882439,120.236038,18:49:17,19:15:01,Clear
8739,2024-10-06,14.838002,120.268014,14.841679,120.281929,17:20:54,17:30:16,Partly Cloudy
8740,2024-05-17,14.775582,120.307929,14.82455,120.280813,18:36:02,18:59:19,Clear
8741,2024-07-29,14.824081,120.289458,14.764767,120.293154,06:06:19,06:45:12,Cloudy
8742,2024-07-31,14.82081,120.27572,14.837055,120.290133,19:22:59,19:40:49,Partly Cloudy
8743,2024-08-07,14.823218,120.287493,14.829211,120.280101,13:30:20,13:37:58,Partly Cloudy
8744,2024-03-31,14.835897,120.28359,14.824088,120.280124,11:44:33,11:53:05,Mostly Clear
8745,2024-01-19,14.818684,120.28422,14.842531,120.286926,11:58:48,12:10:55,Cloudy
8746,2024-01-10,14.843381,120.286765,14.819052,120.283838,19:07:44,19:24:29,Mostly Clear
8747,2024-06-22,14.877429,120.235248,14.836164,120.2824,19:55:30,20:23:41,Partly Cloudy
8748,2024-09-17,14.827078,120.280023,14.837856,120.279407,16:31:56,16:35:56,Mostly Clear
8749,2024-09-26,14.849767,120.264588,14.82825,120.294695,06:01:47,06:22:05,Rain
8750,2024-03-11,14.85699,120.28986,14.82198,120.298431,17:39:25,18:00:39,Mostly Clear
8751,2024-05-19,14.817496,120.281461,14.851395,120.263029,19:52:43,20:21:24,Light Drizzle
8752,2024-01-20,14.797531,120.271326,14.830438,120.289283,12:54:11,13:11:17,Clear
8753,2024-08-21,14.82506,120.278085,14.839918,120.283971,09:05:15,09:14:49,Thunderstorm with Hail
8754,2024-06-22,14.820682,120.283813,14.829143,120.298489,18:47:08,18:55:33,Partly Cloudy
8755,2024-01-11,14.826908,120.28066,14.818589,120.278565,19:36:52,19:42:59,Mostly Clear
8756,2024-08-16,14.832614,120.282018,14.82284,120.302381,16:00:26,16:10:00,Light Drizzle
8757,2024-11-25,14.818174,120.284179,14.837636,120.278466,08:31:42,08:48:52,Partly Cloudy
8758,2024-04-05,14.82179,120.298275,14.87351,120.235685,15:27:49,16:20:05,Partly Cloudy
8759,2024-04-16,14.834925,120.288602,14.822714,120.287762,07:45:57,07:52:53,Mostly Clear
8760,2024-03-15,14.847493,120.255,14.839562,120.284031,17:02:34,17:15:14,Partly Cloudy
8761,2024-07-14,14.830903,120.288442,14.820866,120.274041,21:09:48,21:18:04,Drizzle
8762,2024-09-04,14.839258,120.283129,14.776345,120.307151,18:06:05,18:48:11,Cloudy
8763,2024-03-04,14.823002,120.283077,14.839692,120.283491,15:43:57,15:55:13,Partly Cloudy
8764,2024-12-13,14.828772,120.281726,14.82652,120.282635,19:55:55,19:59:06,Light Drizzle
8765,2024-10-26,14.821666,120.275589,14.820275,120.275903,09:56:11,09:59:29,Rain
8766,2024-04-09,14.849742,120.265404,14.881622,120.236408,18:20:18,18:42:05,Mostly Clear
8767,2024-03-06,14.843555,120.285427,14.792352,120.295184,16:29:03,16:56:26,Clear
8768,2024-09-29,14.820098,120.284484,14.82143,120.27171,18:45:00,18:53:18,Partly Cloudy
8769,2024-10-15,14.84885,120.290862,14.822938,120.301669,08:48:48,09:11:36,Rain
8770,2024-07-27,14.824117,120.279808,14.887708,120.237733,22:00:02,22:43:13,Drizzle
8771,2024-01-19,14.824473,120.279385,14.833348,120.282529,06:10:35,06:18:10,Clear
8772,2024-05-15,14.824755,120.279894,14.836674,120.283504,06:23:30,06:31:58,Clear
8773,2024-12-07,14.775575,120.307761,14.820921,120.275467,18:55:00,19:31:00,Clear
8774,2024-02-01,14.83896,120.284794,14.817775,120.284137,08:23:47,08:39:54,Partly Cloudy
8775,2024-03-17,14.877472,120.235134,14.792247,120.294141,11:20:06,12:06:55,Clear
8776,2024-07-27,14.887964,120.237465,14.824427,120.289081,13:56:20,14:33:16,Cloudy
8777,2024-08-04,14.823989,120.289624,14.829548,120.286587,08:42:39,08:50:02,Mostly Clear
8778,2024-06-13,14.824269,120.279265,14.828645,120.281996,14:28:11,14:32:51,Partly Cloudy
8779,2024-01-23,14.818946,120.277809,14.840081,120.285568,22:33:45,22:43:46,Mostly Clear
8780,2024-07-28,14.817982,120.281041,14.827668,120.282396,07:08:47,07:18:10,Cloudy
8781,2024-04-05,14.82916,120.287165,14.815723,120.282641,14:29:04,14:37:55,Partly Cloudy
8782,2024-12-23,14.848178,120.254467,14.838132,120.285723,15:33:17,15:45:23,Cloudy
8783,2024-06-17,14.820086,120.283837,14.821571,120.27819,18:18:37,18:22:31,Light Rain
8784,2024-06-29,14.82111,120.275521,14.815751,120.283486,06:13:46,06:20:45,Clear
8785,2024-09-02,14.843727,120.285767,14.841444,120.285648,08:11:27,08:15:26,Partly Cloudy
8786,2024-02-19,14.847838,120.255169,14.828195,120.285456,08:20:14,08:33:48,Mostly Clear
8787,2024-06-14,14.851174,120.26243,14.842672,120.287761,07:40:27,07:54:19,Fog
8788,2024-01-10,14.824338,120.277283,14.841095,120.286848,15:49:43,15:58:29,Cloudy
8789,2024-01-25,14.81962,120.283808,14.821486,120.273837,19:10:20,19:17:28,Mostly Clear
8790,2024-08-05,14.843412,120.281423,14.818919,120.284475,08:58:59,09:11:44,Rain
8791,2024-09-21,14.821949,120.272206,14.823944,120.289697,18:48:44,18:57:34,Partly Cloudy
8792,2024-12-08,14.824418,120.280629,14.83845,120.284394,06:12:00,06:20:22,Clear
8793,2024-01-10,14.828951,120.280985,14.82882,120.287375,18:58:10,19:02:44,Clear
8794,2024-12-12,14.818058,120.281351,14.819401,120.284229,19:12:49,19:16:44,Clear
8795,2024-07-06,14.823373,120.287949,14.835174,120.282019,22:42:01,22:49:58,Rain
8796,2024-11-28,14.843038,120.281929,14.825095,120.276995,15:19:51,15:27:39,Dense Drizzle
8797,2024-09-24,14.882135,120.236547,14.776276,120.307078,08:54:33,10:02:09,Partly Cloudy
8798,2024-12-03,14.824057,120.289585,14.820128,120.283909,10:39:16,10:43:39,Mostly Clear
8799,2024-10-23,14.877138,120.231734,14.841322,120.287044,18:10:59,18:48:43,Cloudy
8800,2024-03-16,14.877591,120.235072,14.776027,120.307921,11:03:27,11:50:28,Partly Cloudy
8801,2024-05-19,14.84255,120.287356,14.828345,120.285976,18:05:27,18:17:45,Cloudy
8802,2024-07-30,14.841661,120.283667,14.8157,120.283549,08:13:52,08:27:40,Clear
8803,2024-06-20,14.824527,120.279755,14.772204,120.258239,17:03:42,17:35:06,Light Drizzle
8804,2024-04-17,14.815669,120.283094,14.837149,120.283123,20:22:31,20:36:17,Cloudy
8805,2024-10-23,14.836147,120.286612,14.821136,120.28342,12:41:46,12:49:46,Rain
8806,2024-03-19,14.84933,120.291027,14.817752,120.280925,06:22:14,06:42:16,Clear
8807,2024-06-03,14.849102,120.26483,14.818471,120.281636,07:20:27,07:45:17,Light Drizzle
8808,2024-04-30,14.842883,120.287586,14.829413,120.286676,18:13:31,18:22:26,Drizzle
8809,2024-05-14,14.821021,120.275519,14.842446,120.287247,08:52:49,09:04:17,Light Rain
8810,2024-01-26,14.824216,120.300085,14.877084,120.232143,06:20:31,07:17:08,Cloudy
8811,2024-02-18,14.887743,120.236877,14.819671,120.278392,11:54:20,12:19:44,Partly Cloudy
8812,2024-10-17,14.839172,120.284868,14.82469,120.280123,18:11:20,18:22:33,Drizzle
8813,2024-09-15,14.819029,120.284326,14.842042,120.287359,17:23:38,17:41:54,Drizzle
8814,2024-11-26,14.81919,120.283709,14.836357,120.284083,21:00:38,21:07:41,Cloudy
8815,2024-01-24,14.876771,120.233156,14.815515,120.283231,07:51:28,08:43:30,Light Rain
8816,2024-11-09,14.840081,120.284592,14.84051,120.286691,06:43:41,06:48:32,Light Drizzle
8817,2024-09-09,14.824249,120.27978,14.878003,120.235045,18:25:05,19:04:51,Light Rain
8818,2024-11-02,14.805585,120.322277,14.817341,120.284239,17:45:52,18:05:33,Heavy Rain
8819,2024-02-23,14.829746,120.287001,14.805818,120.32209,06:26:30,06:53:07,Clear
8820,2024-02-14,14.821065,120.278702,14.839671,120.285927,07:05:17,07:22:45,Light Drizzle
8821,2024-04-14,14.842286,120.287434,14.825335,120.277665,22:24:29,22:32:17,Clear
8822,2024-12-27,14.877079,120.231938,14.820648,120.275195,18:31:41,19:00:46,Drizzle
8823,2024-10-16,14.828097,120.286347,14.82831,120.285442,16:58:04,17:01:34,Partly Cloudy
8824,2024-06-07,14.84016,120.286455,14.837864,120.278252,06:04:57,06:11:03,Fog
8825,2024-10-16,14.820691,120.284011,14.828904,120.280539,08:43:27,08:51:19,Cloudy
8826,2024-04-05,14.841326,120.286338,14.764532,120.292731,07:09:14,08:12:27,Clear
8827,2024-01-30,14.825153,120.278139,14.823494,120.289303,18:57:26,19:04:20,Clear
8828,2024-04-12,14.828063,120.295135,14.791915,120.29425,19:17:50,19:36:32,Partly Cloudy
8829,2024-06-28,14.820212,120.276538,14.856779,120.289995,06:56:40,07:18:50,Light Drizzle
8830,2024-04-25,14.877056,120.233466,14.841331,120.285686,07:54:21,08:22:41,Mostly Clear
8831,2024-01-11,14.877094,120.232961,14.820549,120.284273,08:56:06,09:26:10,Mostly Clear
8832,2024-09-28,14.849065,120.264428,14.88224,120.236033,19:01:07,19:22:00,Light Rain
8833,2024-02-05,14.827781,120.281821,14.848736,120.253785,18:51:08,19:11:05,Partly Cloudy
8834,2024-03-03,14.857089,120.289504,14.848559,120.315009,18:44:29,19:03:09,Clear
8835,2024-04-23,14.837513,120.267972,14.820336,120.275539,22:36:42,22:46:28,Mostly Clear
8836,2024-12-18,14.821081,120.27902,14.833394,120.284945,13:27:38,13:35:27,Clear
8837,2024-01-16,14.82513,120.28006,14.824826,120.280465,20:06:51,20:09:58,Partly Cloudy
8838,2024-01-16,14.838698,120.282929,14.836451,120.278138,15:57:27,16:01:58,Partly Cloudy
8839,2024-02-04,14.842674,120.287026,14.822738,120.271973,18:47:49,19:00:46,Mostly Clear
8840,2024-08-24,14.848373,120.254079,14.822367,120.298156,08:45:08,09:20:43,Cloudy
8841,2024-12-01,14.827124,120.280007,14.828627,120.285959,17:44:42,17:49:43,Dense Drizzle
8842,2024-01-05,14.819809,120.283488,14.820831,120.274749,19:40:36,19:46:45,Mostly Clear
8843,2024-03-11,14.824019,120.278664,14.824499,120.289642,17:20:06,17:25:45,Clear
8844,2024-02-21,14.826322,120.272749,14.83487,120.288012,19:51:14,20:03:41,Cloudy
8845,2024-09-03,14.828768,120.285553,14.820836,120.275908,12:21:44,12:29:36,Dense Drizzle
8846,2024-03-31,14.825012,120.281752,14.877011,120.233775,13:23:14,13:44:39,Clear
8847,2024-10-11,14.817589,120.284214,14.831308,120.288924,10:44:11,10:53:52,Mostly Clear
8848,2024-11-03,14.839258,120.284463,14.805896,120.322786,22:58:01,23:20:59,Cloudy
8849,2024-07-11,14.841267,120.286627,14.824916,120.280265,09:37:08,09:46:10,Rain
8850,2024-09-24,14.830591,120.289364,14.828809,120.287191,18:14:31,18:19:46,Heavy Rain
8851,2024-08-20,14.881862,120.236335,14.839481,120.284462,12:59:33,13:23:13,Cloudy
8852,2024-10-21,14.789667,120.282502,14.82328,120.300698,18:59:52,19:20:54,Light Drizzle
8853,2024-01-21,14.839638,120.285846,14.827572,120.295114,09:58:11,10:07:21,Partly Cloudy
8854,2024-03-25,14.828397,120.281862,14.852065,120.255767,22:57:44,23:12:19,Cloudy
8855,2024-02-28,14.819496,120.284006,14.825112,120.281777,13:43:58,13:48:12,Clear
8856,2024-09-22,14.838521,120.283286,14.828254,120.284967,14:22:15,14:27:08,Cloudy
8857,2024-07-26,14.848484,120.315302,14.835817,120.283068,09:52:18,10:10:20,Drizzle
8858,2024-06-05,14.816359,120.283338,14.824221,120.279835,08:05:56,08:12:48,Dense Drizzle
8859,2024-11-04,14.771594,120.258452,14.826413,120.272083,05:23:26,05:52:14,Cloudy
8860,2024-03-18,14.842689,120.287201,14.836754,120.267619,21:58:15,22:05:52,Mostly Clear
8861,2024-09-19,14.831109,120.289044,14.821932,120.298637,11:43:30,11:50:00,Partly Cloudy
8862,2024-01-18,14.823588,120.300313,14.83544,120.28193,08:49:41,09:10:18,Clear
8863,2024-02-08,14.823975,120.27854,14.83065,120.273165,17:34:08,17:39:26,Partly Cloudy
8864,2024-01-16,14.817785,120.28074,14.826547,120.2872,19:04:48,19:12:45,Clear
8865,2024-04-12,14.823928,120.289388,14.848861,120.25465,06:06:25,06:28:45,Light Drizzle
8866,2024-05-30,14.824403,120.280373,14.826252,120.273609,12:30:28,12:33:55,Mostly Clear
8867,2024-04-28,14.827321,120.279916,14.821248,120.273715,17:55:13,18:03:29,Clear
8868,2024-01-10,14.847789,120.254885,14.821041,120.276083,17:22:58,17:41:57,Mostly Clear
8869,2024-09-11,14.818578,120.283597,14.848963,120.265425,17:29:51,17:52:00,Drizzle
8870,2024-01-14,14.83245,120.285483,14.827662,120.281869,06:51:37,06:57:45,Light Drizzle
8871,2024-08-26,14.877198,120.232923,14.849248,120.264839,21:38:43,21:55:39,Clear
8872,2024-01-11,14.820343,120.275937,14.877046,120.232779,19:34:54,20:30:14,Clear
8873,2024-04-25,14.836915,120.277708,14.823972,120.279728,17:53:30,18:03:40,Drizzle
8874,2024-05-26,14.820331,120.283955,14.828712,120.281194,18:39:12,18:43:49,Partly Cloudy
8875,2024-01-08,14.888024,120.237348,14.826598,120.279656,06:32:06,07:33:45,Clear
8876,2024-07-01,14.825931,120.28349,14.835362,120.281834,11:46:00,11:52:21,Cloudy
8877,2024-10-20,14.819643,120.28396,14.821893,120.298054,19:31:37,19:45:22,Light Rain
8878,2024-10-16,14.882168,120.235778,14.776789,120.307689,06:31:32,07:42:34,Heavy Rain
8879,2024-03-09,14.830027,120.2985,14.841358,120.286052,18:16:46,18:26:04,Mostly Clear
8880,2024-03-16,14.839547,120.285473,14.817919,120.28132,13:30:27,13:42:54,Clear
8881,2024-04-02,14.821128,120.274009,14.820007,120.283635,22:16:18,22:22:37,Clear
8882,2024-06-27,14.817724,120.284154,14.836609,120.278031,10:54:31,11:01:47,Clear
8883,2024-06-23,14.840407,120.286614,14.819233,120.284314,07:05:12,07:14:34,Drizzle
8884,2024-04-20,14.817532,120.281974,14.826273,120.271977,06:53:29,07:04:36,Mostly Clear
8885,2024-11-30,14.816033,120.283991,14.832839,120.282075,18:21:11,18:32:02,Light Drizzle
8886,2024-03-22,14.85669,120.289894,14.819644,120.28458,09:34:03,09:53:10,Partly Cloudy
8887,2024-01-30,14.819739,120.278625,14.840598,120.286649,16:55:16,17:07:28,Mostly Clear
8888,2024-04-01,14.88763,120.237486,14.851029,120.255991,18:00:36,18:20:15,Partly Cloudy
8889,2024-06-04,14.792045,120.294876,14.840379,120.286682,16:18:20,16:46:31,Mostly Clear
8890,2024-02-08,14.823649,120.289477,14.806342,120.322871,06:06:01,06:32:44,Partly Cloudy
8891,2024-12-02,14.823835,120.289451,14.819444,120.284104,07:12:40,07:19:23,Clear
8892,2024-11-27,14.841681,120.282556,14.841411,120.28645,06:31:23,06:36:23,Cloudy
8893,2024-01-09,14.82184,120.271312,14.819753,120.284452,06:37:28,06:44:22,Partly Cloudy
8894,2024-01-19,14.841883,120.282421,14.817781,120.281281,06:11:34,06:30:15,Clear
8895,2024-01-30,14.82365,120.279969,14.840897,120.286748,10:17:57,10:26:52,Mostly Clear
8896,2024-09-26,14.874142,120.235611,14.82677,120.287547,05:27:22,05:55:36,Cloudy
8897,2024-07-06,14.806518,120.322468,14.824589,120.280884,11:07:57,11:24:16,Clear
8898,2024-09-20,14.828861,120.281712,14.848472,120.254546,17:41:11,18:05:47,Clear
8899,2024-09-22,14.832235,120.285324,14.833081,120.281855,07:06:11,07:09:25,Clear
8900,2024-10-12,14.828275,120.295263,14.848696,120.254466,19:19:08,19:38:37,Drizzle
8901,2024-02-15,14.824461,120.278984,14.81985,120.275997,18:11:17,18:17:09,Partly Cloudy
8902,2024-03-14,14.824469,120.288781,14.820568,120.284113,11:32:30,11:37:41,Mostly Clear
8903,2024-07-31,14.828927,120.281997,14.830017,120.298765,19:27:06,19:34:29,Cloudy
8904,2024-09-19,14.824227,120.30089,14.83878,120.283172,08:04:55,08:26:00,Rain Showers
8905,2024-08-13,14.856831,120.28996,14.851188,120.256488,17:48:34,18:09:12,Light Drizzle
8906,2024-06-11,14.83673,120.277509,14.822488,120.302115,18:03:22,18:19:49,Clear
8907,2024-07-08,14.823975,120.289422,14.830546,120.289101,06:17:15,06:23:33,Light Rain
8908,2024-06-24,14.815559,120.283732,14.867712,120.292046,16:29:11,16:49:33,Drizzle
8909,2024-10-26,14.824228,120.289446,14.842126,120.282676,06:50:15,07:02:39,Cloudy
8910,2024-06-21,14.841342,120.285874,14.829103,120.287451,19:26:19,19:35:32,Rain
8911,2024-12-25,14.825006,120.280666,14.772142,120.258605,19:20:48,20:05:08,Clear
8912,2024-03-30,14.841725,120.285877,14.820057,120.283704,13:58:03,14:07:32,Mostly Clear
8913,2024-01-21,14.835586,120.288024,14.837036,120.267993,07:03:56,07:14:31,Mostly Clear
8914,2024-10-31,14.824128,120.279612,14.820601,120.27678,18:39:50,18:44:52,Partly Cloudy
8915,2024-02-14,14.878139,120.235315,14.843135,120.281147,19:17:37,19:45:15,Clear
8916,2024-03-18,14.839798,120.283505,14.815696,120.316945,21:23:41,21:41:16,Partly Cloudy
8917,2024-09-07,14.823206,120.30113,14.836733,120.290214,07:55:13,08:05:12,Thunderstorm
8918,2024-12-07,14.821425,120.273939,14.820845,120.276525,20:47:56,20:51:50,Partly Cloudy
8919,2024-10-16,14.836645,120.286652,14.827672,120.281809,08:09:45,08:19:19,Partly Cloudy
8920,2024-11-08,14.818986,120.283487,14.765046,120.292476,09:15:46,09:34:43,Rime Fog
8921,2024-07-27,14.817233,120.281056,14.835388,120.281937,16:14:07,16:23:15,Rain
8922,2024-03-18,14.842043,120.282262,14.836579,120.277636,06:52:29,06:57:50,Clear
8923,2024-07-13,14.806019,120.322351,14.820267,120.283463,06:04:36,06:31:01,Heavy Rain Showers
8924,2024-07-15,14.819867,120.283737,14.821208,120.278649,17:39:17,17:43:01,Thunderstorm
8925,2024-03-29,14.824786,120.28303,14.820122,120.284053,14:07:23,14:12:16,Cloudy
8926,2024-12-15,14.819973,120.284333,14.876718,120.232049,21:14:56,21:40:47,Clear
8927,2024-04-17,14.828489,120.282451,14.819087,120.278613,18:05:56,18:14:18,Mostly Clear
8928,2024-10-01,14.836438,120.287358,14.826411,120.272752,18:48:30,19:04:40,Thunderstorm with Hail
8929,2024-10-25,14.828618,120.280537,14.819795,120.284624,12:52:38,12:56:44,Rain
8930,2024-12-29,14.823834,120.290087,14.827753,120.285933,08:45:01,08:49:32,Clear
8931,2024-06-25,14.843426,120.286137,14.838354,120.283337,07:59:03,08:04:11,Clear
8932,2024-05-11,14.877123,120.233255,14.877605,120.23214,05:10:05,05:13:38,Rain Showers
8933,2024-10-25,14.833462,120.286061,14.821584,120.298719,15:07:09,15:13:44,Rain
8934,2024-02-28,14.818163,120.28439,14.822631,120.283126,11:18:36,11:22:20,Clear
8935,2024-12-01,14.822807,120.282862,14.820284,120.284118,17:11:36,17:15:21,Mostly Clear
8936,2024-04-21,14.849229,120.264812,14.835747,120.286664,08:46:23,08:59:42,Cloudy
8937,2024-12-02,14.828447,120.280942,14.820862,120.27481,17:16:02,17:24:49,Partly Cloudy
8938,2024-06-23,14.821803,120.278563,14.837528,120.277985,08:42:07,08:51:10,Clear
8939,2024-05-20,14.828381,120.285715,14.824334,120.279692,05:49:21,05:54:53,Partly Cloudy
8940,2024-01-02,14.826421,120.27333,14.851391,120.263081,19:35:46,19:51:20,Mostly Clear
8941,2024-09-02,14.848317,120.253914,14.877453,120.231755,08:00:50,08:30:22,Partly Cloudy
8942,2024-08-08,14.843512,120.286696,14.822336,120.301631,20:38:22,20:49:09,Rain Showers
8943,2024-10-25,14.827164,120.287521,14.881853,120.236224,07:50:49,08:37:33,Heavy Rain Showers
8944,2024-06-08,14.828258,120.28567,14.818773,120.283883,06:16:58,06:27:26,Heavy Rain
8945,2024-06-13,14.836343,120.283558,14.825182,120.281721,07:30:01,07:37:22,Heavy Rain
8946,2024-02-26,14.821438,120.273981,14.827162,120.282128,12:39:09,12:44:19,Cloudy
8947,2024-08-23,14.826754,120.282788,14.833516,120.281817,10:51:27,10:56:12,Fog
8948,2024-03-01,14.83525,120.287743,14.828957,120.280466,06:30:38,06:39:04,Clear
8949,2024-02-27,14.843603,120.285283,14.835833,120.289925,08:35:32,08:41:54,Light Rain
8950,2024-03-10,14.842486,120.287598,14.821196,120.275312,17:03:08,17:26:12,Light Drizzle
8951,2024-01-26,14.823101,120.287428,14.843033,120.287449,07:36:26,07:47:42,Clear
8952,2024-03-06,14.833026,120.282164,14.824581,120.28256,18:10:04,18:17:16,Clear
8953,2024-04-13,14.828345,120.29557,14.839701,120.285091,19:53:18,20:03:03,Partly Cloudy
8954,2024-10-08,14.842797,120.287312,14.837577,120.267486,17:09:46,17:25:24,Partly Cloudy
8955,2024-10-18,14.805811,120.322429,14.819198,120.27896,18:08:38,18:37:57,Partly Cloudy
8956,2024-05-27,14.824042,120.301004,14.826552,120.283135,07:52:16,08:05:31,Clear
8957,2024-08-24,14.877266,120.232529,14.820322,120.283859,18:34:58,19:17:55,Partly Cloudy
8958,2024-03-08,14.833087,120.281827,14.82431,120.289863,19:52:12,20:02:17,Partly Cloudy
8959,2024-09-17,14.820424,120.276481,14.877405,120.232044,20:35:12,20:59:48,Partly Cloudy
8960,2024-10-28,14.849698,120.264379,14.820507,120.283198,07:17:50,07:41:57,Rain Showers
8961,2024-10-20,14.828558,120.281642,14.839521,120.285157,17:49:24,17:57:19,Heavy Rain
8962,2024-01-02,14.83981,120.28359,14.764719,120.252263,19:01:40,19:41:18,Mostly Clear
8963,2024-11-11,14.821119,120.275425,14.82847,120.286932,12:23:42,12:30:05,Clear
8964,2024-07-13,14.823707,120.288957,14.806207,120.323206,17:12:50,17:35:58,Heavy Rain
8965,2024-06-27,14.82475,120.28328,14.818567,120.283569,08:40:18,08:44:16,Light Rain
8966,2024-10-14,14.825277,120.278062,14.820012,120.283349,14:18:29,14:23:49,Mostly Clear
8967,2024-10-30,14.827143,120.279738,14.848933,120.254341,17:41:39,18:08:31,Light Rain
8968,2024-08-01,14.827921,120.285818,14.824472,120.289969,17:51:04,17:55:22,Fog
8969,2024-02-01,14.815317,120.283085,14.877333,120.234834,20:46:08,21:26:40,Partly Cloudy
8970,2024-03-12,14.838375,120.285276,14.839099,120.284291,19:40:46,19:44:16,Mostly Clear
8971,2024-10-29,14.815656,120.283519,14.823803,120.300617,18:07:12,18:17:52,Cloudy
8972,2024-01-29,14.857405,120.290224,14.821366,120.271688,19:07:11,19:30:26,Partly Cloudy
8973,2024-02-11,14.826994,120.279344,14.824046,120.278911,12:23:14,12:25:39,Partly Cloudy
8974,2024-02-15,14.824108,120.280349,14.765076,120.293387,07:49:28,08:16:37,Partly Cloudy
8975,2024-07-09,14.776628,120.307336,14.826217,120.282902,07:17:44,07:48:56,Partly Cloudy
8976,2024-01-13,14.798169,120.271761,14.823926,120.289364,18:59:54,19:16:12,Partly Cloudy
8977,2024-11-23,14.838304,120.283763,14.835759,120.288258,13:53:06,13:57:22,Drizzle
8978,2024-08-06,14.825067,120.280367,14.826561,120.272976,09:36:22,09:41:23,Partly Cloudy
8979,2024-07-16,14.84322,120.287007,14.81756,120.284276,20:03:20,20:18:54,Mostly Clear
8980,2024-08-23,14.83516,120.287747,14.815674,120.283763,07:18:06,07:27:13,Rime Fog
8981,2024-11-16,14.877435,120.234812,14.829206,120.287496,17:56:37,18:35:27,Clear
8982,2024-10-22,14.829734,120.29885,14.817525,120.284336,17:58:34,18:09:44,Rain
8983,2024-12-21,14.841982,120.287504,14.848358,120.25456,19:04:30,19:20:22,Clear
8984,2024-07-14,14.824023,120.289724,14.775995,120.307212,07:13:55,07:49:01,Cloudy
8985,2024-12-13,14.839892,120.284895,14.81921,120.283929,07:12:39,07:25:16,Rime Fog
8986,2024-03-20,14.829454,120.286583,14.820268,120.283671,06:43:40,06:51:18,Clear
8987,2024-09-05,14.8362,120.289984,14.824414,120.280054,17:04:35,17:14:38,Clear
8988,2024-11-09,14.820966,120.27895,14.817765,120.28185,06:07:26,06:11:15,Cloudy
8989,2024-09-23,14.838241,120.286016,14.838021,120.283868,20:33:52,20:37:53,Cloudy
8990,2024-11-26,14.82831,120.284625,14.819698,120.283597,17:32:10,17:38:55,Mostly Clear
8991,2024-07-06,14.848121,120.254629,14.842743,120.287089,08:19:59,08:39:02,Clear
8992,2024-11-26,14.824074,120.279725,14.829292,120.287375,16:18:28,16:22:26,Rime Fog
8993,2024-12-21,14.83037,120.288505,14.830252,120.289316,07:43:30,07:47:15,Partly Cloudy
8994,2024-02-12,14.842635,120.281691,14.819891,120.284211,08:37:37,08:50:30,Partly Cloudy
8995,2024-07-07,14.832858,120.285779,14.836073,120.282961,18:10:32,18:14:47,Clear
8996,2024-12-20,14.848963,120.264997,14.828478,120.282148,16:47:15,17:03:24,Mostly Clear
8997,2024-02-21,14.834796,120.281846,14.833544,120.285742,17:23:42,17:28:07,Light Drizzle
8998,2024-02-21,14.821004,120.283687,14.818853,120.284324,13:01:19,13:05:39,Mostly Clear
8999,2024-02-21,14.823615,120.300667,14.856875,120.289942,15:44:02,15:58:53,Mostly Clear
9000,2024-11-08,14.820025,120.284179,14.819705,120.278657,17:34:53,17:38:21,Mostly Clear
9001,2024-12-20,14.842744,120.281972,14.882446,120.236667,14:57:31,15:23:51,Partly Cloudy
9002,2024-07-07,14.822878,120.287239,14.832677,120.285875,15:03:31,15:09:13,Mostly Clear
9003,2024-01-09,14.839552,120.284257,14.825943,120.272351,07:55:43,08:03:55,Mostly Clear
9004,2024-08-18,14.839208,120.284813,14.829688,120.287449,16:31:05,16:36:04,Rain Showers
9005,2024-05-30,14.841488,120.28278,14.841801,120.286627,18:22:24,18:27:47,Partly Cloudy
9006,2024-06-08,14.824249,120.289587,14.815387,120.282834,08:28:06,08:34:59,Light Rain
9007,2024-06-05,14.814876,120.316545,14.828478,120.286265,18:18:46,18:38:22,Cloudy
9008,2024-08-15,14.841265,120.282135,14.820113,120.284272,08:24:02,08:37:06,Rain
9009,2024-06-12,14.829132,120.287215,14.814962,120.317004,13:15:19,13:27:50,Clear
9010,2024-08-06,14.824901,120.277358,14.815118,120.283228,09:34:05,09:39:37,Clear
9011,2024-03-16,14.817879,120.282112,14.841663,120.282368,19:08:25,19:22:54,Partly Cloudy
9012,2024-03-02,14.828974,120.280428,14.839471,120.284669,18:01:37,18:08:02,Mostly Clear
9013,2024-12-23,14.824904,120.281013,14.82059,120.274907,18:50:28,18:55:39,Cloudy
9014,2024-03-18,14.842476,120.287557,14.831419,120.289271,17:31:07,17:39:14,Cloudy
9015,2024-05-11,14.829031,120.287216,14.830399,120.273758,06:31:54,06:42:31,Clear
9016,2024-03-31,14.877543,120.235812,14.823518,120.287236,07:09:36,07:45:54,Clear
9017,2024-04-21,14.851628,120.262456,14.824187,120.27909,15:37:19,15:56:40,Clear
9018,2024-12-10,14.849395,120.2646,14.826502,120.283388,08:31:21,08:43:50,Fog
9019,2024-05-06,14.797827,120.271859,14.840027,120.284676,11:30:39,11:53:13,Clear
9020,2024-11-21,14.829166,120.287156,14.848775,120.254635,06:57:53,07:15:53,Fog
9021,2024-09-01,14.823814,120.289376,14.874226,120.235623,10:49:00,11:26:45,Cloudy
9022,2024-12-08,14.849488,120.265101,14.805651,120.322413,13:37:24,14:11:53,Mostly Clear
9023,2024-05-05,14.839395,120.284546,14.843359,120.285766,12:17:17,12:20:19,Clear
9024,2024-12-13,14.843505,120.285945,14.841056,120.28713,16:06:36,16:10:29,Light Drizzle
9025,2024-07-18,14.877369,120.235728,14.824238,120.282926,19:02:27,19:51:38,Cloudy
9026,2024-09-05,14.815751,120.316127,14.851044,120.262832,20:52:48,21:21:42,Partly Cloudy
9027,2024-08-05,14.82892,120.281285,14.821015,120.27596,09:25:45,09:30:18,Dense Drizzle
9028,2024-04-26,14.81999,120.283635,14.792026,120.29438,17:27:45,17:41:25,Clear
9029,2024-09-03,14.827616,120.281795,14.824811,120.280034,09:28:51,09:30:56,Fog
9030,2024-01-20,14.849004,120.314388,14.82822,120.294851,20:55:18,21:11:06,Mostly Clear
9031,2024-06-12,14.824042,120.289721,14.877489,120.235022,08:19:38,08:58:32,Rain
9032,2024-06-22,14.822046,120.274373,14.826213,120.283527,19:36:26,19:45:25,Partly Cloudy
9033,2024-08-23,14.823944,120.2792,14.825101,120.280541,18:17:18,18:20:50,Cloudy
9034,2024-05-03,14.876636,120.231842,14.772374,120.258227,19:35:45,20:46:03,Mostly Clear
9035,2024-08-28,14.820525,120.278439,14.816035,120.283932,06:12:48,06:18:42,Partly Cloudy
9036,2024-01-22,14.837534,120.285523,14.835665,120.283657,11:29:16,11:32:24,Mostly Clear
9037,2024-01-11,14.84251,120.286881,14.820594,120.284691,15:29:19,15:36:43,Partly Cloudy
9038,2024-07-12,14.821098,120.276025,14.828565,120.281041,06:32:04,06:41:27,Heavy Rain
9039,2024-01-02,14.824458,120.281408,14.821197,120.275355,19:02:49,19:09:34,Rain
9040,2024-09-06,14.827669,120.281191,14.868158,120.291642,17:34:30,17:54:26,Light Rain
9041,2024-03-14,14.798024,120.271803,14.848677,120.314971,21:06:18,21:31:50,Mostly Clear
9042,2024-01-28,14.843128,120.287768,14.839717,120.284843,08:29:17,08:32:14,Heavy Rain
9043,2024-12-15,14.824813,120.283157,14.842625,120.288066,10:26:40,10:35:51,Mostly Clear
9044,2024-11-18,14.829985,120.298566,14.824294,120.280061,20:42:35,20:50:18,Cloudy
9045,2024-01-23,14.82405,120.279859,14.8189,120.284519,17:47:52,17:53:59,Clear
9046,2024-08-28,14.887757,120.238043,14.841381,120.286434,19:26:47,19:58:34,Heavy Rain
9047,2024-04-12,14.826585,120.282816,14.818139,120.281754,09:25:01,09:28:56,Clear
9048,2024-10-24,14.817737,120.2841,14.837011,120.28965,21:31:42,21:42:16,Partly Cloudy
9049,2024-03-12,14.830036,120.299003,14.821079,120.273635,18:59:24,19:24:32,Fog
9050,2024-12-24,14.849141,120.26554,14.877938,120.23452,06:23:50,06:46:56,Mostly Clear
9051,2024-03-31,14.825166,120.276803,14.823924,120.301317,17:58:10,18:11:06,Clear
9052,2024-09-03,14.820022,120.28422,14.826552,120.279628,06:50:40,06:57:19,Dense Drizzle
9053,2024-12-16,14.877272,120.23443,14.82228,120.273132,09:12:26,09:50:20,Rain
9054,2024-06-18,14.847597,120.254995,14.817924,120.280616,06:11:51,06:31:49,Cloudy
9055,2024-03-06,14.771642,120.258689,14.825025,120.279836,17:41:55,18:22:22,Clear
9056,2024-12-16,14.823494,120.289458,14.839639,120.284101,08:58:35,09:07:51,Clear
9057,2024-03-26,14.842483,120.28766,14.819564,120.283371,18:55:35,19:11:01,Fog
9058,2024-10-31,14.820252,120.283879,14.878252,120.235058,16:55:02,17:31:50,Drizzle
9059,2024-04-19,14.820289,120.276269,14.820689,120.284005,07:13:33,07:18:40,Mostly Clear
9060,2024-02-08,14.877415,120.232409,14.82513,120.279616,17:59:36,18:58:17,Fog
9061,2024-12-22,14.831026,120.289228,14.824354,120.279966,17:00:13,17:08:06,Drizzle
9062,2024-05-09,14.839496,120.284165,14.835333,120.282208,15:31:54,15:35:52,Clear
9063,2024-05-23,14.823012,120.28755,14.868006,120.291986,10:27:05,10:44:02,Mostly Clear
9064,2024-11-25,14.83952,120.283763,14.839477,120.284308,06:42:46,06:46:32,Clear
9065,2024-03-25,14.763801,120.252935,14.820895,120.275891,21:06:11,21:29:47,Mostly Clear
9066,2024-09-04,14.821026,120.283808,14.825136,120.279737,17:46:58,17:51:27,Fog
9067,2024-10-02,14.818957,120.284066,14.820265,120.275711,19:52:12,19:56:51,Rain Showers
9068,2024-01-04,14.818044,120.281589,14.832381,120.285789,18:49:33,18:59:17,Mostly Clear
9069,2024-07-10,14.820721,120.276665,14.823603,120.289806,13:43:05,13:49:59,Cloudy
9070,2024-07-14,14.84307,120.282263,14.764933,120.292389,07:48:46,08:38:33,Light Rain
9071,2024-10-28,14.824105,120.301237,14.839658,120.283442,08:47:11,09:04:56,Mostly Clear
9072,2024-03-11,14.83034,120.290009,14.839886,120.285336,17:52:07,17:58:24,Clear
9073,2024-05-19,14.820285,120.275634,14.775655,120.307504,06:51:58,07:31:54,Mostly Clear
9074,2024-09-07,14.818919,120.283852,14.842987,120.288116,10:58:29,11:10:10,Partly Cloudy
9075,2024-03-13,14.823687,120.279036,14.819107,120.283974,18:04:01,18:10:49,Cloudy
9076,2024-02-14,14.820296,120.28381,14.847796,120.25413,19:03:15,19:33:36,Mostly Clear
9077,2024-12-05,14.839577,120.283634,14.828286,120.294781,18:30:39,18:44:29,Partly Cloudy
9078,2024-04-10,14.823993,120.279221,14.791863,120.294939,14:47:10,15:06:18,Clear
9079,2024-03-02,14.868528,120.292149,14.789569,120.282034,08:32:13,09:25:06,Light Drizzle
9080,2024-10-25,14.828091,120.294995,14.823698,120.288937,20:20:08,20:23:55,Clear
9081,2024-04-21,14.856507,120.290262,14.830663,120.289175,05:32:39,05:46:21,Clear
9082,2024-11-01,14.824894,120.278101,14.815193,120.283646,13:37:26,13:42:29,Heavy Rain Showers
9083,2024-04-02,14.819328,120.284255,14.822237,120.298091,19:08:02,19:16:30,Clear
9084,2024-11-09,14.789228,120.28188,14.851195,120.255844,19:26:18,19:56:03,Clear
9085,2024-01-12,14.840229,120.284787,14.820598,120.275357,17:20:05,17:32:13,Partly Cloudy
9086,2024-10-23,14.829347,120.286948,14.824395,120.279714,06:20:47,06:28:42,Rain
9087,2024-02-06,14.815473,120.316205,14.820527,120.276481,17:52:08,18:29:02,Partly Cloudy
9088,2024-06-28,14.837654,120.278766,14.84796,120.254821,19:54:10,20:12:55,Clear
9089,2024-08-29,14.83318,120.28195,14.820422,120.284225,18:21:02,18:28:46,Heavy Rain
9090,2024-06-15,14.832844,120.281288,14.820102,120.276765,17:35:25,17:43:59,Rain
9091,2024-10-30,14.849424,120.254857,14.877043,120.231072,08:10:06,08:36:56,Mostly Clear
9092,2024-07-22,14.87715,120.231999,14.877632,120.23508,06:45:59,06:48:22,Clear
9093,2024-09-08,14.820404,120.283323,14.841346,120.286322,19:08:03,19:23:35,Clear
9094,2024-02-03,14.81754,120.281727,14.819293,120.278593,18:24:31,18:28:47,Partly Cloudy
9095,2024-11-18,14.820843,120.27601,14.840987,120.287084,05:18:27,05:30:06,Heavy Rain
9096,2024-08-15,14.824456,120.279609,14.820731,120.284013,07:09:01,07:14:58,Rain Showers
9097,2024-02-05,14.821315,120.283874,14.829148,120.286743,14:30:30,14:34:39,Cloudy
9098,2024-01-18,14.815796,120.316693,14.84907,120.26441,19:48:27,20:18:39,Light Drizzle
9099,2024-01-01,14.820021,120.276301,14.828535,120.295399,16:44:35,16:58:09,Partly Cloudy
9100,2024-06-09,14.789774,120.282049,14.805828,120.322731,18:26:45,18:58:04,Clear
9101,2024-04-05,14.843448,120.28615,14.839736,120.285043,13:21:34,13:25:05,Partly Cloudy
9102,2024-11-19,14.835579,120.281833,14.825065,120.280197,17:00:48,17:09:55,Drizzle
9103,2024-05-22,14.835705,120.28839,14.82232,120.272367,09:33:20,09:43:22,Clear
9104,2024-10-12,14.820736,120.275372,14.823802,120.279219,06:16:11,06:21:37,Mostly Clear
9105,2024-09-22,14.830411,120.288568,14.824915,120.28027,15:26:05,15:30:38,Clear
9106,2024-02-01,14.837978,120.285805,14.828386,120.285405,18:38:28,18:44:56,Clear
9107,2024-09-13,14.820171,120.275545,14.836951,120.283164,07:48:28,07:56:54,Rain
9108,2024-03-27,14.873574,120.235561,14.83941,120.285658,07:58:33,08:32:27,Clear
9109,2024-01-08,14.824002,120.300865,14.789689,120.282228,07:13:38,07:35:17,Mostly Clear
9110,2024-06-27,14.87357,120.235341,14.815227,120.31661,21:01:26,21:44:38,Light Rain
9111,2024-08-24,14.836794,120.277722,14.851111,120.255874,19:58:38,20:18:35,Light Rain
9112,2024-11-19,14.867744,120.29295,14.838415,120.283757,07:49:24,08:10:15,Rain
9113,2024-04-27,14.823301,120.2896,14.840189,120.286198,08:28:25,08:38:14,Partly Cloudy
9114,2024-10-09,14.839688,120.283435,14.821105,120.278681,18:36:09,18:46:54,Cloudy
9115,2024-02-15,14.819834,120.275699,14.841533,120.286961,05:01:23,05:11:22,Clear
9116,2024-02-24,14.806165,120.322681,14.829868,120.299036,17:31:39,17:51:29,Clear
9117,2024-06-07,14.825056,120.280743,14.815807,120.283852,07:16:42,07:25:22,Mostly Clear
9118,2024-11-22,14.820674,120.284047,14.843062,120.287179,17:42:29,17:57:43,Dense Drizzle
9119,2024-03-11,14.830884,120.289655,14.852243,120.255894,18:01:38,18:23:24,Clear
9120,2024-06-15,14.877568,120.23476,14.823661,120.300577,19:15:51,20:19:22,Light Rain
9121,2024-09-09,14.820201,120.284299,14.821121,120.274579,18:57:23,19:04:04,Cloudy
9122,2024-01-01,14.830798,120.288504,14.843231,120.281725,10:27:43,10:33:39,Partly Cloudy
9123,2024-10-25,14.839928,120.284071,14.764028,120.253465,14:33:10,15:00:30,Cloudy
9124,2024-06-19,14.823682,120.289978,14.848839,120.254732,22:40:22,22:58:57,Partly Cloudy
9125,2024-10-14,14.836772,120.28334,14.828149,120.286356,05:12:18,05:16:54,Light Drizzle
9126,2024-06-12,14.836605,120.289708,14.837195,120.283743,19:22:25,19:28:12,Clear
9127,2024-11-17,14.824078,120.301034,14.821947,120.297986,22:14:38,22:17:22,Mostly Clear
9128,2024-04-11,14.848605,120.290868,14.820425,120.275467,18:40:33,19:00:44,Drizzle
9129,2024-03-04,14.789947,120.282575,14.836218,120.290744,11:42:14,12:09:36,Clear
9130,2024-01-06,14.825079,120.282571,14.882113,120.236689,19:47:05,20:26:58,Cloudy
9131,2024-08-03,14.830594,120.289156,14.841942,120.286868,18:32:00,18:39:30,Heavy Rain Showers
9132,2024-10-08,14.827803,120.295202,14.822525,120.283434,09:25:39,09:32:17,Light Rain
9133,2024-01-11,14.821195,120.278463,14.838669,120.284172,16:54:24,17:03:59,Partly Cloudy
9134,2024-09-26,14.823871,120.279378,14.829006,120.281365,15:22:24,15:27:09,Cloudy
9135,2024-08-28,14.831211,120.289278,14.85164,120.256321,17:05:59,17:31:01,Clear
9136,2024-04-30,14.877676,120.235029,14.827106,120.287351,12:36:41,13:14:31,Clear
9137,2024-09-19,14.839846,120.287103,14.818208,120.280992,08:35:48,08:50:54,Clear
9138,2024-04-17,14.877225,120.233348,14.833096,120.285394,07:30:56,08:07:23,Clear
9139,2024-01-17,14.815718,120.283484,14.836101,120.287112,09:40:29,09:52:32,Clear
9140,2024-05-25,14.828015,120.285384,14.827731,120.282463,07:47:47,07:51:49,Clear
9141,2024-03-26,14.868678,120.292323,14.82473,120.279985,19:08:50,19:32:21,Light Drizzle
9142,2024-08-07,14.820133,120.283967,14.81917,120.283947,06:09:21,06:12:34,Partly Cloudy
9143,2024-10-27,14.829626,120.287286,14.822115,120.298411,06:01:33,06:09:35,Rain
9144,2024-07-23,14.836123,120.286593,14.823306,120.300095,19:27:26,19:39:10,Mostly Clear
9145,2024-03-18,14.829602,120.298703,14.824255,120.279853,13:36:23,13:43:21,Partly Cloudy
9146,2024-03-07,14.839513,120.283999,14.824122,120.279312,07:56:51,08:06:48,Clear
9147,2024-10-04,14.818657,120.283721,14.839733,120.285062,05:12:49,05:23:53,Partly Cloudy
9148,2024-07-05,14.824796,120.279732,14.836023,120.290639,22:34:51,22:41:19,Rain
9149,2024-08-22,14.789337,120.282662,14.823843,120.289553,17:58:22,18:17:32,Fog
9150,2024-09-26,14.841329,120.283134,14.828687,120.281778,06:50:11,06:57:55,Cloudy
9151,2024-08-16,14.772309,120.258285,14.824871,120.28028,19:56:41,20:21:13,Cloudy
9152,2024-04-22,14.824679,120.282617,14.772727,120.257843,19:46:04,20:30:37,Cloudy
9153,2024-03-08,14.83489,120.282088,14.817178,120.283718,19:56:47,20:04:51,Light Drizzle
9154,2024-11-10,14.837332,120.278971,14.817727,120.284072,17:48:06,18:00:01,Drizzle
9155,2024-11-02,14.848193,120.254266,14.789957,120.282407,07:56:42,08:28:36,Clear
9156,2024-03-14,14.833069,120.285814,14.821873,120.298448,08:04:52,08:20:48,Light Drizzle
9157,2024-08-25,14.818676,120.283462,14.764413,120.253076,17:59:33,18:27:50,Thunderstorm
9158,2024-09-17,14.843933,120.285645,14.84162,120.286476,07:41:08,07:45:17,Light Rain
9159,2024-05-07,14.764651,120.25324,14.815549,120.316966,17:30:39,18:41:42,Partly Cloudy
9160,2024-11-23,14.824298,120.279879,14.84299,120.287216,06:39:29,06:49:29,Mostly Clear
9161,2024-10-03,14.840159,120.286174,14.830244,120.289989,09:59:03,10:05:19,Clear
9162,2024-03-07,14.828699,120.295185,14.832543,120.282194,14:59:31,15:06:52,Rain Showers
9163,2024-03-02,14.823186,120.282242,14.792082,120.294487,05:35:54,05:54:50,Mostly Clear
9164,2024-03-02,14.824683,120.280008,14.817341,120.284693,17:21:26,17:28:33,Mostly Clear
9165,2024-08-29,14.819633,120.278824,14.842298,120.287791,20:42:23,20:55:43,Cloudy
9166,2024-08-12,14.887662,120.237817,14.835265,120.281605,07:56:49,09:05:32,Partly Cloudy
9167,2024-02-24,14.819638,120.283667,14.824187,120.279241,17:59:39,18:03:09,Partly Cloudy
9168,2024-09-11,14.826529,120.287655,14.842712,120.287281,06:03:34,06:16:10,Light Drizzle
9169,2024-01-10,14.826983,120.279953,14.821309,120.272241,22:39:53,22:44:44,Clear
9170,2024-06-26,14.815866,120.28338,14.822653,120.301511,12:57:41,13:10:09,Light Drizzle
9171,2024-07-30,14.832376,120.281688,14.887895,120.237557,12:18:09,12:43:28,Partly Cloudy
9172,2024-07-24,14.835404,120.28241,14.820865,120.278522,18:22:02,18:31:26,Light Rain
9173,2024-12-17,14.816184,120.28286,14.821444,120.282841,17:21:02,17:26:01,Drizzle
9174,2024-03-31,14.824577,120.280523,14.824774,120.281286,05:58:33,06:01:01,Cloudy
9175,2024-01-16,14.825112,120.281897,14.848047,120.254509,19:40:32,19:56:45,Mostly Clear
9176,2024-09-13,14.820292,120.284691,14.821778,120.298015,19:28:36,19:34:39,Light Drizzle
9177,2024-12-05,14.839207,120.283111,14.851723,120.263141,18:21:40,18:33:21,Clear
9178,2024-03-04,14.843566,120.286112,14.824518,120.289267,08:49:42,09:02:14,Clear
9179,2024-03-29,14.824822,120.281049,14.827562,120.2861,16:34:50,16:39:20,Mostly Clear
9180,2024-06-20,14.82946,120.286431,14.817751,120.281348,14:19:11,14:25:19,Rime Fog
9181,2024-07-09,14.820715,120.284433,14.824383,120.289384,19:45:58,19:51:25,Partly Cloudy
9182,2024-03-05,14.820888,120.284086,14.826702,120.272167,18:01:56,18:13:28,Partly Cloudy
9183,2024-11-22,14.776429,120.307448,14.835241,120.287855,17:59:30,18:36:49,Rain Showers
9184,2024-06-25,14.805909,120.322866,14.823975,120.279175,18:53:18,19:23:42,Drizzle
9185,2024-04-16,14.849116,120.25448,14.839747,120.284161,13:01:05,13:15:42,Clear
9186,2024-07-22,14.836151,120.286265,14.821458,120.273822,19:32:45,19:46:01,Drizzle
9187,2024-10-18,14.818,120.28134,14.836302,120.283267,17:11:21,17:25:00,Partly Cloudy
9188,2024-02-25,14.827312,120.287358,14.82921,120.280391,08:20:54,08:27:15,Partly Cloudy
9189,2024-01-08,14.867993,120.292322,14.888098,120.237203,19:12:58,19:36:21,Partly Cloudy
9190,2024-05-21,14.828121,120.294663,14.819436,120.278799,17:29:13,17:38:20,Clear
9191,2024-07-31,14.848395,120.254441,14.764196,120.253434,14:56:45,15:24:59,Light Drizzle
9192,2024-06-17,14.820103,120.284161,14.764469,120.253034,18:30:04,18:57:10,Rain Showers
9193,2024-03-02,14.821163,120.283197,14.791993,120.294575,20:56:14,21:12:29,Cloudy
9194,2024-04-13,14.820776,120.275719,14.827,120.27996,07:00:44,07:06:44,Partly Cloudy
9195,2024-06-08,14.820541,120.275488,14.826842,120.282589,06:35:31,06:41:50,Light Drizzle
9196,2024-05-12,14.828689,120.28776,14.806258,120.323539,07:57:15,08:24:47,Clear
9197,2024-06-02,14.789792,120.282068,14.82334,120.282948,15:30:49,15:45:17,Cloudy
9198,2024-11-24,14.836603,120.290216,14.823713,120.289927,21:13:56,21:21:54,Heavy Rain
9199,2024-03-03,14.817759,120.284156,14.824146,120.288847,15:52:54,15:59:17,Cloudy
9200,2024-06-22,14.821394,120.271765,14.848349,120.255165,15:03:24,15:15:17,Mostly Clear
9201,2024-08-01,14.849365,120.265354,14.829083,120.287451,12:46:34,12:57:49,Heavy Rain
9202,2024-02-25,14.848883,120.291178,14.824681,120.280291,06:52:04,07:11:18,Clear
9203,2024-11-09,14.839704,120.285064,14.819476,120.278399,14:39:12,14:48:36,Drizzle
9204,2024-11-16,14.78943,120.281498,14.821413,120.278652,17:55:52,18:18:37,Partly Cloudy
9205,2024-07-02,14.830088,120.27393,14.820133,120.275811,21:19:31,21:26:15,Partly Cloudy
9206,2024-03-20,14.838934,120.282858,14.818886,120.28393,17:26:37,17:37:58,Mostly Clear
9207,2024-02-21,14.836989,120.290613,14.827074,120.287586,17:50:37,17:56:23,Rime Fog
9208,2024-01-03,14.848847,120.290926,14.818602,120.284031,07:32:09,07:51:59,Partly Cloudy
9209,2024-04-15,14.88747,120.237291,14.838091,120.283869,15:03:32,15:33:17,Cloudy
9210,2024-05-01,14.851091,120.263037,14.836535,120.29021,08:19:01,08:35:09,Cloudy
9211,2024-02-07,14.82417,120.278492,14.819622,120.283635,06:23:40,06:28:58,Partly Cloudy
9212,2024-04-01,14.825151,120.281934,14.873996,120.235397,09:52:37,10:23:52,Fog
9213,2024-09-08,14.836901,120.290153,14.819565,120.28399,19:12:46,19:25:29,Rain Showers
9214,2024-03-20,14.843239,120.281818,14.848885,120.264967,07:30:26,07:46:11,Clear
9215,2024-04-06,14.873336,120.235833,14.828913,120.280095,08:48:35,09:33:53,Clear
9216,2024-12-30,14.849352,120.254885,14.82079,120.279082,17:26:14,17:47:34,Light Drizzle
9217,2024-11-29,14.841944,120.283435,14.775811,120.308019,06:58:21,07:36:11,Rain
9218,2024-10-31,14.789183,120.282018,14.887839,120.237069,18:59:50,20:18:25,Mostly Clear
9219,2024-02-28,14.820434,120.276228,14.825245,120.280814,18:56:55,19:01:00,Light Drizzle
9220,2024-06-29,14.833309,120.285668,14.821914,120.27213,06:16:45,06:26:57,Clear
9221,2024-10-17,14.829132,120.288059,14.775704,120.30728,22:22:39,22:51:24,Partly Cloudy
9222,2024-08-05,14.830892,120.288937,14.825104,120.281627,14:26:25,14:32:33,Partly Cloudy
9223,2024-12-16,14.841858,120.286591,14.829211,120.279793,15:32:40,15:41:25,Partly Cloudy
9224,2024-12-26,14.827364,120.279307,14.822326,120.302304,18:49:47,19:03:48,Cloudy
9225,2024-11-14,14.842349,120.288282,14.838649,120.28618,09:32:54,09:37:05,Dense Drizzle
9226,2024-07-11,14.832935,120.282156,14.81931,120.278375,19:09:36,19:19:05,Drizzle
9227,2024-08-22,14.843636,120.286182,14.820877,120.275022,07:39:57,08:06:09,Dense Drizzle
9228,2024-02-29,14.847595,120.254628,14.849646,120.264998,16:47:39,16:55:02,Cloudy
9229,2024-07-17,14.818245,120.281402,14.850984,120.262691,18:38:16,19:03:31,Heavy Rain
9230,2024-04-29,14.818474,120.284014,14.847475,120.254454,19:49:31,20:10:27,Violent Rain Showers
9231,2024-08-11,14.824606,120.27724,14.851354,120.263174,17:02:20,17:22:40,Clear
9232,2024-02-21,14.829083,120.279616,14.829132,120.288069,18:39:19,18:45:15,Clear
9233,2024-03-25,14.8157,120.283433,14.824703,120.283035,19:04:16,19:10:32,Partly Cloudy
9234,2024-06-27,14.839154,120.284453,14.849538,120.264872,18:03:58,18:17:59,Rime Fog
9235,2024-05-02,14.828666,120.281709,14.839225,120.284566,19:41:09,19:48:50,Mostly Clear
9236,2024-11-14,14.839799,120.284946,14.837331,120.278814,22:39:04,22:44:33,Cloudy
9237,2024-10-09,14.828044,120.286241,14.836158,120.283156,16:29:49,16:33:32,Light Drizzle
9238,2024-05-03,14.836072,120.290749,14.821055,120.278647,17:42:58,17:56:48,Light Rain
9239,2024-10-09,14.822066,120.298545,14.820561,120.277415,10:12:51,10:20:27,Partly Cloudy
9240,2024-07-30,14.764726,120.292866,14.839658,120.285146,19:55:29,20:41:12,Light Drizzle
9241,2024-08-08,14.835191,120.287836,14.848289,120.254269,10:11:29,10:26:43,Dense Drizzle
9242,2024-02-14,14.819276,120.284435,14.847728,120.253938,10:11:38,10:31:47,Mostly Clear
9243,2024-09-24,14.805466,120.322684,14.847766,120.253803,19:03:01,19:45:51,Cloudy
9244,2024-11-09,14.867618,120.291959,14.820631,120.283769,06:43:38,07:17:49,Partly Cloudy
9245,2024-01-21,14.824938,120.281812,14.820829,120.275373,19:29:26,19:36:51,Mostly Clear
9246,2024-04-06,14.824987,120.277705,14.82516,120.279873,11:23:53,11:27:38,Mostly Clear
9247,2024-11-17,14.843475,120.28651,14.830469,120.289603,14:17:40,14:24:27,Light Drizzle
9248,2024-09-27,14.886916,120.237209,14.868059,120.291837,19:33:30,20:07:51,Cloudy
9249,2024-01-27,14.829513,120.279855,14.764045,120.253501,07:37:09,08:23:22,Clear
9250,2024-01-01,14.824981,120.280006,14.848865,120.254249,09:12:13,09:25:11,Clear
9251,2024-02-05,14.821186,120.278873,14.842138,120.287712,06:44:13,06:56:32,Clear
9252,2024-11-01,14.824351,120.279915,14.818261,120.280703,06:30:58,06:35:26,Cloudy
9253,2024-07-18,14.820523,120.283194,14.828828,120.281967,05:18:34,05:23:48,Clear
9254,2024-12-31,14.829202,120.287299,14.797876,120.271869,17:02:30,17:21:48,Mostly Clear
9255,2024-05-01,14.789995,120.282308,14.839411,120.283858,19:49:56,20:23:12,Mostly Clear
9256,2024-01-22,14.825067,120.277034,14.82883,120.280071,10:32:01,10:36:52,Clear
9257,2024-09-02,14.805907,120.322615,14.820784,120.284749,12:29:20,12:42:36,Light Rain
9258,2024-08-04,14.852331,120.256377,14.824371,120.278966,20:01:19,20:15:23,Mostly Clear
9259,2024-11-17,14.838052,120.283857,14.819421,120.278694,17:12:28,17:27:27,Partly Cloudy
9260,2024-10-05,14.836086,120.2832,14.838495,120.283197,08:14:26,08:16:44,Heavy Rain
9261,2024-01-20,14.792128,120.295195,14.819266,120.278335,13:24:10,13:37:51,Clear
9262,2024-05-12,14.838294,120.283192,14.82155,120.272469,19:52:31,20:05:06,Partly Cloudy
9263,2024-04-09,14.819071,120.284009,14.844133,120.286397,13:21:57,13:36:29,Mostly Clear
9264,2024-04-04,14.764477,120.253093,14.823852,120.279101,13:37:27,14:03:39,Mostly Clear
9265,2024-05-20,14.820964,120.284136,14.821419,120.271103,20:34:57,20:40:38,Mostly Clear
9266,2024-05-28,14.789624,120.282397,14.849138,120.264986,19:03:56,19:39:09,Partly Cloudy
9267,2024-07-21,14.828717,120.281805,14.828947,120.286639,05:43:38,05:47:54,Mostly Clear
9268,2024-08-01,14.839642,120.28511,14.764357,120.253005,05:41:50,06:13:42,Heavy Rain Showers
9269,2024-04-09,14.816047,120.282988,14.842954,120.28192,17:58:00,18:14:45,Partly Cloudy
9270,2024-04-10,14.824724,120.280867,14.817444,120.281573,10:58:37,11:02:22,Clear
9271,2024-09-10,14.824126,120.279848,14.836029,120.290283,13:13:01,13:21:21,Cloudy
9272,2024-05-24,14.791983,120.294585,14.819154,120.278624,15:54:59,16:08:03,Partly Cloudy
9273,2024-04-09,14.836095,120.286049,14.832991,120.282078,18:29:47,18:34:19,Partly Cloudy
9274,2024-07-27,14.823361,120.279103,14.839659,120.284266,15:28:13,15:36:33,Partly Cloudy
9275,2024-05-12,14.818402,120.284391,14.838709,120.285275,14:29:55,14:41:12,Light Rain
9276,2024-12-25,14.827083,120.281624,14.797414,120.272461,07:24:19,07:45:38,Rain
9277,2024-02-29,14.828272,120.281373,14.826961,120.28738,18:58:54,19:04:10,Partly Cloudy
9278,2024-05-09,14.842757,120.287349,14.821415,120.271966,18:13:30,18:25:28,Partly Cloudy
9279,2024-02-08,14.849062,120.264514,14.824037,120.289646,05:39:13,05:52:03,Clear
9280,2024-04-28,14.82351,120.300122,14.820482,120.276057,07:38:37,07:54:49,Drizzle
9281,2024-03-26,14.820926,120.283718,14.837626,120.278404,08:09:05,08:19:27,Clear
9282,2024-02-12,14.819363,120.279284,14.842999,120.287901,11:59:39,12:08:42,Dense Drizzle
9283,2024-06-06,14.84889,120.254598,14.848784,120.315056,20:01:30,20:21:50,Light Rain
9284,2024-03-09,14.789678,120.281828,14.819062,120.283993,07:19:38,07:37:43,Partly Cloudy
9285,2024-12-23,14.87665,120.233577,14.823484,120.300687,16:25:23,16:56:37,Mostly Clear
9286,2024-09-07,14.817719,120.280915,14.842484,120.287571,21:01:58,21:17:40,Cloudy
9287,2024-04-05,14.83268,120.281676,14.877118,120.233078,12:29:05,12:49:05,Cloudy
9288,2024-12-24,14.833041,120.285008,14.816151,120.283564,11:00:44,11:10:59,Partly Cloudy
9289,2024-03-15,14.820808,120.283168,14.821735,120.272335,18:24:42,18:35:20,Dense Drizzle
9290,2024-07-25,14.848622,120.3158,14.839581,120.284474,17:29:51,17:52:02,Clear
9291,2024-04-23,14.824384,120.280611,14.821493,120.273855,11:59:10,12:03:30,Cloudy
9292,2024-10-22,14.817733,120.284122,14.821281,120.278253,10:08:24,10:12:56,Cloudy
9293,2024-06-11,14.822866,120.287192,14.820249,120.284154,08:18:13,08:22:11,Fog
9294,2024-11-18,14.820526,120.284384,14.824949,120.280073,18:32:41,18:38:10,Heavy Rain
9295,2024-12-03,14.83041,120.273919,14.821214,120.275089,21:53:15,21:57:35,Cloudy
9296,2024-10-02,14.828755,120.28224,14.838467,120.284605,08:25:50,08:32:47,Heavy Rain Showers
9297,2024-06-17,14.828696,120.286517,14.824826,120.282922,10:00:13,10:03:44,Partly Cloudy
9298,2024-06-29,14.818094,120.284722,14.839801,120.283263,22:24:36,22:36:57,Cloudy
9299,2024-11-15,14.838002,120.268156,14.764728,120.252846,11:28:43,12:06:44,Heavy Rain
9300,2024-02-23,14.848773,120.290906,14.843194,120.287808,15:42:42,15:46:40,Partly Cloudy
9301,2024-05-01,14.832992,120.285079,14.823805,120.288832,17:18:28,17:29:13,Cloudy
9302,2024-04-10,14.842676,120.287593,14.868052,120.292145,17:07:06,17:23:46,Clear
9303,2024-05-26,14.828388,120.295635,14.818084,120.281335,09:05:22,09:13:45,Mostly Clear
9304,2024-05-07,14.843109,120.281971,14.82451,120.279534,13:17:41,13:27:29,Partly Cloudy
9305,2024-12-27,14.816049,120.283865,14.848949,120.254683,18:19:43,18:40:28,Partly Cloudy
9306,2024-05-28,14.877148,120.232191,14.828434,120.287043,09:09:26,09:39:05,Clear
9307,2024-10-28,14.822553,120.282684,14.8487,120.291189,22:57:27,23:09:08,Light Drizzle
9308,2024-01-17,14.838601,120.283054,14.841064,120.28749,06:53:28,06:59:12,Light Drizzle
9309,2024-07-22,14.830233,120.289663,14.821379,120.284274,09:06:34,09:11:20,Partly Cloudy
9310,2024-04-03,14.839456,120.284131,14.828754,120.281759,06:30:05,06:36:56,Fog
9311,2024-02-09,14.819155,120.279159,14.81792,120.281278,12:01:55,12:05:11,Mostly Clear
9312,2024-09-04,14.830637,120.289571,14.817894,120.281267,06:49:10,07:00:26,Light Rain
9313,2024-03-29,14.819134,120.284468,14.829704,120.29848,09:43:28,09:52:26,Partly Cloudy
9314,2024-07-11,14.826703,120.28695,14.817739,120.283878,18:33:32,18:40:57,Cloudy
9315,2024-01-14,14.826057,120.273106,14.819665,120.283702,09:21:18,09:27:32,Heavy Rain
9316,2024-02-14,14.827749,120.28185,14.82701,120.280159,22:13:32,22:16:23,Clear
9317,2024-02-14,14.848793,120.254681,14.820157,120.283631,12:39:05,12:53:40,Mostly Clear
9318,2024-01-12,14.877141,120.23266,14.83658,120.277703,07:10:29,07:35:09,Clear
9319,2024-09-29,14.772181,120.257884,14.824542,120.289309,05:15:48,05:46:34,Clear
9320,2024-10-26,14.820843,120.274741,14.8304,120.274314,12:48:35,12:53:29,Light Rain
9321,2024-07-21,14.82494,120.280606,14.824346,120.277664,20:40:32,20:43:27,Clear
9322,2024-06-13,14.805428,120.3231,14.825009,120.280764,18:15:52,18:50:57,Light Drizzle
9323,2024-11-04,14.828715,120.287337,14.823779,120.299769,07:20:34,07:29:10,Rain
9324,2024-06-17,14.822316,120.271998,14.818361,120.278748,16:31:37,16:36:38,Drizzle
9325,2024-11-02,14.826383,120.283922,14.821021,120.284166,16:01:40,16:05:28,Cloudy
9326,2024-01-20,14.843472,120.286122,14.829093,120.287845,22:05:28,22:14:50,Mostly Clear
9327,2024-08-26,14.830907,120.28865,14.825157,120.279707,18:05:13,18:12:29,Light Drizzle
9328,2024-08-09,14.830973,120.288732,14.85148,120.256086,06:05:49,06:20:12,Rain Showers
9329,2024-04-10,14.824371,120.279362,14.792065,120.294615,18:11:29,18:32:31,Mostly Clear
9330,2024-09-29,14.791588,120.294033,14.837494,120.278543,15:21:59,15:52:51,Partly Cloudy
9331,2024-10-02,14.820287,120.276006,14.838263,120.283602,11:58:26,12:06:33,Rime Fog
9332,2024-08-03,14.849279,120.314989,14.830989,120.289158,08:18:11,08:33:47,Thunderstorm
9333,2024-10-17,14.877133,120.231575,14.824509,120.279798,16:31:19,16:55:47,Fog
9334,2024-04-29,14.848504,120.290746,14.826545,120.283232,06:15:26,06:32:10,Partly Cloudy
9335,2024-03-04,14.843534,120.28529,14.83546,120.286599,07:36:19,07:40:41,Clear
9336,2024-01-01,14.828759,120.282188,14.833272,120.282551,21:18:52,21:23:38,Clear
9337,2024-06-03,14.797285,120.271606,14.824446,120.276838,11:47:28,12:02:38,Light Drizzle
9338,2024-10-25,14.827618,120.281655,14.836919,120.283254,19:34:46,19:41:06,Light Rain
9339,2024-08-07,14.776084,120.30787,14.821852,120.298826,18:35:53,18:59:14,Partly Cloudy
9340,2024-01-16,14.828776,120.286327,14.763788,120.252862,07:45:45,08:29:41,Light Rain
9341,2024-12-24,14.828488,120.281518,14.856155,120.290342,18:45:08,19:00:37,Clear
9342,2024-06-17,14.815359,120.283491,14.849179,120.255033,18:51:50,19:19:58,Dense Drizzle
9343,2024-05-19,14.764479,120.293225,14.84166,120.286563,21:52:41,22:27:19,Cloudy
9344,2024-11-24,14.873767,120.23587,14.851287,120.256394,06:07:48,06:31:55,Clear
9345,2024-09-22,14.823953,120.279392,14.820019,120.283798,10:49:52,10:54:12,Heavy Rain Showers
9346,2024-04-01,14.888177,120.237417,14.821687,120.271691,19:36:10,20:41:49,Partly Cloudy
9347,2024-08-01,14.825318,120.280432,14.764771,120.292904,06:58:48,07:33:01,Light Drizzle
9348,2024-02-15,14.775673,120.307885,14.827553,120.280305,19:36:03,20:16:08,Clear
9349,2024-05-23,14.81606,120.283984,14.764049,120.252805,19:17:28,19:48:55,Clear
9350,2024-04-21,14.843567,120.286736,14.83852,120.284669,08:56:49,09:02:07,Partly Cloudy
9351,2024-02-12,14.836636,120.278443,14.851391,120.263045,19:32:30,19:47:16,Partly Cloudy
9352,2024-03-12,14.824878,120.281867,14.836667,120.286534,15:48:54,15:54:50,Mostly Clear
9353,2024-06-25,14.841558,120.286696,14.824726,120.279382,20:17:46,20:25:31,Rain
9354,2024-07-10,14.842979,120.281833,14.820119,120.284012,21:06:53,21:17:10,Cloudy
9355,2024-08-12,14.817913,120.28092,14.818181,120.283524,17:52:37,17:55:25,Cloudy
9356,2024-12-20,14.8156,120.28337,14.820918,120.274827,17:01:49,17:10:17,Clear
9357,2024-11-13,14.836697,120.283686,14.817748,120.28388,12:32:27,12:40:39,Mostly Clear
9358,2024-12-31,14.836341,120.286662,14.841739,120.282851,19:35:12,19:42:52,Partly Cloudy
9359,2024-10-12,14.824062,120.289395,14.851373,120.256916,06:51:37,07:17:01,Light Rain
9360,2024-10-25,14.828615,120.282192,14.839275,120.283884,18:41:31,18:50:46,Light Drizzle
9361,2024-02-12,14.838523,120.283052,14.842836,120.287024,21:32:18,21:35:47,Clear
9362,2024-05-02,14.829325,120.287002,14.839469,120.284412,07:51:25,08:00:17,Cloudy
9363,2024-03-22,14.805927,120.322809,14.815939,120.284196,22:06:32,22:22:08,Mostly Clear
9364,2024-10-10,14.776168,120.307859,14.837172,120.268064,17:00:07,17:42:16,Rain
9365,2024-12-03,14.823403,120.288944,14.829831,120.298449,08:26:40,08:33:42,Partly Cloudy
9366,2024-11-18,14.828836,120.281748,14.837657,120.278853,14:28:04,14:35:42,Mostly Clear
9367,2024-01-04,14.775697,120.308289,14.830467,120.288368,18:57:52,19:46:30,Clear
9368,2024-07-24,14.873304,120.235736,14.820867,120.275421,15:33:44,16:00:38,Cloudy
9369,2024-10-22,14.824903,120.280419,14.849278,120.264621,15:54:35,16:11:53,Cloudy
9370,2024-05-26,14.847979,120.254516,14.820013,120.284384,08:35:21,09:10:01,Clear
9371,2024-03-17,14.815088,120.283276,14.829808,120.287184,18:37:21,18:50:12,Cloudy
9372,2024-04-03,14.824871,120.277684,14.877895,120.235272,07:10:18,07:50:39,Cloudy
9373,2024-07-19,14.819552,120.279273,14.806043,120.322876,20:58:44,21:14:59,Rain
9374,2024-11-01,14.828162,120.294898,14.856977,120.289991,22:18:11,22:33:36,Cloudy
9375,2024-02-29,14.842043,120.283127,14.772239,120.258216,18:27:34,19:22:09,Mostly Clear
9376,2024-05-16,14.836772,120.282774,14.824596,120.279681,21:38:48,21:45:32,Clear
9377,2024-01-11,14.877036,120.231812,14.821168,120.27172,18:54:47,19:32:46,Partly Cloudy
9378,2024-01-27,14.842827,120.287175,14.848734,120.265307,17:23:11,17:35:00,Mostly Clear
9379,2024-08-30,14.820477,120.284633,14.82833,120.286281,19:01:08,19:06:25,Clear
9380,2024-10-23,14.876486,120.233139,14.823565,120.279836,18:19:41,18:52:01,Rain Showers
9381,2024-10-07,14.820948,120.276584,14.77658,120.308029,08:03:15,08:30:34,Cloudy
9382,2024-06-06,14.818951,120.283931,14.848753,120.290991,17:02:49,17:22:14,Light Drizzle
9383,2024-11-13,14.877243,120.234907,14.827958,120.286001,18:03:43,18:53:50,Clear
9384,2024-07-01,14.851479,120.263871,14.836594,120.282777,11:55:19,12:09:10,Light Rain
9385,2024-10-14,14.841823,120.282795,14.836483,120.290541,08:00:15,08:07:32,Light Rain
9386,2024-05-07,14.805857,120.322921,14.806364,120.3231,21:22:03,21:24:38,Partly Cloudy
9387,2024-04-19,14.877213,120.233113,14.816039,120.282734,13:19:13,13:48:48,Mostly Clear
9388,2024-06-10,14.837397,120.2796,14.825042,120.280808,17:29:19,17:37:26,Fog
9389,2024-07-19,14.832742,120.281711,14.839004,120.284585,16:23:28,16:28:38,Clear
9390,2024-07-11,14.821069,120.284147,14.819476,120.283624,18:01:30,18:04:39,Cloudy
9391,2024-07-30,14.823825,120.288805,14.830979,120.273428,22:40:43,22:48:21,Light Rain
9392,2024-02-15,14.830713,120.289147,14.835342,120.282073,09:55:29,09:59:48,Clear
9393,2024-03-22,14.842868,120.287577,14.839989,120.286635,12:21:48,12:24:12,Cloudy
9394,2024-05-28,14.816194,120.283853,14.764517,120.252989,21:30:49,21:57:53,Clear
9395,2024-10-24,14.829173,120.287226,14.819287,120.284056,06:58:26,07:10:13,Drizzle
9396,2024-07-30,14.856811,120.28981,14.819703,120.283981,17:26:21,17:55:30,Partly Cloudy
9397,2024-07-25,14.824555,120.279733,14.837563,120.278657,12:04:25,12:12:37,Partly Cloudy
9398,2024-09-14,14.848852,120.314422,14.848563,120.254399,13:51:42,14:15:51,Heavy Rain
9399,2024-07-29,14.776211,120.307863,14.828966,120.285705,19:54:15,20:25:02,Clear
9400,2024-12-15,14.820477,120.2768,14.824237,120.279789,20:35:05,20:39:05,Mostly Clear
9401,2024-09-03,14.825023,120.282022,14.838052,120.286007,22:54:19,23:01:20,Light Drizzle
9402,2024-12-04,14.82072,120.279045,14.821435,120.276059,08:57:54,09:00:42,Clear
9403,2024-04-29,14.824845,120.280107,14.842877,120.286529,07:19:51,07:36:30,Light Drizzle
9404,2024-03-12,14.830598,120.289235,14.828705,120.287536,14:43:11,14:46:51,Mostly Clear
9405,2024-11-18,14.835209,120.287837,14.826844,120.273143,22:16:01,22:25:03,Heavy Rain
9406,2024-01-26,14.764808,120.292331,14.839644,120.283895,18:50:53,19:36:59,Clear
9407,2024-10-14,14.848101,120.254872,14.775914,120.307356,11:37:22,12:05:15,Fog
9408,2024-01-04,14.877037,120.231851,14.825044,120.281871,22:17:29,22:54:55,Clear
9409,2024-07-08,14.838225,120.284202,14.819079,120.284014,18:30:31,18:41:57,Clear
9410,2024-03-02,14.820298,120.284206,14.838023,120.285461,19:26:33,19:43:07,Rime Fog
9411,2024-05-22,14.831045,120.288885,14.826668,120.283383,19:40:57,19:47:10,Partly Cloudy
9412,2024-11-27,14.86805,120.292355,14.815627,120.283603,05:54:59,06:25:34,Partly Cloudy
9413,2024-10-24,14.820471,120.276535,14.822635,120.301777,06:17:42,06:31:24,Rain
9414,2024-04-25,14.828145,120.282055,14.822389,120.301945,17:27:42,17:37:45,Clear
9415,2024-03-07,14.821343,120.283819,14.887361,120.237374,18:52:05,19:29:04,Cloudy
9416,2024-04-25,14.848345,120.254363,14.841303,120.28673,19:43:59,20:02:28,Rime Fog
9417,2024-01-16,14.815038,120.283276,14.832841,120.281577,17:32:21,17:46:21,Clear
9418,2024-11-09,14.828431,120.295002,14.887176,120.238092,08:32:25,09:13:20,Cloudy
9419,2024-06-30,14.82386,120.279135,14.823974,120.279771,07:36:38,07:40:22,Dense Drizzle
9420,2024-12-22,14.837366,120.279548,14.823104,120.300047,09:14:33,09:29:49,Cloudy
9421,2024-02-19,14.817897,120.281262,14.823163,120.300371,17:53:49,18:09:58,Mostly Clear
9422,2024-01-25,14.80565,120.322838,14.828939,120.287359,19:26:15,19:44:11,Mostly Clear
9423,2024-10-17,14.839379,120.284902,14.873495,120.235353,09:25:57,09:48:54,Fog
9424,2024-07-22,14.83762,120.267105,14.82677,120.280687,05:38:50,05:47:23,Partly Cloudy
9425,2024-12-29,14.829679,120.287297,14.836722,120.277719,06:44:29,06:50:54,Mostly Clear
9426,2024-12-13,14.88811,120.237855,14.824445,120.28917,18:24:12,19:07:30,Clear
9427,2024-12-22,14.819932,120.284269,14.816296,120.283568,16:53:08,16:56:38,Cloudy
9428,2024-11-28,14.824524,120.282183,14.772285,120.258559,17:08:11,17:45:17,Mostly Clear
9429,2024-06-21,14.806264,120.322701,14.820894,120.283246,19:14:25,19:50:51,Rain Showers
9430,2024-06-08,14.816298,120.283321,14.836853,120.29033,17:23:42,17:35:08,Heavy Rain
9431,2024-01-26,14.829539,120.28055,14.84149,120.286257,05:14:12,05:20:28,Clear
9432,2024-03-22,14.819043,120.278332,14.820598,120.275357,22:57:25,23:01:41,Clear
9433,2024-02-03,14.820812,120.282803,14.825202,120.280152,05:01:03,05:04:03,Cloudy
9434,2024-04-28,14.836766,120.282862,14.820084,120.275816,14:05:37,14:14:00,Clear
9435,2024-12-14,14.840224,120.28662,14.851852,120.256643,22:05:08,22:18:01,Drizzle
9436,2024-02-10,14.840112,120.28446,14.849216,120.253996,22:16:10,22:30:32,Mostly Clear
9437,2024-03-03,14.829328,120.287577,14.838716,120.284364,08:18:19,08:26:09,Clear
9438,2024-12-17,14.827133,120.279912,14.839085,120.284361,17:44:17,17:57:33,Cloudy
9439,2024-03-01,14.851893,120.256139,14.819914,120.275409,10:17:38,10:31:31,Light Drizzle
9440,2024-03-31,14.827499,120.287239,14.815565,120.283538,06:50:31,07:00:49,Heavy Rain
9441,2024-10-21,14.828853,120.281589,14.857111,120.290076,06:32:04,06:46:55,Light Drizzle
9442,2024-12-17,14.824177,120.280012,14.824208,120.279733,06:24:10,06:29:01,Mostly Clear
9443,2024-02-15,14.838303,120.28383,14.833345,120.286133,17:31:01,17:35:19,Partly Cloudy
9444,2024-01-04,14.849887,120.264843,14.806012,120.323612,07:49:07,08:22:23,Clear
9445,2024-06-11,14.843039,120.285703,14.792732,120.294659,06:42:55,07:23:06,Cloudy
9446,2024-10-08,14.857127,120.289829,14.832461,120.28225,08:58:23,09:13:10,Heavy Rain Showers
9447,2024-07-19,14.771642,120.258476,14.849121,120.264873,17:01:33,17:29:17,Cloudy
9448,2024-01-06,14.842399,120.286783,14.835683,120.281558,14:06:02,14:09:50,Partly Cloudy
9449,2024-10-14,14.851496,120.255869,14.876719,120.232146,17:55:11,18:16:54,Light Drizzle
9450,2024-10-07,14.828339,120.285002,14.815749,120.284179,07:19:05,07:28:24,Clear
9451,2024-08-28,14.827115,120.287257,14.797995,120.271776,14:15:57,14:28:24,Clear
9452,2024-07-09,14.820453,120.275124,14.829138,120.288027,15:24:37,15:33:13,Rain
9453,2024-04-18,14.815455,120.284047,14.82225,120.298439,06:58:25,07:08:49,Mostly Clear
9454,2024-06-07,14.882404,120.235895,14.823971,120.289292,21:00:14,21:27:46,Rain
9455,2024-06-25,14.77196,120.258387,14.830316,120.288882,17:30:08,18:12:20,Partly Cloudy
9456,2024-03-06,14.832951,120.281957,14.776772,120.307873,14:56:57,15:21:40,Cloudy
9457,2024-04-07,14.820854,120.28428,14.823259,120.287367,21:15:51,21:19:41,Clear
9458,2024-12-23,14.817742,120.284121,14.876664,120.231836,21:58:42,22:27:21,Mostly Clear
9459,2024-06-24,14.830777,120.28902,14.83303,120.285418,19:40:23,19:44:11,Light Drizzle
9460,2024-12-01,14.882083,120.236588,14.826013,120.2727,08:59:14,09:52:08,Drizzle
9461,2024-12-24,14.817626,120.281497,14.824202,120.280269,06:35:23,06:41:56,Mostly Clear
9462,2024-09-28,14.822998,120.287353,14.824506,120.279713,14:11:28,14:17:29,Partly Cloudy
9463,2024-02-06,14.789844,120.282201,14.819505,120.278554,19:22:19,19:44:31,Clear
9464,2024-11-01,14.876646,120.232194,14.874006,120.235143,19:32:26,19:35:35,Partly Cloudy
9465,2024-02-26,14.82729,120.286828,14.82066,120.284058,12:19:22,12:25:19,Mostly Clear
9466,2024-05-30,14.82677,120.280122,14.765217,120.293458,19:19:02,19:44:37,Light Rain
9467,2024-03-05,14.877134,120.233143,14.821398,120.271166,18:34:05,19:08:06,Mostly Clear
9468,2024-03-13,14.82237,120.272433,14.843051,120.281561,13:06:17,13:20:41,Mostly Clear
9469,2024-06-11,14.789748,120.281998,14.841341,120.286422,18:15:46,18:56:15,Cloudy
9470,2024-10-03,14.838944,120.283351,14.825014,120.277314,05:58:29,06:05:20,Cloudy
9471,2024-02-02,14.828196,120.286369,14.823817,120.278779,07:26:31,07:34:08,Mostly Clear
9472,2024-09-05,14.839343,120.284115,14.828722,120.281979,06:17:32,06:26:27,Clear
9473,2024-07-15,14.841815,120.287282,14.838599,120.282891,08:24:06,08:28:43,Heavy Rain
9474,2024-08-25,14.798109,120.272098,14.877334,120.235284,15:24:43,16:12:36,Light Rain
9475,2024-04-08,14.838533,120.282611,14.82767,120.294628,11:24:06,11:32:13,Rime Fog
9476,2024-07-29,14.805891,120.322811,14.822207,120.273022,19:23:14,19:58:20,Partly Cloudy
9477,2024-08-11,14.829026,120.28178,14.836506,120.283256,17:55:46,18:01:12,Clear
9478,2024-03-06,14.776178,120.307887,14.839272,120.284787,19:01:27,19:33:58,Clear
9479,2024-11-09,14.877101,120.233335,14.824218,120.282956,08:00:29,08:42:57,Cloudy
9480,2024-04-11,14.823565,120.279711,14.828585,120.285413,19:07:10,19:13:30,Mostly Clear
9481,2024-03-02,14.828984,120.286923,14.835215,120.282824,09:28:08,09:33:36,Partly Cloudy
9482,2024-04-21,14.832947,120.282191,14.848402,120.290719,17:51:23,18:02:38,Mostly Clear
9483,2024-02-27,14.839169,120.284965,14.822711,120.301596,17:57:15,18:13:57,Mostly Clear
9484,2024-01-12,14.828997,120.280528,14.838451,120.283428,16:07:17,16:14:34,Mostly Clear
9485,2024-01-20,14.818529,120.283438,14.856524,120.289991,13:03:34,13:24:17,Clear
9486,2024-05-02,14.822619,120.282612,14.820778,120.283633,11:19:22,11:22:37,Fog
9487,2024-10-14,14.838489,120.286251,14.829014,120.287263,18:24:31,18:32:05,Light Rain
9488,2024-03-20,14.827044,120.279953,14.829741,120.286974,22:04:17,22:09:20,Partly Cloudy
9489,2024-08-07,14.829574,120.286584,14.841994,120.288084,10:16:42,10:23:06,Fog
9490,2024-07-18,14.838761,120.284088,14.821041,120.278655,19:13:35,19:28:36,Fog
9491,2024-02-13,14.835866,120.286607,14.839175,120.284212,18:45:47,18:50:06,Partly Cloudy
9492,2024-11-27,14.817866,120.281308,14.822386,120.301206,19:54:29,20:12:41,Light Rain
9493,2024-01-26,14.82626,120.272818,14.82286,120.287967,18:16:01,18:28:04,Light Drizzle
9494,2024-06-28,14.835914,120.290417,14.832549,120.281998,06:25:16,06:35:11,Mostly Clear
9495,2024-09-10,14.856345,120.289668,14.830591,120.288825,15:58:07,16:10:10,Partly Cloudy
9496,2024-09-30,14.840734,120.286099,14.817338,120.284019,07:00:48,07:16:51,Heavy Rain
9497,2024-05-09,14.825456,120.280052,14.823994,120.27918,08:23:42,08:28:44,Clear
9498,2024-04-12,14.827533,120.279788,14.829001,120.282267,11:59:21,12:01:48,Mostly Clear
9499,2024-12-26,14.839583,120.284612,14.822954,120.283109,10:57:18,11:03:36,Clear
9500,2024-10-01,14.820379,120.284527,14.824029,120.279658,18:30:40,18:36:18,Mostly Clear
9501,2024-08-11,14.789921,120.282456,14.818122,120.284215,17:37:50,17:57:55,Clear
9502,2024-03-29,14.847672,120.255135,14.823832,120.280184,08:39:17,09:10:28,Partly Cloudy
9503,2024-02-11,14.828079,120.281643,14.792036,120.294425,19:56:16,20:16:26,Drizzle
9504,2024-11-19,14.829784,120.287081,14.824783,120.283104,21:23:37,21:28:20,Cloudy
9505,2024-04-17,14.790248,120.282277,14.824474,120.283781,18:12:56,18:33:48,Clear
9506,2024-05-19,14.827513,120.281347,14.81841,120.281175,06:18:17,06:24:01,Partly Cloudy
9507,2024-05-31,14.843429,120.285788,14.817744,120.284101,14:39:36,14:54:22,Clear
9508,2024-11-24,14.830307,120.299056,14.805484,120.322157,22:49:44,23:04:33,Light Rain
9509,2024-09-27,14.82371,120.287261,14.832762,120.285237,15:47:50,15:53:59,Partly Cloudy
9510,2024-04-14,14.83325,120.282468,14.828616,120.28662,17:28:57,17:34:59,Clear
9511,2024-06-22,14.821482,120.273535,14.821258,120.275869,17:35:54,17:39:34,Cloudy
9512,2024-02-04,14.824738,120.282846,14.824044,120.278966,05:50:54,05:54:40,Clear
9513,2024-12-23,14.830904,120.289119,14.839675,120.285134,06:16:12,06:26:05,Clear
9514,2024-09-28,14.828309,120.281667,14.876822,120.231326,17:26:30,18:18:37,Clear
9515,2024-06-16,14.791897,120.294831,14.87712,120.233155,22:06:16,22:42:41,Mostly Clear
9516,2024-02-20,14.82907,120.287781,14.841372,120.285925,07:23:19,07:33:26,Mostly Clear
9517,2024-01-03,14.868315,120.292016,14.820713,120.284412,06:19:28,07:01:05,Light Rain
9518,2024-11-17,14.841894,120.282333,14.840751,120.286807,21:08:12,21:11:59,Mostly Clear
9519,2024-12-16,14.823587,120.301005,14.824715,120.280399,06:42:18,06:50:55,Partly Cloudy
9520,2024-09-26,14.838956,120.28446,14.82466,120.279169,05:59:12,06:08:53,Rain
9521,2024-04-02,14.791902,120.293543,14.829373,120.281399,13:49:50,14:02:44,Mostly Clear
9522,2024-09-24,14.820974,120.275509,14.828603,120.294751,07:12:45,07:27:29,Partly Cloudy
9523,2024-08-02,14.829182,120.28642,14.838134,120.283826,15:20:09,15:24:55,Cloudy
9524,2024-10-11,14.82834,120.281878,14.834922,120.287081,09:22:13,09:27:34,Clear
9525,2024-04-26,14.877572,120.235118,14.821898,120.272082,05:58:52,06:20:03,Mostly Clear
9526,2024-07-21,14.842827,120.286681,14.817694,120.281591,19:18:54,19:38:12,Rain
9527,2024-07-18,14.834836,120.28743,14.819107,120.283995,08:26:53,08:36:21,Cloudy
9528,2024-07-02,14.857166,120.290083,14.842749,120.281522,19:31:54,19:40:14,Partly Cloudy
9529,2024-04-21,14.843066,120.286874,14.83541,120.28134,15:48:46,15:53:21,Clear
9530,2024-02-29,14.821087,120.275443,14.826512,120.283606,09:55:47,10:00:02,Mostly Clear
9531,2024-12-14,14.851809,120.256723,14.82069,120.284,07:54:25,08:22:49,Clear
9532,2024-05-12,14.851606,120.256031,14.821128,120.283555,18:05:45,18:30:02,Clear
9533,2024-04-18,14.821715,120.298417,14.835658,120.283654,14:24:20,14:32:57,Mostly Clear
9534,2024-08-31,14.842595,120.28683,14.823515,120.289657,18:51:03,19:02:04,Thunderstorm
9535,2024-06-25,14.840513,120.287053,14.820222,120.283455,07:32:40,07:44:02,Clear
9536,2024-03-16,14.835229,120.282159,14.877233,120.234477,18:17:00,19:06:31,Partly Cloudy
9537,2024-05-17,14.827944,120.286232,14.826131,120.282754,06:26:33,06:31:45,Clear
9538,2024-04-25,14.843317,120.287239,14.849219,120.254547,13:15:30,13:27:56,Partly Cloudy
9539,2024-10-04,14.806057,120.323422,14.815485,120.316695,11:21:03,11:27:50,Cloudy
9540,2024-07-20,14.838268,120.282776,14.790063,120.281636,14:24:59,14:43:02,Clear
9541,2024-06-21,14.827192,120.279968,14.828134,120.286046,18:28:30,18:33:45,Cloudy
9542,2024-05-17,14.819785,120.278714,14.839165,120.284519,14:14:18,14:21:45,Clear
9543,2024-12-04,14.838403,120.28351,14.837724,120.28644,12:31:26,12:34:35,Mostly Clear
9544,2024-02-11,14.877174,120.233013,14.823645,120.300507,22:54:35,23:30:47,Mostly Clear
9545,2024-12-01,14.842905,120.281841,14.824966,120.27733,06:46:35,06:56:52,Partly Cloudy
9546,2024-02-25,14.815381,120.284163,14.825066,120.280318,16:48:28,16:54:18,Mostly Clear
9547,2024-08-21,14.824982,120.277255,14.791984,120.294151,19:40:59,19:59:41,Violent Rain Showers
9548,2024-12-07,14.838171,120.286168,14.841318,120.282382,17:30:41,17:35:41,Clear
9549,2024-02-18,14.806308,120.322255,14.819626,120.284071,20:02:55,20:17:33,Fog
9550,2024-09-11,14.820001,120.284343,14.84925,120.265559,09:20:22,09:40:10,Mostly Clear
9551,2024-03-24,14.82488,120.283173,14.82508,120.281859,06:59:46,07:03:47,Clear
9552,2024-08-05,14.816103,120.283028,14.817767,120.2839,17:17:02,17:20:14,Partly Cloudy
9553,2024-02-05,14.835558,120.281479,14.856587,120.289226,12:37:13,12:50:07,Light Rain
9554,2024-08-26,14.837181,120.278782,14.821424,120.272242,19:54:18,20:08:33,Rain Showers
9555,2024-04-17,14.84289,120.281862,14.839795,120.283408,06:32:12,06:36:39,Mostly Clear
9556,2024-02-10,14.817678,120.284267,14.806421,120.322594,17:47:38,18:17:02,Light Drizzle
9557,2024-02-01,14.82422,120.279912,14.836166,120.289608,08:02:02,08:15:10,Rain
9558,2024-02-28,14.833109,120.285862,14.824101,120.279924,06:37:54,06:45:03,Mostly Clear
9559,2024-09-08,14.827963,120.282433,14.824348,120.279763,17:56:24,18:02:12,Rain
9560,2024-04-05,14.818697,120.284668,14.8485,120.314346,19:29:28,19:51:42,Mostly Clear
9561,2024-02-10,14.82392,120.279349,14.887943,120.237968,21:41:12,22:08:20,Cloudy
9562,2024-09-03,14.848616,120.254908,14.820076,120.284088,10:18:27,10:34:52,Partly Cloudy
9563,2024-08-28,14.829352,120.287789,14.82014,120.284827,06:13:02,06:24:08,Drizzle
9564,2024-08-31,14.77601,120.307887,14.832923,120.285515,19:59:03,20:40:34,Violent Rain Showers
9565,2024-03-26,14.839862,120.284495,14.826789,120.283173,13:23:47,13:30:18,Mostly Clear
9566,2024-06-08,14.821109,120.274062,14.835267,120.282761,15:47:26,15:55:59,Cloudy
9567,2024-12-05,14.822472,120.272515,14.820197,120.284571,16:02:39,16:09:54,Partly Cloudy
9568,2024-12-03,14.81585,120.284027,14.823647,120.289582,19:40:36,19:50:15,Clear
9569,2024-12-07,14.8678,120.291726,14.776235,120.308457,07:07:40,08:01:54,Clear
9570,2024-04-17,14.816219,120.282894,14.825015,120.280533,17:15:51,17:23:29,Clear
9571,2024-01-11,14.825306,120.279702,14.797963,120.272186,16:57:01,17:07:47,Cloudy
9572,2024-08-04,14.840277,120.287501,14.839635,120.283483,06:59:23,07:03:26,Clear
9573,2024-02-23,14.823988,120.289388,14.828173,120.28532,13:22:20,13:26:35,Partly Cloudy
9574,2024-10-22,14.820613,120.275366,14.843141,120.287745,06:43:12,07:02:44,Clear
9575,2024-09-26,14.849367,120.264726,14.822098,120.298234,07:56:38,08:18:05,Partly Cloudy
9576,2024-05-06,14.829477,120.280059,14.848685,120.315592,18:46:18,19:08:01,Partly Cloudy
9577,2024-04-11,14.841343,120.286455,14.805813,120.322344,12:59:27,13:20:49,Partly Cloudy
9578,2024-05-30,14.81542,120.28406,14.84893,120.290945,19:06:22,19:29:38,Partly Cloudy
9579,2024-04-16,14.836953,120.283541,14.821074,120.284439,12:31:15,12:37:44,Mostly Clear
9580,2024-02-23,14.828175,120.29532,14.839066,120.284374,07:54:48,08:03:35,Cloudy
9581,2024-07-29,14.842454,120.281747,14.829119,120.279855,07:17:15,07:24:02,Clear
9582,2024-05-28,14.82269,120.27203,14.841325,120.286117,15:52:13,16:02:45,Cloudy
9583,2024-09-27,14.823473,120.300281,14.820458,120.284742,06:59:18,07:12:48,Light Drizzle
9584,2024-03-01,14.825048,120.283145,14.772057,120.257979,11:01:07,11:29:17,Clear
9585,2024-01-17,14.82525,120.280163,14.821309,120.278029,16:03:15,16:08:01,Clear
9586,2024-02-07,14.84954,120.264818,14.821176,120.284112,06:54:17,07:25:17,Clear
9587,2024-02-22,14.819893,120.28454,14.823227,120.28738,17:52:48,17:56:36,Clear
9588,2024-05-05,14.877257,120.232073,14.82695,120.282873,18:50:57,19:33:29,Clear
9589,2024-12-02,14.820136,120.283914,14.827685,120.281852,08:07:46,08:12:51,Mostly Clear
9590,2024-06-28,14.836787,120.28328,14.836331,120.290282,19:07:27,19:12:10,Partly Cloudy
9591,2024-05-01,14.820264,120.285049,14.838814,120.28404,22:28:45,22:38:08,Clear
9592,2024-04-02,14.856678,120.290052,14.825243,120.280538,17:59:42,18:24:40,Mostly Clear
9593,2024-06-15,14.876454,120.232776,14.848542,120.254635,13:54:42,14:09:53,Partly Cloudy
9594,2024-01-29,14.823849,120.300317,14.842746,120.287276,08:43:43,08:59:44,Clear
9595,2024-03-07,14.828385,120.284703,14.815171,120.316664,14:22:15,14:41:03,Clear
9596,2024-08-29,14.806144,120.322074,14.849224,120.314451,19:15:45,19:34:01,Cloudy
9597,2024-10-26,14.887546,120.237517,14.834902,120.288116,08:49:23,09:32:54,Cloudy
9598,2024-07-12,14.839099,120.284296,14.824629,120.283121,06:02:03,06:09:23,Severe Thunderstorm with Hail
9599,2024-10-13,14.824821,120.280582,14.842733,120.28711,21:42:48,21:51:20,Mostly Clear
9600,2024-02-12,14.815755,120.316666,14.823683,120.279594,10:09:55,10:23:49,Clear
9601,2024-12-21,14.829584,120.287534,14.815629,120.316484,07:54:36,08:25:30,Clear
9602,2024-03-15,14.806546,120.322476,14.83359,120.282123,19:50:08,20:17:26,Partly Cloudy
9603,2024-05-19,14.837315,120.278444,14.8517,120.256336,17:46:17,18:02:58,Mostly Clear
9604,2024-01-18,14.877559,120.235073,14.849373,120.26415,19:58:07,20:16:59,Mostly Clear
9605,2024-08-12,14.832639,120.281464,14.87359,120.235303,19:02:52,20:02:48,Partly Cloudy
9606,2024-01-06,14.828761,120.280112,14.876907,120.231487,14:35:16,15:03:04,Light Drizzle
9607,2024-02-05,14.823932,120.289377,14.823086,120.287288,05:55:18,05:59:16,Mostly Clear
9608,2024-01-23,14.836214,120.282945,14.824451,120.279814,19:22:22,19:30:07,Mostly Clear
9609,2024-05-14,14.84799,120.254511,14.764355,120.293326,08:46:41,09:59:37,Fog
9610,2024-11-21,14.820494,120.275524,14.821219,120.283649,22:46:25,22:50:22,Drizzle
9611,2024-06-29,14.841814,120.282322,14.839274,120.283421,10:05:20,10:08:11,Clear
9612,2024-04-10,14.829073,120.286725,14.851603,120.256512,07:33:09,07:53:53,Mostly Clear
9613,2024-09-04,14.806234,120.323015,14.830758,120.288802,17:53:47,18:17:09,Clear
9614,2024-03-14,14.868256,120.292893,14.839592,120.283521,06:45:49,07:06:49,Cloudy
9615,2024-12-05,14.792443,120.294502,14.805492,120.322914,09:59:28,10:17:06,Clear
9616,2024-05-29,14.840208,120.284681,14.837526,120.284079,09:12:44,09:15:33,Clear
9617,2024-09-26,14.839175,120.283314,14.87666,120.232138,17:10:29,17:41:19,Mostly Clear
9618,2024-09-04,14.839328,120.284636,14.81944,120.278053,21:50:32,21:58:55,Mostly Clear
9619,2024-02-14,14.820111,120.276646,14.829187,120.280497,07:51:58,07:59:31,Clear
9620,2024-08-30,14.833392,120.285323,14.841729,120.286511,15:01:22,15:08:18,Rime Fog
9621,2024-06-13,14.877273,120.233424,14.81977,120.284187,07:11:22,08:03:39,Rain Showers
9622,2024-05-14,14.821512,120.2718,14.82529,120.279947,16:49:57,16:56:10,Clear
9623,2024-11-28,14.829141,120.287157,14.82459,120.280265,07:58:00,08:06:57,Mostly Clear
9624,2024-03-11,14.820519,120.284007,14.771644,120.25816,06:18:02,07:02:55,Mostly Clear
9625,2024-04-15,14.825356,120.277254,14.820526,120.283704,14:37:02,14:42:56,Mostly Clear
9626,2024-02-16,14.836088,120.286549,14.820849,120.275858,19:25:26,19:38:02,Clear
9627,2024-11-23,14.823514,120.286726,14.819899,120.28325,07:51:42,07:57:12,Cloudy
9628,2024-07-17,14.830533,120.289194,14.839523,120.284577,17:18:25,17:27:43,Clear
9629,2024-11-19,14.841436,120.283,14.8286,120.294437,08:51:26,09:06:17,Light Drizzle
9630,2024-02-26,14.828101,120.294832,14.815751,120.317169,22:38:52,22:54:06,Clear
9631,2024-01-24,14.835554,120.286585,14.847678,120.254061,17:27:23,17:48:36,Drizzle
9632,2024-02-12,14.8208,120.284637,14.8295,120.298859,07:29:00,07:38:16,Mostly Clear
9633,2024-10-11,14.826862,120.279899,14.819123,120.27843,19:27:12,19:31:59,Cloudy
9634,2024-07-28,14.820231,120.284116,14.776818,120.307881,08:03:44,08:38:44,Light Rain
9635,2024-08-05,14.815665,120.2837,14.82095,120.28406,21:54:02,21:58:07,Light Rain
9636,2024-10-16,14.843365,120.286233,14.826533,120.282501,06:07:53,06:15:48,Clear
9637,2024-04-06,14.828522,120.282169,14.82162,120.275109,09:41:32,09:47:22,Clear
9638,2024-10-21,14.887484,120.237724,14.835215,120.282196,19:23:07,20:03:07,Partly Cloudy
9639,2024-10-19,14.824351,120.280744,14.856618,120.290358,07:15:58,07:34:53,Clear
9640,2024-08-27,14.843989,120.286195,14.832784,120.282866,08:45:34,08:53:44,Rain
9641,2024-09-08,14.824537,120.279984,14.830509,120.289186,08:12:50,08:19:50,Light Drizzle
9642,2024-11-10,14.824924,120.279866,14.820032,120.284232,19:08:47,19:15:29,Rain Showers
9643,2024-03-23,14.806154,120.323411,14.838115,120.283439,14:26:25,14:43:16,Cloudy
9644,2024-11-24,14.827632,120.281309,14.824082,120.299921,18:06:36,18:20:08,Cloudy
9645,2024-03-28,14.877733,120.231991,14.82502,120.28032,18:27:50,19:00:55,Clear
9646,2024-11-21,14.856867,120.289996,14.822027,120.2985,18:29:38,18:47:33,Cloudy
9647,2024-10-29,14.876979,120.232026,14.837675,120.278264,20:38:52,21:13:03,Partly Cloudy
9648,2024-09-06,14.789842,120.282633,14.85189,120.255604,17:18:13,18:10:17,Thunderstorm
9649,2024-01-10,14.821247,120.279457,14.88715,120.237203,16:35:06,17:15:05,Cloudy
9650,2024-05-04,14.827781,120.28137,14.823323,120.28814,18:20:24,18:24:58,Clear
9651,2024-07-15,14.843501,120.28629,14.827708,120.285746,17:10:45,17:20:23,Light Drizzle
9652,2024-09-19,14.841479,120.286897,14.84211,120.287682,07:11:56,07:14:48,Clear
9653,2024-05-09,14.836215,120.286708,14.82159,120.284088,17:34:37,17:44:53,Light Rain
9654,2024-03-17,14.882522,120.236989,14.826743,120.287116,12:33:41,13:12:00,Light Rain
9655,2024-10-15,14.820152,120.284197,14.838144,120.285717,19:18:00,19:28:59,Mostly Clear
9656,2024-02-01,14.839403,120.28339,14.824233,120.27987,16:48:36,16:55:55,Clear
9657,2024-05-14,14.844077,120.285854,14.826537,120.287578,07:39:19,07:53:49,Light Drizzle
9658,2024-03-17,14.822735,120.301595,14.839682,120.284161,06:01:54,06:13:58,Partly Cloudy
9659,2024-11-29,14.817597,120.283685,14.82848,120.286607,10:02:20,10:10:09,Mostly Clear
9660,2024-07-16,14.776109,120.307468,14.826259,120.272644,14:27:41,14:48:02,Partly Cloudy
9661,2024-09-20,14.8293,120.287032,14.888001,120.237404,06:17:51,06:59:03,Light Rain
9662,2024-08-01,14.828088,120.294913,14.820933,120.276973,15:14:52,15:27:54,Fog
9663,2024-12-16,14.873926,120.235054,14.8264,120.27277,22:56:58,23:17:17,Partly Cloudy
9664,2024-02-20,14.876941,120.232016,14.841077,120.28599,18:29:00,19:03:21,Partly Cloudy
9665,2024-01-11,14.828291,120.294733,14.836301,120.290526,05:28:52,05:32:54,Mostly Clear
9666,2024-01-04,14.830216,120.273279,14.830508,120.289002,06:41:16,06:51:50,Clear
9667,2024-05-27,14.822955,120.283247,14.843527,120.285916,12:02:57,12:11:29,Rime Fog
9668,2024-06-18,14.823439,120.278463,14.821054,120.274085,16:02:22,16:06:04,Cloudy
9669,2024-04-23,14.826476,120.272068,14.824333,120.279507,18:49:51,18:55:16,Partly Cloudy
9670,2024-02-19,14.817894,120.280769,14.844068,120.285952,10:10:53,10:22:33,Partly Cloudy
9671,2024-07-11,14.873729,120.235,14.835614,120.282303,06:44:03,07:26:23,Rain Showers
9672,2024-08-16,14.828122,120.285794,14.820708,120.283952,06:01:35,06:07:24,Clear
9673,2024-02-03,14.827223,120.280183,14.818942,120.278205,18:04:32,18:10:13,Cloudy
9674,2024-01-17,14.826885,120.287762,14.823785,120.279295,08:34:57,08:40:42,Clear
9675,2024-11-16,14.842681,120.287762,14.817574,120.284061,19:58:54,20:18:45,Rain
9676,2024-07-24,14.829287,120.287073,14.838185,120.278653,08:55:49,09:02:23,Light Drizzle
9677,2024-05-03,14.820687,120.283082,14.839277,120.283714,21:47:49,21:55:01,Rain Showers
9678,2024-08-10,14.828978,120.287082,14.835808,120.282629,07:02:27,07:09:45,Clear
9679,2024-09-16,14.821131,120.275869,14.830479,120.288438,12:15:55,12:24:44,Mostly Clear
9680,2024-03-21,14.824489,120.289257,14.851174,120.25692,12:02:55,12:19:35,Light Rain
9681,2024-03-02,14.8187,120.278421,14.877834,120.23512,15:20:18,15:56:19,Dense Drizzle
9682,2024-01-31,14.847869,120.25455,14.823438,120.289107,07:49:02,08:24:42,Clear
9683,2024-04-07,14.82398,120.279401,14.85675,120.290241,17:55:07,18:19:23,Clear
9684,2024-08-17,14.815961,120.316719,14.828861,120.280518,12:53:52,13:10:26,Drizzle
9685,2024-10-24,14.876591,120.233437,14.877568,120.235427,08:52:44,08:56:57,Cloudy
9686,2024-10-28,14.833445,120.282014,14.815916,120.283781,16:24:34,16:33:41,Heavy Rain
9687,2024-03-21,14.84078,120.286535,14.851699,120.256082,05:58:28,06:14:45,Clear
9688,2024-04-20,14.824296,120.27952,14.815235,120.316102,06:49:50,07:04:30,Light Drizzle
9689,2024-04-15,14.843287,120.282409,14.817426,120.28469,13:44:26,14:00:43,Clear
9690,2024-12-03,14.877193,120.232172,14.82886,120.287237,14:01:40,14:30:38,Clear
9691,2024-03-25,14.849445,120.314992,14.837939,120.27909,06:35:11,06:51:47,Partly Cloudy
9692,2024-12-25,14.823118,120.288092,14.820905,120.27495,14:55:57,15:02:17,Clear
9693,2024-05-16,14.792293,120.294126,14.824874,120.281758,07:42:42,08:00:37,Partly Cloudy
9694,2024-03-06,14.82386,120.279134,14.819314,120.284736,18:54:07,18:59:02,Drizzle
9695,2024-04-08,14.823116,120.28744,14.851564,120.262679,11:13:20,11:28:04,Light Drizzle
9696,2024-03-14,14.839326,120.283532,14.820412,120.276873,17:28:25,17:46:21,Clear
9697,2024-04-01,14.849151,120.290921,14.824637,120.283776,20:40:31,20:51:38,Partly Cloudy
9698,2024-07-22,14.836128,120.286635,14.82143,120.271763,18:46:51,18:58:22,Cloudy
9699,2024-02-15,14.789693,120.281208,14.843916,120.286001,17:30:01,17:56:45,Mostly Clear
9700,2024-10-10,14.829056,120.286385,14.817614,120.283538,06:25:18,06:36:35,Light Rain
9701,2024-03-19,14.830712,120.289705,14.821437,120.271235,18:36:39,18:53:22,Partly Cloudy
9702,2024-09-02,14.823668,120.300543,14.836504,120.289333,07:34:06,07:41:59,Rain
9703,2024-08-25,14.819488,120.284049,14.829481,120.297898,16:41:09,16:48:11,Mostly Clear
9704,2024-10-07,14.820278,120.275914,14.825117,120.28196,11:34:11,11:38:08,Light Rain
9705,2024-01-11,14.824806,120.28294,14.823923,120.279268,07:48:04,07:53:00,Partly Cloudy
9706,2024-07-03,14.829328,120.287195,14.827757,120.286238,21:32:46,21:35:50,Light Rain
9707,2024-11-04,14.824801,120.281633,14.772125,120.258124,18:57:16,19:28:44,Cloudy
9708,2024-05-30,14.775919,120.307728,14.836513,120.2834,21:12:41,21:36:32,Clear
9709,2024-09-20,14.849203,120.290815,14.828563,120.295467,07:17:28,07:29:16,Mostly Clear
9710,2024-03-26,14.8266,120.272801,14.817551,120.281599,15:19:30,15:26:15,Clear
9711,2024-01-12,14.83634,120.290192,14.829028,120.281105,10:00:36,10:07:20,Partly Cloudy
9712,2024-08-01,14.887748,120.237459,14.841547,120.286121,19:35:39,20:11:44,Mostly Clear
9713,2024-04-13,14.829021,120.280306,14.821263,120.283261,17:05:19,17:14:22,Light Drizzle
9714,2024-03-31,14.827074,120.279795,14.823995,120.289362,19:19:54,19:28:28,Mostly Clear
9715,2024-10-05,14.822552,120.301736,14.83642,120.283557,11:28:47,11:37:44,Fog
9716,2024-12-23,14.841438,120.286643,14.789849,120.282384,15:55:35,16:26:41,Mostly Clear
9717,2024-12-18,14.836377,120.277566,14.822307,120.298424,17:55:43,18:12:24,Light Drizzle
9718,2024-11-22,14.836153,120.28339,14.776542,120.307396,07:05:47,07:33:12,Cloudy
9719,2024-07-05,14.835145,120.281963,14.836736,120.286289,10:05:34,10:09:16,Partly Cloudy
9720,2024-09-30,14.849482,120.265133,14.821406,120.273726,17:02:00,17:22:49,Rime Fog
9721,2024-03-31,14.797755,120.271994,14.815453,120.283157,17:48:56,18:01:05,Clear
9722,2024-10-05,14.826019,120.27345,14.839554,120.285102,19:39:14,19:50:44,Light Drizzle
9723,2024-04-11,14.848105,120.254608,14.842514,120.287597,13:26:14,13:39:39,Partly Cloudy
9724,2024-10-13,14.848778,120.254576,14.764444,120.252991,13:55:55,14:41:09,Fog
9725,2024-01-05,14.848857,120.254256,14.828138,120.294835,06:29:16,06:53:14,Clear
9726,2024-11-15,14.82684,120.282792,14.829348,120.28685,20:05:29,20:09:21,Drizzle
9727,2024-05-07,14.819992,120.283656,14.836391,120.290936,05:30:56,05:39:20,Clear
9728,2024-02-13,14.823486,120.288005,14.826585,120.283541,18:28:16,18:33:52,Clear
9729,2024-07-29,14.828927,120.286486,14.818974,120.278395,13:53:04,13:59:46,Clear
9730,2024-09-14,14.843171,120.286881,14.820391,120.284138,22:05:00,22:14:17,Cloudy
9731,2024-09-30,14.82379,120.287355,14.806222,120.322458,12:27:03,12:43:22,Mostly Clear
9732,2024-11-30,14.821865,120.298636,14.81911,120.283833,07:40:08,07:47:09,Clear
9733,2024-05-18,14.818656,120.283927,14.789372,120.282214,22:21:16,22:38:52,Mostly Clear
9734,2024-07-29,14.840484,120.286994,14.824855,120.280082,15:50:07,15:58:05,Cloudy
9735,2024-11-27,14.826412,120.283151,14.823665,120.289641,08:29:08,08:33:50,Mostly Clear
9736,2024-04-09,14.820299,120.284035,14.867901,120.292696,17:53:31,18:18:16,Clear
9737,2024-09-25,14.828932,120.280399,14.839294,120.284746,21:49:41,21:56:49,Drizzle
9738,2024-01-07,14.822519,120.300989,14.824352,120.282496,05:14:24,05:27:32,Cloudy
9739,2024-08-22,14.82397,120.27933,14.817654,120.284272,17:27:40,17:35:42,Violent Rain Showers
9740,2024-08-29,14.827905,120.281894,14.821951,120.2744,17:53:25,18:02:04,Rain
9741,2024-10-16,14.851623,120.263408,14.840122,120.28458,08:00:27,08:16:39,Partly Cloudy
9742,2024-03-31,14.837457,120.278434,14.817404,120.280969,09:09:29,09:16:59,Mostly Clear
9743,2024-12-12,14.826928,120.280111,14.830094,120.298567,06:48:18,06:58:04,Clear
9744,2024-12-13,14.848093,120.254439,14.820034,120.284228,15:02:28,15:26:47,Cloudy
9745,2024-12-23,14.820565,120.283978,14.824732,120.28334,18:13:58,18:17:58,Mostly Clear
9746,2024-07-18,14.887649,120.23763,14.815481,120.316577,21:31:10,22:14:43,Clear
9747,2024-01-17,14.839493,120.283661,14.82415,120.282673,06:20:06,06:30:47,Clear
9748,2024-08-28,14.820175,120.283472,14.8219,120.29796,19:06:31,19:12:58,Partly Cloudy
9749,2024-04-22,14.819887,120.284375,14.851974,120.263158,17:21:03,17:43:32,Mostly Clear
9750,2024-08-02,14.830196,120.273396,14.842665,120.287438,08:54:35,09:05:20,Partly Cloudy
9751,2024-11-07,14.836969,120.27892,14.819177,120.279195,19:59:37,20:14:27,Clear
9752,2024-10-06,14.841816,120.283081,14.824548,120.277616,06:50:26,07:00:51,Drizzle
9753,2024-11-03,14.823108,120.286937,14.827263,120.281845,07:08:22,07:13:49,Fog
9754,2024-01-23,14.832993,120.281828,14.815696,120.283607,07:02:13,07:14:00,Mostly Clear
9755,2024-03-30,14.827217,120.280134,14.873297,120.235565,12:00:05,12:23:30,Clear
9756,2024-03-08,14.821291,120.283486,14.887542,120.237557,05:23:12,05:48:14,Mostly Clear
9757,2024-02-05,14.838314,120.285962,14.867603,120.292607,17:00:32,17:23:26,Clear
9758,2024-11-03,14.828954,120.287377,14.829353,120.298727,07:44:59,07:52:43,Rain
9759,2024-12-21,14.841985,120.28671,14.797883,120.271907,07:45:35,08:06:41,Clear
9760,2024-01-03,14.8295,120.286697,14.887422,120.238225,06:13:38,06:56:50,Light Rain
9761,2024-07-27,14.850915,120.263211,14.876825,120.232056,06:36:24,07:00:14,Cloudy
9762,2024-11-22,14.873409,120.236052,14.825295,120.276973,06:31:54,07:00:05,Light Rain
9763,2024-02-09,14.836302,120.27786,14.820616,120.275105,18:30:53,18:43:19,Clear
9764,2024-01-07,14.792173,120.294777,14.877638,120.235038,06:29:11,07:34:03,Cloudy
9765,2024-11-06,14.823518,120.300475,14.823661,120.278605,06:13:13,06:28:03,Heavy Rain
9766,2024-06-30,14.822739,120.301045,14.764224,120.252844,09:22:00,09:48:16,Light Drizzle
9767,2024-11-03,14.821027,120.284346,14.837378,120.267163,10:14:31,10:24:22,Partly Cloudy
9768,2024-10-09,14.823441,120.287855,14.830555,120.288754,09:51:34,09:57:06,Mostly Clear
9769,2024-05-03,14.819732,120.284031,14.76474,120.293939,14:58:05,15:31:08,Mostly Clear
9770,2024-02-28,14.832976,120.282527,14.82175,120.278759,18:57:29,19:04:46,Light Drizzle
9771,2024-03-11,14.819646,120.283672,14.824993,120.280266,19:06:04,19:11:01,Light Drizzle
9772,2024-06-25,14.848905,120.25464,14.819366,120.283521,20:37:30,20:53:26,Heavy Rain Showers
9773,2024-12-09,14.82919,120.287442,14.887041,120.237462,10:15:06,10:50:31,Dense Drizzle
9774,2024-01-01,14.842481,120.287651,14.806579,120.322543,12:19:25,12:40:24,Mostly Clear
9775,2024-07-08,14.839643,120.283462,14.825523,120.279782,18:44:36,18:55:07,Light Drizzle
9776,2024-07-01,14.839487,120.283752,14.822383,120.272494,18:53:10,19:04:11,Light Drizzle
9777,2024-07-09,14.887485,120.237305,14.821506,120.274871,17:28:16,18:15:57,Heavy Rain
9778,2024-09-27,14.822054,120.298444,14.824116,120.279555,15:30:12,15:37:43,Partly Cloudy
9779,2024-01-21,14.805777,120.322679,14.821393,120.271513,18:43:01,19:16:04,Clear
9780,2024-12-30,14.819916,120.276031,14.822714,120.30158,15:33:04,15:45:08,Mostly Clear
9781,2024-09-21,14.82091,120.283465,14.821253,120.274841,16:32:42,16:37:22,Fog
9782,2024-06-06,14.827874,120.286655,14.839135,120.284302,06:01:05,06:07:49,Light Rain
9783,2024-10-09,14.848075,120.254536,14.822604,120.301486,06:40:59,07:15:38,Light Rain
9784,2024-10-13,14.828129,120.295449,14.829042,120.281189,18:55:37,19:03:16,Partly Cloudy
9785,2024-06-16,14.877187,120.231418,14.848928,120.291112,19:54:42,20:24:33,Rain Showers
9786,2024-06-05,14.841675,120.286482,14.829391,120.286926,18:55:32,19:02:40,Mostly Clear
9787,2024-02-04,14.820495,120.284387,14.836129,120.282442,17:04:50,17:12:06,Cloudy
9788,2024-03-12,14.835019,120.28134,14.824876,120.276769,07:25:26,07:33:26,Cloudy
9789,2024-11-05,14.836109,120.286751,14.838912,120.283761,18:54:38,18:59:57,Rain Showers
9790,2024-08-06,14.818462,120.284083,14.822695,120.301355,20:33:06,20:40:11,Partly Cloudy
9791,2024-02-29,14.823875,120.300425,14.848695,120.254589,07:41:54,08:10:45,Cloudy
9792,2024-03-05,14.840726,120.287068,14.838113,120.283057,07:38:52,07:42:18,Clear
9793,2024-10-09,14.820711,120.284492,14.87321,120.234807,20:22:22,20:47:11,Light Drizzle
9794,2024-05-18,14.876918,120.232143,14.764729,120.252956,19:44:29,20:43:42,Cloudy
9795,2024-11-09,14.81972,120.284569,14.826021,120.272785,06:04:36,06:17:48,Partly Cloudy
9796,2024-09-15,14.842658,120.287275,14.818277,120.281943,05:35:51,05:50:59,Partly Cloudy
9797,2024-02-04,14.842247,120.287028,14.821897,120.274386,17:31:23,17:41:51,Mostly Clear
9798,2024-08-28,14.826552,120.272586,14.841981,120.283359,18:57:46,19:09:19,Clear
9799,2024-03-23,14.841518,120.287709,14.877291,120.232554,16:28:39,16:54:03,Mostly Clear
9800,2024-09-27,14.824669,120.282922,14.825075,120.279753,09:04:47,09:07:55,Heavy Rain Showers
9801,2024-09-11,14.821267,120.27407,14.843207,120.286373,10:38:30,10:47:35,Rain
9802,2024-08-08,14.824867,120.281002,14.825905,120.27322,08:24:18,08:31:31,Light Rain
9803,2024-02-03,14.821155,120.27549,14.815965,120.283699,06:43:42,06:51:13,Cloudy
9804,2024-07-05,14.833128,120.282241,14.797863,120.2721,12:49:44,13:11:13,Cloudy
9805,2024-12-21,14.88196,120.2364,14.827642,120.281842,06:25:13,06:56:26,Clear
9806,2024-10-23,14.819808,120.283612,14.830565,120.289103,05:08:14,05:13:24,Cloudy
9807,2024-04-20,14.842381,120.287694,14.852154,120.256624,05:47:52,06:06:51,Partly Cloudy
9808,2024-03-07,14.823306,120.287076,14.841964,120.286043,10:02:34,10:10:40,Mostly Clear
9809,2024-11-26,14.843437,120.287468,14.838543,120.283586,17:15:56,17:20:45,Partly Cloudy
9810,2024-01-21,14.824138,120.300342,14.882519,120.23624,17:13:26,17:46:51,Mostly Clear
9811,2024-07-22,14.856116,120.289963,14.827978,120.285695,18:38:37,18:58:05,Thunderstorm
9812,2024-05-09,14.820624,120.284463,14.822203,120.272529,22:03:10,22:10:33,Cloudy
9813,2024-10-24,14.819981,120.283703,14.835292,120.287953,18:18:11,18:28:04,Heavy Rain
9814,2024-06-16,14.840481,120.287192,14.822827,120.301784,08:13:44,08:26:20,Rain
9815,2024-01-17,14.835582,120.28713,14.819579,120.279052,18:46:19,18:56:39,Mostly Clear
9816,2024-09-03,14.849536,120.290718,14.887884,120.237467,14:51:01,15:28:00,Partly Cloudy
9817,2024-11-03,14.840224,120.284972,14.82817,120.285784,13:59:55,14:08:30,Mostly Clear
9818,2024-04-23,14.822355,120.272619,14.821123,120.271078,13:07:37,13:11:24,Partly Cloudy
9819,2024-08-09,14.818042,120.281026,14.843074,120.282189,19:09:08,19:25:39,Clear
9820,2024-11-20,14.824987,120.28015,14.839604,120.284867,09:14:19,09:21:41,Light Drizzle
9821,2024-09-17,14.848074,120.25458,14.840259,120.285018,15:44:45,16:00:01,Partly Cloudy
9822,2024-11-26,14.77626,120.308109,14.830568,120.288861,17:54:44,18:23:02,Light Rain
9823,2024-02-08,14.821138,120.284532,14.822375,120.298366,18:44:25,18:54:28,Dense Drizzle
9824,2024-06-09,14.856943,120.289586,14.82506,120.282244,17:38:26,17:55:46,Mostly Clear
9825,2024-09-26,14.82719,120.287345,14.764478,120.293189,21:43:26,22:11:28,Drizzle
9826,2024-07-20,14.827217,120.282409,14.824412,120.27987,19:49:26,19:52:42,Cloudy
9827,2024-01-03,14.824271,120.279499,14.824966,120.277294,08:01:07,08:05:00,Clear
9828,2024-01-15,14.881818,120.236264,14.823932,120.280148,06:20:26,06:55:28,Cloudy
9829,2024-11-30,14.833538,120.282432,14.838159,120.285388,19:18:33,19:24:31,Mostly Clear
9830,2024-08-28,14.849615,120.264351,14.829388,120.287603,07:59:31,08:15:25,Thunderstorm
9831,2024-02-18,14.839314,120.28417,14.818188,120.284513,07:20:09,07:34:52,Mostly Clear
9832,2024-11-24,14.817789,120.281356,14.836606,120.284027,19:52:49,20:00:25,Light Drizzle
9833,2024-12-24,14.837753,120.28598,14.764519,120.252173,17:57:33,18:38:38,Partly Cloudy
9834,2024-04-03,14.829946,120.298941,14.818414,120.278351,18:59:58,19:12:35,Rain Showers
9835,2024-08-08,14.818085,120.281313,14.847608,120.254077,17:15:02,17:45:09,Partly Cloudy
9836,2024-03-30,14.821113,120.278595,14.817568,120.281399,08:25:33,08:30:02,Mostly Clear
9837,2024-06-28,14.820441,120.275767,14.842705,120.287481,07:43:10,07:56:16,Light Rain
9838,2024-08-06,14.877308,120.232826,14.830316,120.28904,14:40:11,15:06:48,Mostly Clear
9839,2024-02-20,14.825101,120.277063,14.823894,120.289502,20:30:11,20:36:09,Mostly Clear
9840,2024-05-12,14.84883,120.291508,14.839489,120.285085,07:56:31,08:02:37,Partly Cloudy
9841,2024-08-14,14.856809,120.289939,14.822954,120.283327,18:29:18,18:45:33,Partly Cloudy
9842,2024-02-23,14.820527,120.277218,14.835467,120.287889,13:48:50,13:55:49,Clear
9843,2024-08-09,14.872965,120.235137,14.876484,120.231423,08:46:36,08:51:16,Rain
9844,2024-03-26,14.838351,120.285525,14.83583,120.290166,09:39:18,09:43:58,Clear
9845,2024-01-16,14.887462,120.237682,14.832913,120.282412,11:03:32,11:31:19,Clear
9846,2024-01-22,14.824775,120.282655,14.873462,120.235796,13:13:37,13:37:46,Cloudy
9847,2024-01-14,14.840908,120.286665,14.823936,120.279291,08:51:39,09:03:06,Clear
9848,2024-02-28,14.842757,120.287241,14.818991,120.283449,07:11:53,07:26:12,Rain
9849,2024-02-27,14.829748,120.29878,14.838895,120.28289,09:04:30,09:12:44,Mostly Clear
9850,2024-10-07,14.837628,120.2789,14.820059,120.284274,19:27:55,19:40:34,Cloudy
9851,2024-11-10,14.837622,120.285903,14.829878,120.28917,05:32:37,05:38:00,Partly Cloudy
9852,2024-01-10,14.82837,120.281949,14.81787,120.284462,17:36:55,17:46:06,Clear
9853,2024-01-29,14.775849,120.307724,14.822929,120.287054,17:13:28,17:52:24,Mostly Clear
9854,2024-01-05,14.821488,120.276136,14.830499,120.289198,08:25:06,08:34:57,Dense Drizzle
9855,2024-09-20,14.82494,120.277456,14.820461,120.276561,17:18:26,17:22:54,Light Rain
9856,2024-08-31,14.824598,120.280165,14.829977,120.289638,06:40:40,06:48:30,Drizzle
9857,2024-02-21,14.820654,120.284027,14.848734,120.315271,17:34:40,17:59:12,Cloudy
9858,2024-05-31,14.828269,120.281961,14.820281,120.28355,12:20:19,12:24:35,Partly Cloudy
9859,2024-08-27,14.838286,120.285852,14.81972,120.283916,15:10:14,15:18:27,Light Rain
9860,2024-08-16,14.829158,120.286928,14.85233,120.256189,16:44:22,17:08:49,Cloudy
9861,2024-03-16,14.837177,120.278618,14.825062,120.277704,15:23:49,15:29:18,Clear
9862,2024-04-04,14.837218,120.278416,14.821075,120.275596,09:51:49,10:01:50,Rime Fog
9863,2024-01-08,14.84045,120.28627,14.838579,120.28316,18:51:53,18:55:50,Partly Cloudy
9864,2024-09-21,14.825998,120.272341,14.839628,120.285461,18:26:17,18:40:40,Light Rain
9865,2024-01-28,14.826397,120.272821,14.815023,120.283547,13:44:33,13:51:32,Clear
9866,2024-10-31,14.828899,120.286924,14.820584,120.284226,06:54:07,07:00:52,Light Rain
9867,2024-04-06,14.818678,120.284523,14.838541,120.282958,17:25:47,17:37:36,Partly Cloudy
9868,2024-04-06,14.820789,120.283979,14.836074,120.286577,13:44:32,13:52:07,Clear
9869,2024-04-23,14.836203,120.289628,14.84005,120.28489,18:45:15,18:51:04,Partly Cloudy
9870,2024-08-08,14.823706,120.289839,14.839352,120.283846,08:27:08,08:35:58,Light Drizzle
9871,2024-05-03,14.837927,120.267588,14.820239,120.275603,17:57:57,18:08:42,Drizzle
9872,2024-01-07,14.82269,120.30216,14.839232,120.283684,11:05:17,11:17:23,Partly Cloudy
9873,2024-09-04,14.8482,120.3147,14.817453,120.283676,14:23:48,14:38:23,Light Drizzle
9874,2024-07-10,14.820477,120.276317,14.822104,120.272858,17:41:08,17:44:22,Light Rain
9875,2024-07-21,14.797748,120.271891,14.877989,120.235226,06:59:46,07:34:56,Light Rain
9876,2024-03-24,14.839053,120.283794,14.849011,120.291424,17:42:51,17:52:01,Cloudy
9877,2024-07-06,14.829265,120.28732,14.824334,120.279369,07:26:52,07:32:00,Clear
9878,2024-06-19,14.829381,120.2809,14.822128,120.298413,17:17:19,17:31:43,Rain
9879,2024-01-09,14.867565,120.292236,14.836246,120.283287,06:15:11,06:30:11,Cloudy
9880,2024-04-23,14.833012,120.281722,14.825077,120.277654,06:28:49,06:37:03,Partly Cloudy
9881,2024-08-28,14.841634,120.286996,14.822437,120.272246,14:02:20,14:18:59,Light Rain
9882,2024-07-28,14.824261,120.279852,14.821893,120.274379,05:45:00,05:49:28,Mostly Clear
9883,2024-02-09,14.824068,120.289469,14.817722,120.28407,08:29:12,08:36:09,Partly Cloudy
9884,2024-02-22,14.83585,120.287554,14.819897,120.276346,06:05:11,06:15:14,Clear
9885,2024-03-15,14.824936,120.280026,14.821996,120.298531,06:23:25,06:37:28,Mostly Clear
9886,2024-10-30,14.82497,120.27791,14.821772,120.298162,17:27:51,17:39:21,Drizzle
9887,2024-10-21,14.820452,120.275219,14.823132,120.288098,06:26:51,06:34:44,Rain Showers
9888,2024-06-07,14.820887,120.271786,14.835335,120.281941,19:12:22,19:24:30,Rain
9889,2024-03-05,14.83778,120.279465,14.824782,120.28303,18:23:56,18:31:59,Partly Cloudy
9890,2024-07-13,14.82384,120.288907,14.805293,120.322479,06:49:34,07:20:59,Drizzle
9891,2024-07-10,14.820795,120.275019,14.817774,120.281086,08:27:44,08:34:41,Cloudy
9892,2024-03-13,14.80592,120.322771,14.826481,120.287628,19:49:41,20:10:12,Clear
9893,2024-08-11,14.839606,120.283751,14.848773,120.25415,17:32:25,17:51:00,Mostly Clear
9894,2024-06-25,14.815047,120.283198,14.887916,120.237726,21:01:41,21:29:53,Partly Cloudy
9895,2024-10-23,14.764987,120.253195,14.819772,120.284358,22:49:16,23:24:50,Rain Showers
9896,2024-10-18,14.82952,120.299083,14.821165,120.274971,21:42:52,21:53:17,Fog
9897,2024-05-13,14.82117,120.275367,14.82977,120.298538,05:25:25,05:39:10,Clear
9898,2024-05-17,14.833178,120.282239,14.830482,120.273809,19:17:01,19:25:21,Clear
9899,2024-01-17,14.828912,120.286535,14.842775,120.287239,07:12:50,07:24:26,Rain
9900,2024-08-05,14.839925,120.283706,14.820978,120.277882,18:40:32,19:00:07,Cloudy
9901,2024-03-03,14.848783,120.290845,14.821208,120.275363,21:18:52,21:32:54,Partly Cloudy
9902,2024-07-19,14.776203,120.30785,14.841335,120.285861,21:06:21,21:32:33,Fog
9903,2024-10-19,14.887703,120.238,14.849405,120.265438,18:08:47,18:44:28,Cloudy
9904,2024-05-02,14.825041,120.281801,14.827639,120.281785,08:45:42,08:48:23,Clear
9905,2024-02-29,14.833109,120.285209,14.837983,120.278754,07:50:32,07:56:56,Light Drizzle
9906,2024-04-15,14.847636,120.254196,14.848672,120.255338,09:55:39,09:59:04,Clear
9907,2024-01-16,14.828935,120.281078,14.818948,120.28477,22:43:08,22:48:54,Partly Cloudy
9908,2024-08-06,14.815144,120.31699,14.772148,120.25819,17:44:48,18:15:34,Heavy Rain
9909,2024-08-21,14.828719,120.281782,14.830375,120.273837,13:29:46,13:36:10,Partly Cloudy
9910,2024-11-23,14.843262,120.286269,14.823183,120.287319,05:06:51,05:16:03,Mostly Clear
9911,2024-12-04,14.82382,120.30052,14.823107,120.301142,16:54:38,16:57:03,Clear
9912,2024-11-27,14.81951,120.284598,14.815681,120.283297,21:26:57,21:30:30,Clear
9913,2024-02-03,14.820338,120.283639,14.821193,120.274053,09:12:56,09:18:28,Partly Cloudy
9914,2024-04-10,14.820683,120.283384,14.792093,120.294247,19:39:38,19:53:54,Partly Cloudy
9915,2024-01-08,14.820095,120.284285,14.791966,120.293929,17:31:00,17:50:07,Mostly Clear
9916,2024-10-25,14.82302,120.287311,14.835624,120.281505,08:08:13,08:15:51,Light Rain
9917,2024-02-22,14.83941,120.282954,14.827811,120.281583,18:50:06,18:59:50,Mostly Clear
9918,2024-03-23,14.839299,120.283464,14.826544,120.272963,12:34:20,12:43:24,Clear
9919,2024-10-05,14.822669,120.272265,14.822868,120.283125,09:26:05,09:34:59,Partly Cloudy
9920,2024-04-01,14.835103,120.287459,14.848918,120.254716,13:56:48,14:08:21,Partly Cloudy
9921,2024-09-06,14.843399,120.285717,14.847554,120.254454,07:09:16,07:24:00,Mostly Clear
9922,2024-09-25,14.830564,120.274432,14.840169,120.282967,06:18:01,06:30:07,Rain Showers
9923,2024-04-24,14.806591,120.322706,14.815157,120.316466,12:51:29,12:58:08,Partly Cloudy
9924,2024-02-10,14.79806,120.272248,14.83912,120.284985,18:39:11,18:58:08,Cloudy
9925,2024-05-31,14.830433,120.288733,14.817903,120.281393,08:57:11,09:05:14,Partly Cloudy
9926,2024-05-15,14.851653,120.256319,14.877755,120.234912,14:49:21,15:02:42,Mostly Clear
9927,2024-11-02,14.818636,120.284404,14.836739,120.283653,19:09:28,19:20:19,Light Drizzle
9928,2024-11-11,14.842265,120.287153,14.852221,120.256672,18:18:09,18:36:32,Mostly Clear
9929,2024-03-10,14.824501,120.28267,14.837012,120.267154,07:00:17,07:13:13,Drizzle
9930,2024-08-18,14.837986,120.285237,14.849003,120.254788,18:00:09,18:17:32,Partly Cloudy
9931,2024-09-17,14.82914,120.2872,14.835159,120.281713,06:07:39,06:12:39,Rain Showers
9932,2024-05-02,14.834864,120.287242,14.839907,120.286445,06:02:11,06:07:12,Mostly Clear
9933,2024-02-11,14.832875,120.282048,14.849239,120.264995,18:47:07,19:09:03,Clear
9934,2024-06-09,14.821507,120.273843,14.823162,120.301803,19:58:22,20:16:32,Rain
9935,2024-10-05,14.815771,120.283462,14.817873,120.281246,07:33:20,07:38:00,Light Rain
9936,2024-03-28,14.818771,120.278251,14.823166,120.287434,18:07:48,18:16:14,Mostly Clear
9937,2024-04-01,14.830864,120.289192,14.84212,120.287256,13:50:24,13:54:45,Clear
9938,2024-02-10,14.805587,120.322045,14.843529,120.286788,18:55:25,19:23:19,Partly Cloudy
9939,2024-05-01,14.881369,120.236673,14.821143,120.278095,18:23:49,19:01:30,Partly Cloudy
9940,2024-10-05,14.823688,120.289386,14.881859,120.237024,09:26:58,09:54:40,Clear
9941,2024-03-25,14.829499,120.29879,14.819996,120.284184,16:44:09,16:54:22,Mostly Clear
9942,2024-06-03,14.764815,120.293771,14.8199,120.284131,16:56:57,17:18:05,Cloudy
9943,2024-05-16,14.856804,120.289817,14.82553,120.277222,13:22:24,13:36:44,Clear
9944,2024-10-16,14.842441,120.287958,14.839777,120.284937,07:08:42,07:14:32,Fog
9945,2024-02-17,14.887846,120.237858,14.838464,120.286456,09:33:19,10:09:08,Clear
9946,2024-04-26,14.835041,120.282156,14.776142,120.30827,16:26:06,16:59:45,Mostly Clear
9947,2024-02-11,14.821481,120.273839,14.764322,120.252879,09:14:50,09:38:31,Clear
9948,2024-11-24,14.828196,120.294644,14.837152,120.2788,17:44:38,17:54:09,Fog
9949,2024-10-13,14.821122,120.283781,14.821188,120.274479,20:27:27,20:34:23,Fog
9950,2024-02-29,14.772182,120.258088,14.82103,120.2835,20:38:42,21:02:40,Clear
9951,2024-05-26,14.818941,120.2785,14.824188,120.290105,18:20:25,18:29:57,Mostly Clear
9952,2024-10-04,14.823548,120.289346,14.817951,120.28197,07:48:52,07:58:12,Drizzle
9953,2024-09-03,14.815654,120.283976,14.805578,120.323027,19:36:49,19:58:29,Mostly Clear
9954,2024-09-17,14.805927,120.322921,14.828662,120.294229,17:35:36,18:01:24,Cloudy
9955,2024-04-03,14.828512,120.281549,14.827843,120.286146,17:01:51,17:05:54,Cloudy
9956,2024-09-02,14.828186,120.294392,14.839917,120.284215,18:08:00,18:19:27,Drizzle
9957,2024-07-09,14.820097,120.27609,14.818002,120.284467,06:57:31,07:02:55,Cloudy
9958,2024-04-12,14.806319,120.323444,14.820749,120.276049,16:33:11,16:56:03,Partly Cloudy
9959,2024-04-26,14.835451,120.282421,14.820671,120.284007,17:14:30,17:24:05,Mostly Clear
9960,2024-05-27,14.842985,120.28612,14.83712,120.27745,06:19:47,06:27:10,Clear
9961,2024-04-03,14.821976,120.298345,14.805921,120.322814,11:59:15,12:13:37,Mostly Clear
9962,2024-03-04,14.848729,120.290841,14.826688,120.283579,21:03:21,21:13:30,Mostly Clear
9963,2024-03-16,14.823699,120.289703,14.792083,120.294623,07:41:10,08:01:03,Mostly Clear
9964,2024-12-29,14.826761,120.280325,14.818916,120.283485,19:35:08,19:41:53,Partly Cloudy
9965,2024-04-07,14.842946,120.28716,14.815813,120.283627,06:14:35,06:25:38,Cloudy
9966,2024-12-19,14.842038,120.287518,14.837061,120.277934,15:14:17,15:19:52,Mostly Clear
9967,2024-11-14,14.821544,120.278533,14.84245,120.286951,16:09:27,16:18:05,Rain Showers
9968,2024-03-09,14.82383,120.2804,14.825126,120.280079,18:47:12,18:50:31,Clear
9969,2024-03-14,14.820083,120.284052,14.821628,120.298943,15:52:35,15:59:55,Cloudy
9970,2024-04-09,14.843413,120.286221,14.823427,120.289731,16:00:34,16:14:41,Mostly Clear
9971,2024-05-08,14.829333,120.280776,14.824761,120.28219,18:41:17,18:45:51,Partly Cloudy
9972,2024-01-02,14.819342,120.284485,14.828963,120.286417,14:04:08,14:08:59,Clear
9973,2024-08-19,14.836305,120.282654,14.817786,120.284158,21:55:58,22:05:19,Light Drizzle
9974,2024-02-27,14.772115,120.258033,14.823991,120.289219,17:41:30,18:15:09,Partly Cloudy
9975,2024-02-28,14.877637,120.234768,14.776712,120.30777,12:58:04,13:45:33,Mostly Clear
9976,2024-08-08,14.836546,120.283966,14.82472,120.277957,11:05:54,11:14:32,Cloudy
9977,2024-09-07,14.842493,120.287115,14.839754,120.284793,12:37:45,12:41:31,Light Rain
9978,2024-06-02,14.819501,120.283845,14.820017,120.284068,13:40:44,13:43:51,Partly Cloudy
9979,2024-12-07,14.837629,120.286233,14.823209,120.287396,17:53:35,18:08:26,Clear
9980,2024-03-31,14.830332,120.298874,14.821006,120.278193,18:01:53,18:13:46,Clear
9981,2024-05-27,14.877192,120.235415,14.84249,120.287418,19:05:31,19:31:24,Fog
9982,2024-08-27,14.823524,120.300685,14.824137,120.27979,06:21:24,06:33:44,Clear
9983,2024-08-03,14.83749,120.278704,14.82234,120.272458,18:06:39,18:19:10,Thunderstorm
9984,2024-03-28,14.806028,120.322092,14.797165,120.271883,12:10:04,12:27:16,Mostly Clear
9985,2024-10-21,14.827019,120.280241,14.828565,120.285883,19:34:45,19:39:48,Heavy Rain Showers
9986,2024-10-08,14.81912,120.28365,14.830902,120.289491,08:30:27,08:39:52,Partly Cloudy
9987,2024-09-29,14.765414,120.293023,14.848913,120.290949,18:20:38,18:53:33,Partly Cloudy
9988,2024-09-19,14.839943,120.286524,14.820905,120.275344,08:19:16,08:35:23,Clear
9989,2024-03-28,14.819279,120.279475,14.877714,120.231855,12:52:25,13:27:26,Clear
9990,2024-01-16,14.873227,120.235323,14.829121,120.280786,06:28:08,07:14:46,Clear
9991,2024-04-22,14.818103,120.281624,14.836152,120.283133,19:03:53,19:14:55,Partly Cloudy
9992,2024-09-01,14.834969,120.281501,14.836843,120.267865,19:42:20,19:51:14,Cloudy
9993,2024-11-24,14.836497,120.278064,14.820334,120.275892,10:20:20,10:28:58,Mostly Clear
9994,2024-08-27,14.838469,120.285506,14.842597,120.282076,17:19:20,17:24:29,Partly Cloudy
9995,2024-04-15,14.887573,120.238053,14.820857,120.278463,17:08:20,17:42:25,Clear
9996,2024-05-04,14.848674,120.25496,14.826416,120.283148,07:28:01,07:50:44,Clear
9997,2024-07-27,14.828796,120.279582,14.820675,120.283987,06:00:55,06:08:57,Light Drizzle
9998,2024-08-21,14.848867,120.291002,14.82553,120.280086,06:26:19,06:41:38,Cloudy
9999,2024-07-09,14.816102,120.283441,14.836222,120.283198,18:34:41,18:51:20,Heavy Rain
10000,2024-03-18,14.849301,120.26477,14.776208,120.307557,21:34:13,22:22:17,Partly Cloudy
